Philippines,Jul-Dec 2006 harvest,,,Jan-Jun 2007 harvest,,,Jul-Dec 2011 harvest,,,Jan-Jun 2012 harvest,,,Jul-Dec 2016 harvest,,,Jan-Jun 2017 harvest,,
Frequency of fertilizer application,ALL ECOSYSTEMS,IRRIGATED,NON-IRRIGATED,ALL ECOSYSTEMS,IRRIGATED,NON-IRRIGATED,ALL ECOSYSTEMS,IRRIGATED,NON-IRRIGATED,ALL ECOSYSTEMS,IRRIGATED,NON-IRRIGATED,ALL ECOSYSTEMS,IRRIGATED,NON-IRRIGATED,ALL ECOSYSTEMS,IRRIGATED,NON-IRRIGATED
,"(n = 1,993)","(n = 1,387)",(n = 606),"(n = 1,940)","(n = 1,661)",(n = 279),"(n = 2,399)","(n = 1,847)",(n = 552),"(n = 2,051)","(n = 1,640)",(n = 411),"(n = 2,969)","(n = 2,103)",(n = 866),"(n = 2,721)","(n = 2,156)",(n = 565)
,(Percent of farmers),,,,,,,,,,,,,,,,,
Seedbed*,,,,,,,,,,,,,,,,,,
     once,84,83,88,53,56,39,54,54,51,52,55,37,44,45,43,2,2,1
     twice,16,17,12,4,4,2,12,14,3,10,11,3,20,21,17,0,0,0
     thrice,0,0,0,0,0,0,1,1,0,0,0,0,3,4,1,0,0,0
     4 times,0,0,0,0,0,0,0,0,0,0,0,0,1.7,1.8,1.8,0,0,0
     5 times,0,0,0,0,0,0,0,0,0,0,0,0,0.1,0.1,0.2,0,0,0
     6 times,0,0,0,0,0,0,0,0,0,0,0,0,0.1,0,0.2,0,0,0
     did not apply,0,0,0,43,39,59,34,31,46,39,33,61,30,27,36,98,98,99
Pre-establishment,,,,,,,,,,,,,,,,,,
     once,..,..,..,9,8,9,7,7,4,8,8,7,5,6,5,0,0,0
     twice,..,..,..,0,0,0,0,0,0,0,0,0,2,1,2,0,0,0
     thrice,0,0,0,0,0,0,0,0,0,0,0,0,0.2,0.2,0.4,0,0,0
     did not apply,..,..,..,91,91,91,93,92,96,92,92,93,93,93,93,100,100,100
Standing,,,,,,,,,,,,,,,,,,
     once,20,15,31,25,23,35,17,15,26,19,16,30,9,6,12,14,14,25
     twice,58,63,45,53,55,39,62,64,56,58,61,43,29,27,33,50,57,54
     thrice,13,15,9,14,16,4,13,15,7,15,16,8,21,22,19,19,24,12
     4 times,2,2,2,3,3,2,2,3,1,3,3,2,22,23,20,2,2,1
     5 times,0,1,0,1,1,0,1,1,0,1,1,0,9,10,5,0,0,0
     6 times,0,0,0,0,0,0,0,0,0,0,0,0,5,6,2,0,0,0
     7 times,0,0,0,0.1,0.1,0,0,0.1,0,0,0,0,1.3,1.3,1.3,0,0,0
     8 times,0.3,0.4,0,0,0,0,0,0,0,0,0.1,0,0.4,0.5,0.2,0,0,0
     9 times,0,0,0,0,0,0,0,0,0,0,0,0,0.3,0.4,0,0,0,0
     10 times,0,0,0,0,0,0,0,0,0,0,0,0,0.1,0,0.1,0,0,0
     12 times,0,0,0,0.1,0.1,0,0,0,0,0,0,0,0,0,0,0,0,0
     did not apply,6,3,13,6,2,20,5,3,10,5,3,16,4,3,6,15,2,9
Ilocos Norte,Jul-Dec 2006 harvest,,,Jan-Jun 2007 harvest,,,Jul-Dec 2011 harvest,,,Jan-Jun 2012 harvest,,,Jul-Dec 2016 harvest,,,Jan-Jun 2017 harvest,,
Frequency of fertilizer application,ALL ECOSYSTEMS,IRRIGATED,NON-IRRIGATED,ALL ECOSYSTEMS,IRRIGATED,NON-IRRIGATED,ALL ECOSYSTEMS,IRRIGATED,NON-IRRIGATED,ALL ECOSYSTEMS,IRRIGATED,NON-IRRIGATED,ALL ECOSYSTEMS,IRRIGATED,NON-IRRIGATED,ALL ECOSYSTEMS,IRRIGATED,NON-IRRIGATED
,(n = 57),(n = 42),(n = 15),(n = 56),(n = 54),(n = 2),(n = 60),(n = 57),(n = 3),(n = 33),(n = 33),(n = 0),(n = 60),(n = 48),(n = 12),(n = 37),(n = 37),(n = 0)
,(Percent of farmers),,,,,,,,,,,,,,,,,
Seedbed*,,,,,,,,,,,,,,,,,,
     once,52,47,69,67,64,100,80,79,100,39,39,0,37,35,42,0,0,0
     twice,48,53,31,27,29,0,20,21,0,61,61,0,38,35,50,0,0,0
     thrice,0,0,0,7,7,0,0,0,0,0,0,0,8,10,0,0,0,0
     4 times,0,0,0,0,0,0,0,0,0,0,0,0,5,6,0,0,0,0
     did not apply,0,0,0,0,0,0,0,0,0,0,0,0,12,13,8,100,100,0
Pre-establishment,,,,,,,,,,,,,,,,,,
     once,..,..,..,37,39,0,2,2,0,9,9,0,18,17,25,0,0,0
     twice,..,..,..,0,0,0,0,0,0,0,0,0,5,4,8,0,0,0
     did not apply,..,..,..,63,61,100,98,98,100,91,91,0,77,79,67,100,100,0
Standing,,,,,,,,,,,,,,,,,,
     once,30,25,44,60,57,100,3,4,0,12,12,0,8,8,8,17,27,0
     twice,55,55,56,40,43,0,92,91,100,82,82,0,28,27,33,32,51,0
     thrice,14,20,0,0,0,0,5,5,0,6,6,0,25,27,17,3,5,0
     4 times,0,0,0,0,0,0,0,0,0,0,0,0,22,19,33,0,0,0
     5 times,0,0,0,0,0,0,0,0,0,0,0,0,8,10,0,0,0,0
     6 times,0,0,0,0,0,0,0,0,0,0,0,0,1.7,2.1,0,0,0,0
     7 times,0,0,0,0,0,0,0,0,0,0,0,0,1.7,2.1,0,0,0,0
     did not apply,0,0,0,0,0,0,0,0,0,0,0,0,5,4,8,48,16,0
Pangasinan,Jul-Dec 2006 harvest,,,Jan-Jun 2007 harvest,,,Jul-Dec 2011 harvest,,,Jan-Jun 2012 harvest,,,Jul-Dec 2016 harvest,,,Jan-Jun 2017 harvest,,
Frequency of fertilizer application,ALL ECOSYSTEMS,IRRIGATED,NON-IRRIGATED,ALL ECOSYSTEMS,IRRIGATED,NON-IRRIGATED,ALL ECOSYSTEMS,IRRIGATED,NON-IRRIGATED,ALL ECOSYSTEMS,IRRIGATED,NON-IRRIGATED,ALL ECOSYSTEMS,IRRIGATED,NON-IRRIGATED,ALL ECOSYSTEMS,IRRIGATED,NON-IRRIGATED
,(n = 147),(n = 96),(n = 51),(n = 147),(n = 147),(n = 0),(n = 149),(n = 120),(n = 29),(n = 89),(n = 87),(n = 2),(n = 151),(n = 104),(n = 47),(n = 113),(n = 113),(n = 0)
,(Percent of farmers),,,,,,,,,,,,,,,,,
Seedbed*,,,,,,,,,,,,,,,,,,
     once,84,80,94,75,75,0,69,71,57,67,67,0,53,52,57,0,0,0
     twice,16,20,6,4,4,0,13,14,10,4,4,0,37,38,33,0,0,0
     thrice,0,0,0,0,0,0,0,0,0,0,0,0,4,4,3,0,0,0
     4 times,0,0,0,0,0,0,0,0,0,0,0,0,3,2,7,0,0,0
     did not apply,0,0,0,21,21,0,18,15,33,29,29,0,3,4,0,100,100,0
Pre-establishment,,,,,,,,,,,,,,,,,,
     once,..,..,..,6,6,0,8,10,0,4,5,0,5,6,2,0,0,0
     twice,..,..,..,3,3,0,0,0,0,0,0,0,4,6,0,0,0,0
     did not apply,..,..,..,92,92,0,92,90,100,96,95,100,91,88,98,100,100,0
Standing,,,,,,,,,,,,,,,,,,
     once,21,14,36,19,19,0,23,16,52,15,15,0,5,1,15,5,6,0
     twice,57,64,44,54,54,0,54,59,31,66,67,50,15,11,23,46,62,0
     thrice,13,13,13,22,22,0,13,16,3,17,16,50,27,28,26,19,26,0
     4 times,1,2,0,5,5,0,7,7,7,1,1,0,38,42,30,2,3,0
     5 times,2,3,0,0,0,0,1,1,0,1,1,0,8,12,0,0,0,0
     6 times,0,0,0,0,0,0,0,0,0,0,0,0,3,5,0,1,1,0
     7 times,0,0,0,0,0,0,0,0,0,0,0,0,1.3,0,4.3,0,0,0
     8 times,0.7,1.1,0,0,0,0,0,0,0,0,0,0,0.7,1,0,0,0,0
     10 times,0,0,0,0,0,0,0,0,0,0,0,0,0.7,1,0,0,0,0
     did not apply,5,3,7,0,0,0,3,2,7,0,0,0,1,0,2,27,3,0
Apayao,Jul-Dec 2006 harvest,,,Jan-Jun 2007 harvest,,,Jul-Dec 2011 harvest,,,Jan-Jun 2012 harvest,,,Jul-Dec 2016 harvest,,,Jan-Jun 2017 harvest,,
Frequency of fertilizer application,ALL ECOSYSTEMS,IRRIGATED,NON-IRRIGATED,ALL ECOSYSTEMS,IRRIGATED,NON-IRRIGATED,ALL ECOSYSTEMS,IRRIGATED,NON-IRRIGATED,ALL ECOSYSTEMS,IRRIGATED,NON-IRRIGATED,ALL ECOSYSTEMS,IRRIGATED,NON-IRRIGATED,ALL ECOSYSTEMS,IRRIGATED,NON-IRRIGATED
,(n = 0),(n = 0),(n = 0),(n = 0),(n = 0),(n = 0),(n = 0),(n = 0),(n = 0),(n = 0),(n = 0),(n = 0),(n = 60),(n = 47),(n = 13),(n = 60),(n = 56),(n = 4)
,(Percent of farmers),,,,,,,,,,,,,,,,,
Seedbed*,,,,,,,,,,,,,,,,,,
     once,..,..,..,0,0,0,0,0,0,0,0,0,33,32,38,0,0,0
     twice,..,..,..,0,0,0,0,0,0,0,0,0,40,40,38,0,0,0
     thrice,0,0,0,0,0,0,0,0,0,0,0,0,15,15,15,0,0,0
     4 times,0,0,0,0,0,0,0,0,0,0,0,0,8,11,0,0,0,0
     did not apply,..,..,..,0,0,0,0,0,0,0,0,0,3,2,8,100,100,100
Pre-establishment,,,,,,,,,,,,,,,,,,
     once,..,..,..,0,0,0,0,0,0,0,0,0,5,4,8,0,0,0
     did not apply,..,..,..,0,0,0,0,0,0,0,0,0,95,96,92,100,100,100
Standing,,,,,,,,,,,,,,,,,,
     once,..,..,..,0,0,0,0,0,0,0,0,0,3,4,0,33,30,75
     twice,..,..,..,0,0,0,0,0,0,0,0,0,10,9,15,48,50,25
     thrice,0,0,0,0,0,0,0,0,0,0,0,0,30,32,23,8,9,0
     4 times,0,0,0,0,0,0,0,0,0,0,0,0,45,43,54,0,0,0
     5 times,0,0,0,0,0,0,0,0,0,0,0,0,7,9,0,0,0,0
     6 times,0,0,0,0,0,0,0,0,0,0,0,0,5,4,8,0,0,0
     did not apply,..,..,..,0,0,0,0,0,0,0,0,0,0,0,0,10,11,0
Kalinga,Jul-Dec 2006 harvest,,,Jan-Jun 2007 harvest,,,Jul-Dec 2011 harvest,,,Jan-Jun 2012 harvest,,,Jul-Dec 2016 harvest,,,Jan-Jun 2017 harvest,,
Frequency of fertilizer application,ALL ECOSYSTEMS,IRRIGATED,NON-IRRIGATED,ALL ECOSYSTEMS,IRRIGATED,NON-IRRIGATED,ALL ECOSYSTEMS,IRRIGATED,NON-IRRIGATED,ALL ECOSYSTEMS,IRRIGATED,NON-IRRIGATED,ALL ECOSYSTEMS,IRRIGATED,NON-IRRIGATED,ALL ECOSYSTEMS,IRRIGATED,NON-IRRIGATED
,(n = 0),(n = 0),(n = 0),(n = 0),(n = 0),(n = 0),(n = 0),(n = 0),(n = 0),(n = 0),(n = 0),(n = 0),(n = 60),(n = 47),(n = 13),(n = 58),(n = 52),(n = 6)
,(Percent of farmers),,,,,,,,,,,,,,,,,
Seedbed*,,,,,,,,,,,,,,,,,,
     once,..,..,..,0,0,0,0,0,0,0,0,0,46,46,45,0,0,0
     twice,..,..,..,0,0,0,0,0,0,0,0,0,35,30,55,0,0,0
     thrice,0,0,0,0,0,0,0,0,0,0,0,0,10,14,0,0,0,0
     4 times,0,0,0,0,0,0,0,0,0,0,0,0,2.1,2.7,0,0,0,0
     did not apply,..,..,..,0,0,0,0,0,0,0,0,0,6,8,0,100,100,100
Pre-establishment,,,,,,,,,,,,,,,,,,
     once,..,..,..,0,0,0,0,0,0,0,0,0,15,13,23,0,0,0
     did not apply,..,..,..,0,0,0,0,0,0,0,0,0,85,87,77,100,100,100
Standing,,,,,,,,,,,,,,,,,,
     once,..,..,..,0,0,0,0,0,0,0,0,0,15,13,23,13,8,67
     twice,..,..,..,0,0,0,0,0,0,0,0,0,27,23,38,60,65,33
     thrice,0,0,0,0,0,0,0,0,0,0,0,0,13,13,15,20,23,0
     4 times,0,0,0,0,0,0,0,0,0,0,0,0,22,26,8,3,4,0
     5 times,0,0,0,0,0,0,0,0,0,0,0,0,8,11,0,0,0,0
     6 times,0,0,0,0,0,0,0,0,0,0,0,0,7,9,0,0,0,0
     8 times,0,0,0,0,0,0,0,0,0,0,0,0,1.7,2.1,0,0,0,0
     did not apply,..,..,..,0,0,0,0,0,0,0,0,0,7,4,15,3,0,0
Cagayan,Jul-Dec 2006 harvest,,,Jan-Jun 2007 harvest,,,Jul-Dec 2011 harvest,,,Jan-Jun 2012 harvest,,,Jul-Dec 2016 harvest,,,Jan-Jun 2017 harvest,,
Frequency of fertilizer application,ALL ECOSYSTEMS,IRRIGATED,NON-IRRIGATED,ALL ECOSYSTEMS,IRRIGATED,NON-IRRIGATED,ALL ECOSYSTEMS,IRRIGATED,NON-IRRIGATED,ALL ECOSYSTEMS,IRRIGATED,NON-IRRIGATED,ALL ECOSYSTEMS,IRRIGATED,NON-IRRIGATED,ALL ECOSYSTEMS,IRRIGATED,NON-IRRIGATED
,(n = 114),(n = 87),(n = 27),(n = 114),(n = 82),(n = 32),(n = 112),(n = 88),(n = 24),(n = 112),(n = 88),(n = 24),(n = 112),(n = 82),(n = 30),(n = 115),(n = 100),(n = 15)
,(Percent of farmers),,,,,,,,,,,,,,,,,
Seedbed*,,,,,,,,,,,,,,,,,,
     once,76,74,83,86,81,97,77,71,100,84,79,100,66,69,60,0,0,0
     twice,24,26,17,14,18,3,21,26,0,14,18,0,25,24,27,0,0,0
     thrice,0,0,0,0,0,0,0,0,0,0,0,0,3,3,3,0,0,0
     4 times,0,0,0,0,0,0,0,0,0,0,0,0,1.8,2.5,0,0,0,0
     did not apply,0,0,0,1,1,0,2,2,0,2,2,0,5,3,10,100,100,100
Pre-establishment,,,,,,,,,,,,,,,,,,
     once,..,..,..,19,23,9,20,23,8,23,26,13,27,27,23,0,0,0
     twice,..,..,..,0,0,0,1,1,0,0,0,0,8,10,3,0,0,0
     thrice,0,0,0,0,0,0,0,0,0,0,0,0,3,2,3,0,0,0
     did not apply,..,..,..,81,77,91,79,76,92,77,74,88,63,61,70,100,100,100
Standing,,,,,,,,,,,,,,,,,,
     once,23,20,32,17,9,39,23,22,29,21,19,29,25,20,40,27,20,73
     twice,54,56,49,54,57,45,53,56,42,58,60,50,41,41,37,65,71,27
     thrice,19,22,10,23,30,6,21,19,25,14,14,17,12,12,10,7,8,0
     4 times,3,2,4,4,5,3,4,3,4,4,6,0,5,7,0,1,1,0
     5 times,0,0,0,0,0,0,0,0,0,1,0,4,4,4,3,0,0,0
     6 times,0,0,0,0,0,0,0,0,0,0,0,0,2,1,3,0,0,0
     did not apply,1,0,4,2,0,6,0,0,0,1,1,0,12,15,7,1,0,0
Isabela,Jul-Dec 2006 harvest,,,Jan-Jun 2007 harvest,,,Jul-Dec 2011 harvest,,,Jan-Jun 2012 harvest,,,Jul-Dec 2016 harvest,,,Jan-Jun 2017 harvest,,
Frequency of fertilizer application,ALL ECOSYSTEMS,IRRIGATED,NON-IRRIGATED,ALL ECOSYSTEMS,IRRIGATED,NON-IRRIGATED,ALL ECOSYSTEMS,IRRIGATED,NON-IRRIGATED,ALL ECOSYSTEMS,IRRIGATED,NON-IRRIGATED,ALL ECOSYSTEMS,IRRIGATED,NON-IRRIGATED,ALL ECOSYSTEMS,IRRIGATED,NON-IRRIGATED
,(n = 89),(n = 74),(n = 15),(n = 89),(n = 75),(n = 14),(n = 114),(n = 90),(n = 24),(n = 115),(n = 90),(n = 25),(n = 112),(n = 94),(n = 18),(n = 116),(n = 104),(n = 12)
,(Percent of farmers),,,,,,,,,,,,,,,,,
Seedbed*,,,,,,,,,,,,,,,,,,
     once,86,88,74,70,70,72,88,88,90,74,80,53,64,64,69,0,0,0
     twice,12,10,26,7,5,17,9,9,10,20,17,32,27,27,23,0,0,0
     thrice,1,2,0,0,0,0,0,0,0,1,1,0,7,8,0,0,0,0
     4 times,0,0,0,0,0,0,0,0,0,0,0,0,1,1.2,0,0,0,0
     did not apply,0,0,0,23,25,11,2,3,0,4,1,16,1,0,8,100,100,100
Pre-establishment,,,,,,,,,,,,,,,,,,
     once,..,..,..,6,7,0,6,7,4,6,7,4,10,11,6,0,0,0
     twice,..,..,..,1,1.1,0,0,0,0,0,0,0,0.9,1.1,0,0,0,0
     did not apply,..,..,..,93,92,100,94,93,96,94,93,96,90,88,94,100,100,100
Standing,,,,,,,,,,,,,,,,,,
     once,9,7,23,19,19,24,11,4,38,4,4,4,5,4,11,9,7,25
     twice,68,68,67,65,63,76,81,86,63,80,83,68,30,21,67,72,74,50
     thrice,20,23,5,11,12,0,8,10,0,15,12,24,23,27,0,19,19,17
     4 times,1,0,5,3,3,0,0,0,0,1,0,4,18,20,11,0,0,0
     5 times,0,0,0,1,1,0,0,0,0,0,0,0,15,18,0,0,0,0
     6 times,0,0,0,0,0,0,0,0,0,0,0,0,6,7,0,0,0,0
     7 times,0,0,0,0,0,0,0,0,0,0,0,0,1.7,2.1,0,0,0,0
     did not apply,1,1,0,1,1,0,0,0,0,0,0,0,2,0,11,1,0,8
Nueva Vizcaya,Jul-Dec 2006 harvest,,,Jan-Jun 2007 harvest,,,Jul-Dec 2011 harvest,,,Jan-Jun 2012 harvest,,,Jul-Dec 2016 harvest,,,Jan-Jun 2017 harvest,,
Frequency of fertilizer application,ALL ECOSYSTEMS,IRRIGATED,NON-IRRIGATED,ALL ECOSYSTEMS,IRRIGATED,NON-IRRIGATED,ALL ECOSYSTEMS,IRRIGATED,NON-IRRIGATED,ALL ECOSYSTEMS,IRRIGATED,NON-IRRIGATED,ALL ECOSYSTEMS,IRRIGATED,NON-IRRIGATED,ALL ECOSYSTEMS,IRRIGATED,NON-IRRIGATED
,(n = 0),(n = 0),(n = 0),(n = 0),(n = 0),(n = 0),(n = 0),(n = 0),(n = 0),(n = 0),(n = 0),(n = 0),(n = 60),(n = 47),(n = 13),(n = 57),(n = 55),(n = 2)
,(Percent of farmers),,,,,,,,,,,,,,,,,
Seedbed*,,,,,,,,,,,,,,,,,,
     once,..,..,..,0,0,0,0,0,0,0,0,0,70,70,69,0,0,0
     twice,..,..,..,0,0,0,0,0,0,0,0,0,22,23,15,0,0,0
     thrice,0,0,0,0,0,0,0,0,0,0,0,0,5,4,8,0,0,0
     4 times,0,0,0,0,0,0,0,0,0,0,0,0,3,2,8,0,0,0
     did not apply,..,..,..,0,0,0,0,0,0,0,0,0,0,0,0,100,100,100
Pre-establishment,,,,,,,,,,,,,,,,,,
     once,..,..,..,0,0,0,0,0,0,0,0,0,1.7,2.1,0,0,0,0
     twice,..,..,..,0,0,0,0,0,0,0,0,0,1.7,2.1,0,0,0,0
     did not apply,..,..,..,0,0,0,0,0,0,0,0,0,97,96,100,100,100,100
Standing,,,,,,,,,,,,,,,,,,
     once,..,..,..,0,0,0,0,0,0,0,0,0,3,4,0,10,11,0
     twice,..,..,..,0,0,0,0,0,0,0,0,0,20,21,15,47,51,0
     thrice,0,0,0,0,0,0,0,0,0,0,0,0,27,28,23,23,24,50
     4 times,0,0,0,0,0,0,0,0,0,0,0,0,23,21,31,5,5,0
     5 times,0,0,0,0,0,0,0,0,0,0,0,0,20,23,8,7,7,0
     6 times,0,0,0,0,0,0,0,0,0,0,0,0,5,2,15,0,0,0
     did not apply,..,..,..,0,0,0,0,0,0,0,0,0,2,0,8,8,2,50
Aurora,Jul-Dec 2006 harvest,,,Jan-Jun 2007 harvest,,,Jul-Dec 2011 harvest,,,Jan-Jun 2012 harvest,,,Jul-Dec 2016 harvest,,,Jan-Jun 2017 harvest,,
Frequency of fertilizer application,ALL ECOSYSTEMS,IRRIGATED,NON-IRRIGATED,ALL ECOSYSTEMS,IRRIGATED,NON-IRRIGATED,ALL ECOSYSTEMS,IRRIGATED,NON-IRRIGATED,ALL ECOSYSTEMS,IRRIGATED,NON-IRRIGATED,ALL ECOSYSTEMS,IRRIGATED,NON-IRRIGATED,ALL ECOSYSTEMS,IRRIGATED,NON-IRRIGATED
,(n = 57),(n = 55),(n = 2),(n = 58),(n = 57),(n = 1),(n = 59),(n = 55),(n = 4),(n = 55),(n = 53),(n = 2),(n = 60),(n = 57),(n = 3),(n = 59),(n = 59),(n = 0)
,(Percent of farmers),,,,,,,,,,,,,,,,,
Seedbed*,,,,,,,,,,,,,,,,,,
     once,92,92,0,70,70,0,0,0,0,80,80,0,0,0,0,100,100,0
     twice,8,8,0,13,13,0,0,0,0,0,0,0,0,0,0,0,0,0
     did not apply,0,0,0,17,17,0,100,100,0,20,20,0,0,0,0,0,0,0
Pre-establishment,,,,,,,,,,,,,,,,,,
     once,..,..,..,5,5,0,10,11,0,5,4,50,0,0,0,0,0,0
     did not apply,..,..,..,95,95,100,90,89,100,95,96,50,100,100,100,100,100,0
Standing,,,,,,,,,,,,,,,,,,
     once,14,12,83,20,21,0,12,13,0,4,4,0,0,0,0,0,0,0
     twice,79,81,17,62,61,100,73,71,100,78,77,100,17,18,0,38,39,0
     thrice,2,2,0,14,14,0,12,13,0,16,17,0,19,18,33,47,47,0
     4 times,0,0,0,0,0,0,2,2,0,2,2,0,20,20,33,13,14,0
     5 times,0,0,0,0,0,0,2,2,0,0,0,0,29,29,33,0,0,0
     6 times,0,0,0,2,2,0,0,0,0,0,0,0,12,13,0,0,0,0
     7 times,0,0,0,0,0,0,0,0,0,0,0,0,3,4,0,0,0,0
     did not apply,5,6,0,2,2,0,0,0,0,0,0,0,0,0,0,2,0,0
Bulacan,Jul-Dec 2006 harvest,,,Jan-Jun 2007 harvest,,,Jul-Dec 2011 harvest,,,Jan-Jun 2012 harvest,,,Jul-Dec 2016 harvest,,,Jan-Jun 2017 harvest,,
Frequency of fertilizer application,ALL ECOSYSTEMS,IRRIGATED,NON-IRRIGATED,ALL ECOSYSTEMS,IRRIGATED,NON-IRRIGATED,ALL ECOSYSTEMS,IRRIGATED,NON-IRRIGATED,ALL ECOSYSTEMS,IRRIGATED,NON-IRRIGATED,ALL ECOSYSTEMS,IRRIGATED,NON-IRRIGATED,ALL ECOSYSTEMS,IRRIGATED,NON-IRRIGATED
,(n = 74),(n = 35),(n = 39),(n = 75),(n = 75),(n = 0),(n = 79),(n = 38),(n = 41),(n = 37),(n = 37),(n = 0),(n = 81),(n = 44),(n = 37),(n = 49),(n = 44),(n = 5)
,(Percent of farmers),,,,,,,,,,,,,,,,,
Seedbed*,,,,,,,,,,,,,,,,,,
     once,79,77,78,80,80,0,85,85,85,61,61,0,63,62,66,57,63,0
     twice,21,23,22,0,0,0,4,3,6,17,17,0,22,18,28,17,11,0
     thrice,0,0,0,0,0,0,0,0,0,0,0,0,6,12,0,4,5,0
     did not apply,0,0,0,20,20,0,10,12,9,22,22,0,8,9,7,22,21,0
Pre-establishment,,,,,,,,,,,,,,,,,,
     once,..,..,..,0,0,0,16,13,20,0,0,0,7,7,8,2,2,0
     twice,..,..,..,0,0,0,0,0,0,0,0,0,1.2,0,2.7,0,0,0
     did not apply,..,..,..,100,100,0,84,87,80,100,100,0,92,93,89,98,98,100
Standing,,,,,,,,,,,,,,,,,,
     once,49,38,57,14,14,0,44,26,61,19,19,0,17,7,27,16,21,60
     twice,41,59,28,69,69,0,39,55,24,73,73,0,46,43,49,34,56,40
     thrice,3,0,5,17,17,0,11,11,12,3,3,0,13,16,11,11,21,0
     4 times,0,0,0,0,0,0,3,5,0,0,0,0,20,30,11,0,0,0
     5 times,0,0,0,0,0,0,0,0,0,3,3,0,2,5,0,0,0,0
     did not apply,7,3,10,0,0,0,3,3,2,3,3,0,1,0,3,39,2,0
Nueva Ecija,Jul-Dec 2006 harvest,,,Jan-Jun 2007 harvest,,,Jul-Dec 2011 harvest,,,Jan-Jun 2012 harvest,,,Jul-Dec 2016 harvest,,,Jan-Jun 2017 harvest,,
Frequency of fertilizer application,ALL ECOSYSTEMS,IRRIGATED,NON-IRRIGATED,ALL ECOSYSTEMS,IRRIGATED,NON-IRRIGATED,ALL ECOSYSTEMS,IRRIGATED,NON-IRRIGATED,ALL ECOSYSTEMS,IRRIGATED,NON-IRRIGATED,ALL ECOSYSTEMS,IRRIGATED,NON-IRRIGATED,ALL ECOSYSTEMS,IRRIGATED,NON-IRRIGATED
,(n = 109),(n = 96),(n = 13),(n = 110),(n = 109),(n = 1),(n = 148),(n = 141),(n = 7),(n = 123),(n = 123),(n = 0),(n = 150),(n = 114),(n = 36),(n = 129),(n = 129),(n = 0)
,(Percent of farmers),,,,,,,,,,,,,,,,,
Seedbed*,,,,,,,,,,,,,,,,,,
     once,73,70,100,89,89,100,48,46,83,52,52,0,39,36,48,0,0,0
     twice,27,30,0,4,4,0,47,48,17,44,44,0,48,51,39,0,0,0
     thrice,0,0,0,0,0,0,5,6,0,4,4,0,9,10,4,0,0,0
     4 times,0,0,0,0,0,0,0,0,0,0,0,0,2,1,4,0,0,0
     did not apply,0,0,0,6,7,0,0,0,0,1,1,0,2,2,4,100,100,0
Pre-establishment,,,,,,,,,,,,,,,,,,
     once,..,..,..,4,4,0,5,5,0,2,2,0,1,2,0,0,0,0
     twice,..,..,..,0,0,0,0,0,0,0.8,0.8,0,0.7,0,2.8,0,0,0
     did not apply,..,..,..,96,96,100,95,95,100,97,97,0,98,98,97,100,100,0
Standing,,,,,,,,,,,,,,,,,,
     once,18,15,42,12,12,0,9,9,14,4,4,0,12,9,22,4,5,0
     twice,60,61,48,56,55,100,70,70,71,53,53,0,17,17,14,41,48,0
     thrice,17,18,9,29,29,0,20,21,14,37,37,0,30,30,33,30,36,0
     4 times,4,5,0,3,3,0,1,1,0,5,5,0,18,18,17,7,9,0
     5 times,0,0,0,1,1,0,0,0,0,1,1,0,8,11,0,1,2,0
     6 times,0,0,0,0,0,0,0,0,0,0,0,0,7,10,0,0,0,0
     7 times,0,0,0,0,0,0,0,0,0,0,0,0,3,2,6,0,0,0
     8 times,0,0,0,0,0,0,0,0,0,0,0,0,1.3,0.9,2.8,0,0,0
     did not apply,1,1,0,0,0,0,0,0,0,0,0,0,4,4,6,16,2,0
Pampanga,Jul-Dec 2006 harvest,,,Jan-Jun 2007 harvest,,,Jul-Dec 2011 harvest,,,Jan-Jun 2012 harvest,,,Jul-Dec 2016 harvest,,,Jan-Jun 2017 harvest,,
Frequency of fertilizer application,ALL ECOSYSTEMS,IRRIGATED,NON-IRRIGATED,ALL ECOSYSTEMS,IRRIGATED,NON-IRRIGATED,ALL ECOSYSTEMS,IRRIGATED,NON-IRRIGATED,ALL ECOSYSTEMS,IRRIGATED,NON-IRRIGATED,ALL ECOSYSTEMS,IRRIGATED,NON-IRRIGATED,ALL ECOSYSTEMS,IRRIGATED,NON-IRRIGATED
,(n = 56),(n = 49),(n = 7),(n = 56),(n = 56),(n = 0),(n = 49),(n = 49),(n = 0),(n = 50),(n = 50),(n = 0),(n = 57),(n = 45),(n = 12),(n = 56),(n = 56),(n = 0)
,(Percent of farmers),,,,,,,,,,,,,,,,,
Seedbed*,,,,,,,,,,,,,,,,,,
     once,97,97,100,96,96,0,59,59,0,76,76,0,34,36,25,0,0,0
     twice,3,3,0,4,4,0,5,5,0,18,18,0,46,42,63,0,0,0
     thrice,0,0,0,0,0,0,0,0,0,0,0,0,5,6,0,0,0,0
     4 times,0,0,0,0,0,0,0,0,0,0,0,0,7,9,0,0,0,0
     did not apply,0,0,0,0,0,0,35,35,0,6,6,0,7,6,13,100,100,0
Pre-establishment,,,,,,,,,,,,,,,,,,
     once,..,..,..,0,0,0,0,0,0,0,0,0,7,7,8,0,0,0
     did not apply,..,..,..,100,100,0,100,100,0,100,100,0,93,93,92,100,100,0
Standing,,,,,,,,,,,,,,,,,,
     once,32,32,32,28,28,0,35,35,0,30,30,0,16,13,17,8,9,0
     twice,67,68,63,53,53,0,53,53,0,62,62,0,26,24,33,67,71,0
     thrice,0,0,0,16,16,0,10,10,0,8,8,0,29,29,33,15,16,0
     4 times,0,0,0,0,0,0,2,2,0,0,0,0,21,22,17,0,0,0
     5 times,0,0,0,0,0,0,0,0,0,0,0,0,3,4,0,0,0,0
     6 times,0,0,0,0,0,0,0,0,0,0,0,0,3,4,0,0,0,0
     did not apply,1,0,5,2,2,0,0,0,0,0,0,0,2,2,0,10,4,0
Tarlac,Jul-Dec 2006 harvest,,,Jan-Jun 2007 harvest,,,Jul-Dec 2011 harvest,,,Jan-Jun 2012 harvest,,,Jul-Dec 2016 harvest,,,Jan-Jun 2017 harvest,,
Frequency of fertilizer application,ALL ECOSYSTEMS,IRRIGATED,NON-IRRIGATED,ALL ECOSYSTEMS,IRRIGATED,NON-IRRIGATED,ALL ECOSYSTEMS,IRRIGATED,NON-IRRIGATED,ALL ECOSYSTEMS,IRRIGATED,NON-IRRIGATED,ALL ECOSYSTEMS,IRRIGATED,NON-IRRIGATED,ALL ECOSYSTEMS,IRRIGATED,NON-IRRIGATED
,(n = 76),(n = 57),(n = 19),(n = 73),(n = 73),(n = 0),(n = 86),(n = 77),(n = 9),(n = 45),(n = 45),(n = 0),(n = 86),(n = 55),(n = 31),(n = 52),(n = 50),(n = 2)
,(Percent of farmers),,,,,,,,,,,,,,,,,
Seedbed*,,,,,,,,,,,,,,,,,,
     once,71,65,100,87,87,0,67,65,86,36,36,0,50,41,71,0,0,0
     twice,27,33,0,13,13,0,30,32,14,6,6,0,43,53,19,0,0,0
     thrice,2,2,0,0,0,0,1,1,0,0,0,0,4,6,0,0,0,0
     4 times,0,0,0,0,0,0,0,0,0,0,0,0,3,0,10,0,0,0
     did not apply,0,0,0,0,0,0,1,1,0,58,58,0,0,0,0,100,100,0
Pre-establishment,,,,,,,,,,,,,,,,,,
     once,..,..,..,6,6,0,3,4,0,40,40,0,8,9,6,0,0,0
     twice,..,..,..,0,0,0,1,1,0,2,2,0,3,2,6,0,0,0
     did not apply,..,..,..,94,94,0,95,95,100,58,58,0,88,89,87,100,100,100
Standing,,,,,,,,,,,,,,,,,,
     once,23,16,42,11,11,0,17,19,0,9,9,0,8,5,13,13,20,50
     twice,66,73,47,86,86,0,71,69,89,80,80,0,27,24,32,37,64,0
     thrice,11,11,11,3,3,0,12,12,11,9,9,0,23,22,26,6,8,50
     4 times,0,0,0,0,0,0,0,0,0,2,2,0,28,33,19,3,6,0
     5 times,0,0,0,0,0,0,0,0,0,0,0,0,6,7,3,0,0,0
     6 times,0,0,0,0,0,0,0,0,0,0,0,0,3,4,3,0,0,0
     did not apply,0,0,0,0,0,0,0,0,0,0,0,0,5,5,3,41,2,0
Laguna,Jul-Dec 2006 harvest,,,Jan-Jun 2007 harvest,,,Jul-Dec 2011 harvest,,,Jan-Jun 2012 harvest,,,Jul-Dec 2016 harvest,,,Jan-Jun 2017 harvest,,
Frequency of fertilizer application,ALL ECOSYSTEMS,IRRIGATED,NON-IRRIGATED,ALL ECOSYSTEMS,IRRIGATED,NON-IRRIGATED,ALL ECOSYSTEMS,IRRIGATED,NON-IRRIGATED,ALL ECOSYSTEMS,IRRIGATED,NON-IRRIGATED,ALL ECOSYSTEMS,IRRIGATED,NON-IRRIGATED,ALL ECOSYSTEMS,IRRIGATED,NON-IRRIGATED
,(n = 56),(n = 38),(n = 18),(n = 54),(n = 45),(n = 9),(n = 59),(n = 59),(n = 0),(n = 57),(n = 56),(n = 1),(n = 51),(n = 43),(n = 8),(n = 57),(n = 46),(n = 11)
,(Percent of farmers),,,,,,,,,,,,,,,,,
Seedbed*,,,,,,,,,,,,,,,,,,
     once,94,80,100,5,6,0,7,7,0,7,7,0,8,9,0,0,0,0
     twice,6,20,0,0,0,0,0,0,0,0,0,0,0,0,0,0,0,0
     did not apply,0,0,0,95,94,100,93,93,0,93,93,100,92,91,100,100,100,100
Pre-establishment,,,,,,,,,,,,,,,,,,
     once,..,..,..,9,6,22,7,7,0,5,5,0,0,0,0,0,0,0
     did not apply,..,..,..,91,94,78,93,93,0,95,95,100,100,100,100,100,100,100
Standing,,,,,,,,,,,,,,,,,,
     once,22,15,36,40,33,67,20,20,0,21,21,0,17,14,25,17,13,36
     twice,59,69,42,60,67,33,69,69,0,67,66,100,58,60,63,60,61,64
     thrice,14,17,9,0,0,0,5,5,0,9,9,0,11,12,0,20,26,0
     4 times,0,0,0,0,0,0,0,0,0,0,0,0,11,12,13,0,0,0
     8 times,0,0,0,0,0,0,0,0,0,0,0,0,1.9,2.3,0,0,0,0
     did not apply,4,0,13,0,0,0,5,5,0,4,4,0,0,0,0,3,0,0
Quezon,Jul-Dec 2006 harvest,,,Jan-Jun 2007 harvest,,,Jul-Dec 2011 harvest,,,Jan-Jun 2012 harvest,,,Jul-Dec 2016 harvest,,,Jan-Jun 2017 harvest,,
Frequency of fertilizer application,ALL ECOSYSTEMS,IRRIGATED,NON-IRRIGATED,ALL ECOSYSTEMS,IRRIGATED,NON-IRRIGATED,ALL ECOSYSTEMS,IRRIGATED,NON-IRRIGATED,ALL ECOSYSTEMS,IRRIGATED,NON-IRRIGATED,ALL ECOSYSTEMS,IRRIGATED,NON-IRRIGATED,ALL ECOSYSTEMS,IRRIGATED,NON-IRRIGATED
,(n = 52),(n = 39),(n = 13),(n = 52),(n = 32),(n = 20),(n = 60),(n = 34),(n = 26),(n = 59),(n = 29),(n = 30),(n = 52),(n = 38),(n = 14),(n = 58),(n = 38),(n = 20)
,(Percent of farmers),,,,,,,,,,,,,,,,,
Seedbed*,,,,,,,,,,,,,,,,,,
     once,100,100,0,8,13,0,13,21,4,12,23,4,6,9,0,0,0,0
     twice,0,0,0,0,0,0,6,10,0,0,0,0,4,6,0,0,0,0
     did not apply,0,0,0,92,87,100,81,69,96,88,77,96,89,86,100,100,100,100
Pre-establishment,,,,,,,,,,,,,,,,,,
     once,..,..,..,14,20,6,7,6,8,15,21,10,10,11,7,0,0,0
     twice,..,..,..,0,0,0,0,0,0,0,0,0,1.9,2.6,0,0,0,0
     did not apply,..,..,..,86,80,94,93,94,92,85,79,90,88,87,93,100,100,100
Standing,,,,,,,,,,,,,,,,,,
     once,24,18,36,36,30,44,32,41,19,36,38,33,8,5,14,42,37,50
     twice,47,58,21,51,68,28,35,38,31,34,48,20,56,68,21,40,47,25
     thrice,10,14,0,2,3,0,3,6,0,3,3,3,17,18,14,3,5,0
     4 times,0,0,0,0,0,0,0,0,0,0,0,0,4,5,0,3,5,0
     did not apply,19,9,43,12,0,28,30,15,50,27,10,43,15,3,50,12,5,25
Occidental Mindoro,Jul-Dec 2006 harvest,,,Jan-Jun 2007 harvest,,,Jul-Dec 2011 harvest,,,Jan-Jun 2012 harvest,,,Jul-Dec 2016 harvest,,,Jan-Jun 2017 harvest,,
Frequency of fertilizer application,ALL ECOSYSTEMS,IRRIGATED,NON-IRRIGATED,ALL ECOSYSTEMS,IRRIGATED,NON-IRRIGATED,ALL ECOSYSTEMS,IRRIGATED,NON-IRRIGATED,ALL ECOSYSTEMS,IRRIGATED,NON-IRRIGATED,ALL ECOSYSTEMS,IRRIGATED,NON-IRRIGATED,ALL ECOSYSTEMS,IRRIGATED,NON-IRRIGATED
,(n = 51),(n = 26),(n = 25),(n = 25),(n = 25),(n = 0),(n = 60),(n = 43),(n = 17),(n = 33),(n = 33),(n = 0),(n = 59),(n = 38),(n = 21),(n = 47),(n = 44),(n = 3)
,(Percent of farmers),,,,,,,,,,,,,,,,,
Seedbed*,,,,,,,,,,,,,,,,,,
     once,80,88,69,56,56,0,79,71,100,57,57,0,0,0,0,0,0,0
     twice,20,12,31,0,0,0,21,29,0,43,43,0,20,23,13,0,0,0
     thrice,0,0,0,0,0,0,0,0,0,0,0,0,6,6,7,0,0,0
     4 times,0,0,0,0,0,0,0,0,0,0,0,0,4,3,7,0,0,0
     5 times,0,0,0,0,0,0,0,0,0,0,0,0,2,0,7,0,0,0
     6 times,0,0,0,0,0,0,0,0,0,0,0,0,2,0,7,0,0,0
     did not apply,0,0,0,44,44,0,0,0,0,0,0,0,66,69,60,100,100,100
Pre-establishment,,,,,,,,,,,,,,,,,,
     once,..,..,..,23,23,0,20,28,0,18,18,0,8,11,5,0,0,0
     twice,..,..,..,0,0,0,0,0,0,0,0,0,3,0,10,0,0,0
     did not apply,..,..,..,77,77,0,80,72,100,82,82,0,88,89,86,100,100,100
Standing,,,,,,,,,,,,,,,,,,
     once,7,11,0,14,14,0,0,0,0,3,3,0,2,3,0,7,9,0
     twice,86,89,82,86,86,0,92,88,100,91,91,0,15,8,29,42,50,100
     thrice,7,0,18,0,0,0,8,12,0,6,6,0,24,26,19,25,34,0
     4 times,0,0,0,0,0,0,0,0,0,0,0,0,32,34,29,2,2,0
     5 times,0,0,0,0,0,0,0,0,0,0,0,0,15,18,10,0,0,0
     6 times,0,0,0,0,0,0,0,0,0,0,0,0,8,8,10,0,0,0
     7 times,0,0,0,0,0,0,0,0,0,0,0,0,1.7,2.6,0,0,0,0
     did not apply,0,0,0,0,0,0,0,0,0,0,0,0,2,0,5,25,5,0
Oriental Mindoro,Jul-Dec 2006 harvest,,,Jan-Jun 2007 harvest,,,Jul-Dec 2011 harvest,,,Jan-Jun 2012 harvest,,,Jul-Dec 2016 harvest,,,Jan-Jun 2017 harvest,,
Frequency of fertilizer application,ALL ECOSYSTEMS,IRRIGATED,NON-IRRIGATED,ALL ECOSYSTEMS,IRRIGATED,NON-IRRIGATED,ALL ECOSYSTEMS,IRRIGATED,NON-IRRIGATED,ALL ECOSYSTEMS,IRRIGATED,NON-IRRIGATED,ALL ECOSYSTEMS,IRRIGATED,NON-IRRIGATED,ALL ECOSYSTEMS,IRRIGATED,NON-IRRIGATED
,(n = 85),(n = 67),(n = 18),(n = 86),(n = 82),(n = 4),(n = 82),(n = 73),(n = 9),(n = 86),(n = 70),(n = 16),(n = 82),(n = 70),(n = 12),(n = 84),(n = 73),(n = 11)
,(Percent of farmers),,,,,,,,,,,,,,,,,
Seedbed*,,,,,,,,,,,,,,,,,,
     once,87,87,0,8,8,0,18,19,0,24,25,22,26,24,67,0,0,0
     twice,13,13,0,0,0,0,0,0,0,0,0,0,5,3,33,0,0,0
     thrice,0,0,0,0,0,0,0,0,0,0,0,0,2.4,2.6,0,0,0,0
     did not apply,0,0,0,91,91,0,82,81,100,76,75,78,67,71,0,100,100,100
Pre-establishment,,,,,,,,,,,,,,,,,,
     once,..,..,..,2,3,0,6,7,0,5,6,0,1,1,0,0,0,0
     did not apply,..,..,..,98,97,100,94,93,100,95,94,100,99,99,100,100,100,100
Standing,,,,,,,,,,,,,,,,,,
     once,1,2,0,17,16,50,4,3,11,7,4,19,5,1,17,10,12,0
     twice,73,71,78,62,63,50,55,52,78,57,60,44,18,16,33,41,40,45
     thrice,22,24,17,20,21,0,32,36,0,28,27,31,27,26,33,41,41,45
     4 times,3,3,0,0,0,0,4,4,0,5,6,0,17,20,0,5,3,9
     5 times,0,0,0,0,0,0,1,1,0,0,0,0,14,17,0,1,1,0
     6 times,0,0,0,0,0,0,1,1,0,0,0,0,12,14,0,0,0,0
     7 times,0,0,0,0,0,0,0,0,0,0,0,0,4,4,0,0,0,0
     8 times,0,0,0,0,0,0,0,0,0,0,0,0,2,1,8,0,0,0
     did not apply,1,0,6,0,0,0,4,3,11,3,3,6,1,0,8,2,3,0
Palawan,Jul-Dec 2006 harvest,,,Jan-Jun 2007 harvest,,,Jul-Dec 2011 harvest,,,Jan-Jun 2012 harvest,,,Jul-Dec 2016 harvest,,,Jan-Jun 2017 harvest,,
Frequency of fertilizer application,ALL ECOSYSTEMS,IRRIGATED,NON-IRRIGATED,ALL ECOSYSTEMS,IRRIGATED,NON-IRRIGATED,ALL ECOSYSTEMS,IRRIGATED,NON-IRRIGATED,ALL ECOSYSTEMS,IRRIGATED,NON-IRRIGATED,ALL ECOSYSTEMS,IRRIGATED,NON-IRRIGATED,ALL ECOSYSTEMS,IRRIGATED,NON-IRRIGATED
,(n = 0),(n = 0),(n = 0),(n = 0),(n = 0),(n = 0),(n = 0),(n = 0),(n = 0),(n = 0),(n = 0),(n = 0),(n = 58),(n = 33),(n = 25),(n = 48),(n = 33),(n = 15)
,(Percent of farmers),,,,,,,,,,,,,,,,,
Seedbed*,,,,,,,,,,,,,,,,,,
     once,..,..,..,0,0,0,0,0,0,0,0,0,33,100,0,0,0,0
     did not apply,..,..,..,0,0,0,0,0,0,0,0,0,67,0,100,100,100,0
Pre-establishment,,,,,,,,,,,,,,,,,,
     once,..,..,..,0,0,0,0,0,0,0,0,0,3,0,8,0,0,0
     did not apply,..,..,..,0,0,0,0,0,0,0,0,0,97,100,92,100,100,100
Standing,,,,,,,,,,,,,,,,,,
     once,..,..,..,0,0,0,0,0,0,0,0,0,3,3,4,3,6,0
     twice,..,..,..,0,0,0,0,0,0,0,0,0,31,18,48,43,45,67
     thrice,0,0,0,0,0,0,0,0,0,0,0,0,22,18,28,33,48,27
     4 times,0,0,0,0,0,0,0,0,0,0,0,0,28,39,12,0,0,0
     5 times,0,0,0,0,0,0,0,0,0,0,0,0,5,6,4,0,0,0
     6 times,0,0,0,0,0,0,0,0,0,0,0,0,7,9,4,0,0,0
     did not apply,..,..,..,0,0,0,0,0,0,0,0,0,3,6,0,20,0,7
Albay,Jul-Dec 2006 harvest,,,Jan-Jun 2007 harvest,,,Jul-Dec 2011 harvest,,,Jan-Jun 2012 harvest,,,Jul-Dec 2016 harvest,,,Jan-Jun 2017 harvest,,
Frequency of fertilizer application,ALL ECOSYSTEMS,IRRIGATED,NON-IRRIGATED,ALL ECOSYSTEMS,IRRIGATED,NON-IRRIGATED,ALL ECOSYSTEMS,IRRIGATED,NON-IRRIGATED,ALL ECOSYSTEMS,IRRIGATED,NON-IRRIGATED,ALL ECOSYSTEMS,IRRIGATED,NON-IRRIGATED,ALL ECOSYSTEMS,IRRIGATED,NON-IRRIGATED
,(n = 49),(n = 30),(n = 19),(n = 49),(n = 30),(n = 19),(n = 60),(n = 49),(n = 11),(n = 60),(n = 52),(n = 8),(n = 60),(n = 49),(n = 11),(n = 56),(n = 51),(n = 5)
,(Percent of farmers),,,,,,,,,,,,,,,,,
Seedbed*,,,,,,,,,,,,,,,,,,
     once,50,100,0,0,0,0,0,0,0,5,6,0,18,18,18,0,0,0
     twice,50,0,100,0,0,0,2,2,0,0,0,0,5,6,0,0,0,0
     did not apply,0,0,0,100,100,100,98,98,100,95,94,100,77,76,82,100,100,100
Pre-establishment,,,,,,,,,,,,,,,,,,
     once,..,..,..,0,0,0,0,0,0,2,2,0,2,2,0,0,0,0
     did not apply,..,..,..,100,100,100,100,100,100,98,98,100,98,98,100,100,100,100
Standing,,,,,,,,,,,,,,,,,,
     once,41,43,38,26,24,27,30,22,64,35,25,100,3,2,9,5,4,20
     twice,29,26,33,64,72,51,60,67,27,58,67,0,28,29,27,58,61,80
     thrice,20,31,5,2,3,0,8,10,0,3,4,0,35,37,27,28,33,0
     4 times,0,0,0,0,0,0,0,0,0,0,0,0,28,27,36,2,2,0
     5 times,0,0,0,0,0,0,0,0,0,0,0,0,3,4,0,0,0,0
     6 times,0,0,0,0,0,0,0,0,0,0,0,0,1.7,2,0,0,0,0
     did not apply,10,0,24,9,0,22,2,0,9,3,4,0,0,0,0,7,0,0
Camarines Sur,Jul-Dec 2006 harvest,,,Jan-Jun 2007 harvest,,,Jul-Dec 2011 harvest,,,Jan-Jun 2012 harvest,,,Jul-Dec 2016 harvest,,,Jan-Jun 2017 harvest,,
Frequency of fertilizer application,ALL ECOSYSTEMS,IRRIGATED,NON-IRRIGATED,ALL ECOSYSTEMS,IRRIGATED,NON-IRRIGATED,ALL ECOSYSTEMS,IRRIGATED,NON-IRRIGATED,ALL ECOSYSTEMS,IRRIGATED,NON-IRRIGATED,ALL ECOSYSTEMS,IRRIGATED,NON-IRRIGATED,ALL ECOSYSTEMS,IRRIGATED,NON-IRRIGATED
,(n = 89),(n = 70),(n = 19),(n = 90),(n = 82),(n = 8),(n = 106),(n = 79),(n = 27),(n = 114),(n = 75),(n = 39),(n = 112),(n = 72),(n = 40),(n = 112),(n = 80),(n = 32)
,(Percent of farmers),,,,,,,,,,,,,,,,,
Seedbed*,,,,,,,,,,,,,,,,,,
     once,100,100,0,39,39,0,24,28,0,15,16,10,34,34,25,0,0,0
     twice,0,0,0,0,0,0,2,0,17,0,0,0,2,3,0,0,0,0
     4 times,0,0,0,0,0,0,0,0,0,0,0,0,2,0,13,0,0,0
     did not apply,0,0,0,61,61,0,74,72,83,85,84,90,61,63,63,100,100,100
Pre-establishment,,,,,,,,,,,,,,,,,,
     once,..,..,..,6,5,13,0,0,0,2,1,3,3,4,0,0,0,0
     twice,..,..,..,0,0,0,0,0,0,0,0,0,0.9,0,2.5,0,0,0
     did not apply,..,..,..,94,95,88,100,100,100,98,99,97,96,96,98,100,100,100
Standing,,,,,,,,,,,,,,,,,,
     once,24,13,56,33,29,75,20,13,41,29,17,49,2,1,0,9,8,13
     twice,60,67,38,57,62,13,65,71,48,61,71,44,27,25,33,55,55,63
     thrice,16,19,5,6,7,0,10,11,7,8,11,3,21,19,23,28,35,16
     4 times,0,0,0,2,3,0,2,3,0,1,0,3,28,31,25,4,3,9
     5 times,0,0,0,0,0,0,0,0,0,0,0,0,15,15,15,0,0,0
     6 times,0,0,0,0,0,0,0,0,0,1,1,0,4,4,5,0,0,0
     7 times,0,0,0,0,0,0,0,0,0,0,0,0,0.9,1.4,0,0,0,0
     9 times,0,0,0,0,0,0,0,0,0,0,0,0,0.9,1.4,0,0,0,0
     did not apply,1,2,0,1,0,13,3,3,4,1,0,3,1,1,0,3,0,0
Antique,Jul-Dec 2006 harvest,,,Jan-Jun 2007 harvest,,,Jul-Dec 2011 harvest,,,Jan-Jun 2012 harvest,,,Jul-Dec 2016 harvest,,,Jan-Jun 2017 harvest,,
Frequency of fertilizer application,ALL ECOSYSTEMS,IRRIGATED,NON-IRRIGATED,ALL ECOSYSTEMS,IRRIGATED,NON-IRRIGATED,ALL ECOSYSTEMS,IRRIGATED,NON-IRRIGATED,ALL ECOSYSTEMS,IRRIGATED,NON-IRRIGATED,ALL ECOSYSTEMS,IRRIGATED,NON-IRRIGATED,ALL ECOSYSTEMS,IRRIGATED,NON-IRRIGATED
,(n = 0),(n = 0),(n = 0),(n = 0),(n = 0),(n = 0),(n = 0),(n = 0),(n = 0),(n = 0),(n = 0),(n = 0),(n = 60),(n = 29),(n = 31),(n = 42),(n = 28),(n = 14)
,(Percent of farmers),,,,,,,,,,,,,,,,,
Seedbed*,,,,,,,,,,,,,,,,,,
     once,..,..,..,0,0,0,0,0,0,0,0,0,100,100,0,0,0,0
     did not apply,..,..,..,0,0,0,0,0,0,0,0,0,0,0,0,0,0,0
Pre-establishment,,,,,,,,,,,,,,,,,,
     did not apply,..,..,..,0,0,0,0,0,0,0,0,0,100,100,100,100,100,100
Standing,,,,,,,,,,,,,,,,,,
     once,..,..,..,0,0,0,0,0,0,0,0,0,0,0,0,3,7,0
     twice,..,..,..,0,0,0,0,0,0,0,0,0,10,10,10,53,68,86
     thrice,0,0,0,0,0,0,0,0,0,0,0,0,18,17,19,15,25,14
     4 times,0,0,0,0,0,0,0,0,0,0,0,0,50,55,45,0,0,0
     5 times,0,0,0,0,0,0,0,0,0,0,0,0,10,3,16,0,0,0
     6 times,0,0,0,0,0,0,0,0,0,0,0,0,12,14,10,0,0,0
     did not apply,..,..,..,0,0,0,0,0,0,0,0,0,0,0,0,28,0,0
Capiz,Jul-Dec 2006 harvest,,,Jan-Jun 2007 harvest,,,Jul-Dec 2011 harvest,,,Jan-Jun 2012 harvest,,,Jul-Dec 2016 harvest,,,Jan-Jun 2017 harvest,,
Frequency of fertilizer application,ALL ECOSYSTEMS,IRRIGATED,NON-IRRIGATED,ALL ECOSYSTEMS,IRRIGATED,NON-IRRIGATED,ALL ECOSYSTEMS,IRRIGATED,NON-IRRIGATED,ALL ECOSYSTEMS,IRRIGATED,NON-IRRIGATED,ALL ECOSYSTEMS,IRRIGATED,NON-IRRIGATED,ALL ECOSYSTEMS,IRRIGATED,NON-IRRIGATED
,(n = 0),(n = 0),(n = 0),(n = 0),(n = 0),(n = 0),(n = 0),(n = 0),(n = 0),(n = 0),(n = 0),(n = 0),(n = 59),(n = 31),(n = 28),(n = 57),(n = 40),(n = 17)
,(Percent of farmers),,,,,,,,,,,,,,,,,
Seedbed*,,,,,,,,,,,,,,,,,,
     once,..,..,..,0,0,0,0,0,0,0,0,0,50,50,50,0,0,0
     did not apply,..,..,..,0,0,0,0,0,0,0,0,0,50,50,50,100,100,100
Pre-establishment,,,,,,,,,,,,,,,,,,
     did not apply,..,..,..,0,0,0,0,0,0,0,0,0,100,100,100,100,100,100
Standing,,,,,,,,,,,,,,,,,,
     once,..,..,..,0,0,0,0,0,0,0,0,0,0,0,0,5,5,6
     twice,..,..,..,0,0,0,0,0,0,0,0,0,17,6,29,78,83,82
     thrice,0,0,0,0,0,0,0,0,0,0,0,0,13,13,14,12,13,12
     4 times,0,0,0,0,0,0,0,0,0,0,0,0,38,42,36,0,0,0
     5 times,0,0,0,0,0,0,0,0,0,0,0,0,12,13,11,0,0,0
     6 times,0,0,0,0,0,0,0,0,0,0,0,0,10,19,0,0,0,0
     7 times,0,0,0,0,0,0,0,0,0,0,0,0,5,3,7,0,0,0
     9 times,0,0,0,0,0,0,0,0,0,0,0,0,1.7,3.2,0,0,0,0
     10 times,0,0,0,0,0,0,0,0,0,0,0,0,1.7,0,3.6,0,0,0
     did not apply,..,..,..,0,0,0,0,0,0,0,0,0,2,0,0,5,0,0
Iloilo,Jul-Dec 2006 harvest,,,Jan-Jun 2007 harvest,,,Jul-Dec 2011 harvest,,,Jan-Jun 2012 harvest,,,Jul-Dec 2016 harvest,,,Jan-Jun 2017 harvest,,
Frequency of fertilizer application,ALL ECOSYSTEMS,IRRIGATED,NON-IRRIGATED,ALL ECOSYSTEMS,IRRIGATED,NON-IRRIGATED,ALL ECOSYSTEMS,IRRIGATED,NON-IRRIGATED,ALL ECOSYSTEMS,IRRIGATED,NON-IRRIGATED,ALL ECOSYSTEMS,IRRIGATED,NON-IRRIGATED,ALL ECOSYSTEMS,IRRIGATED,NON-IRRIGATED
,(n = 88),(n = 41),(n = 47),(n = 88),(n = 70),(n = 18),(n = 116),(n = 62),(n = 54),(n = 58),(n = 29),(n = 29),(n = 116),(n = 55),(n = 61),(n = 69),(n = 50),(n = 19)
,(Percent of farmers),,,,,,,,,,,,,,,,,
Seedbed*,,,,,,,,,,,,,,,,,,
     once,100,100,0,100,100,0,25,25,0,0,0,0,40,33,50,0,0,0
     twice,0,0,0,0,0,0,0,0,0,0,0,0,10,17,0,0,0,0
     4 times,0,0,0,0,0,0,0,0,0,0,0,0,10,17,0,0,0,0
     5 times,0,0,0,0,0,0,0,0,0,0,0,0,10,17,0,0,0,0
     did not apply,0,0,0,0,0,0,75,75,0,0,0,0,30,17,50,100,0,100
Pre-establishment,,,,,,,,,,,,,,,,,,
     once,..,..,..,0,0,0,9,13,4,0,0,0,5,9,2,0,0,0
     twice,..,..,..,0,0,0,0,0,0,0,0,0,3,2,3,0,0,0
     thrice,0,0,0,0,0,0,0,0,0,0,0,0,0.9,0,1.6,0,0,0
     did not apply,..,..,..,100,100,100,91,87,96,100,100,100,91,89,93,100,100,100
Standing,,,,,,,,,,,,,,,,,,
     once,9,6,10,24,14,36,9,6,11,10,7,14,1,2,0,3,4,11
     twice,65,65,64,59,57,62,78,76,80,81,86,76,20,16,23,41,66,79
     thrice,24,25,23,16,29,0,13,16,9,7,7,7,22,15,28,12,24,11
     4 times,0,1,0,0,0,0,0,0,0,2,0,3,31,38,25,2,4,0
     5 times,0,0,0,0,0,0,0,0,0,0,0,0,14,13,15,0,0,0
     6 times,0,0,0,0,0,0,0,0,0,0,0,0,6,7,5,0,0,0
     7 times,0,0,0,0,0,0,0,0,0,0,0,0,5,7,3,0,0,0
     8 times,0,0,0,0,0,0,0,0,0,0,0,0,0.9,1.8,0,0,0,0
     did not apply,3,3,2,1,0,2,1,2,0,0,0,0,1,0,2,41,2,0
Negros Occidental,Jul-Dec 2006 harvest,,,Jan-Jun 2007 harvest,,,Jul-Dec 2011 harvest,,,Jan-Jun 2012 harvest,,,Jul-Dec 2016 harvest,,,Jan-Jun 2017 harvest,,
Frequency of fertilizer application,ALL ECOSYSTEMS,IRRIGATED,NON-IRRIGATED,ALL ECOSYSTEMS,IRRIGATED,NON-IRRIGATED,ALL ECOSYSTEMS,IRRIGATED,NON-IRRIGATED,ALL ECOSYSTEMS,IRRIGATED,NON-IRRIGATED,ALL ECOSYSTEMS,IRRIGATED,NON-IRRIGATED,ALL ECOSYSTEMS,IRRIGATED,NON-IRRIGATED
,(n = 0),(n = 0),(n = 0),(n = 0),(n = 0),(n = 0),(n = 0),(n = 0),(n = 0),(n = 0),(n = 0),(n = 0),(n = 90),(n = 69),(n = 21),(n = 77),(n = 64),(n = 13)
,(Percent of farmers),,,,,,,,,,,,,,,,,
Seedbed*,,,,,,,,,,,,,,,,,,
     did not apply,..,..,..,0,0,0,0,0,0,0,0,0,0,0,0,0,0,0
Pre-establishment,,,,,,,,,,,,,,,,,,
     did not apply,..,..,..,0,0,0,0,0,0,0,0,0,0,0,0,0,0,0
Standing,,,,,,,,,,,,,,,,,,
     did not apply,..,..,..,0,0,0,0,0,0,0,0,0,0,0,0,0,0,0
Bohol,Jul-Dec 2006 harvest,,,Jan-Jun 2007 harvest,,,Jul-Dec 2011 harvest,,,Jan-Jun 2012 harvest,,,Jul-Dec 2016 harvest,,,Jan-Jun 2017 harvest,,
Frequency of fertilizer application,ALL ECOSYSTEMS,IRRIGATED,NON-IRRIGATED,ALL ECOSYSTEMS,IRRIGATED,NON-IRRIGATED,ALL ECOSYSTEMS,IRRIGATED,NON-IRRIGATED,ALL ECOSYSTEMS,IRRIGATED,NON-IRRIGATED,ALL ECOSYSTEMS,IRRIGATED,NON-IRRIGATED,ALL ECOSYSTEMS,IRRIGATED,NON-IRRIGATED
,(n = 75),(n = 22),(n = 53),(n = 76),(n = 61),(n = 15),(n = 81),(n = 33),(n = 48),(n = 86),(n = 32),(n = 54),(n = 65),(n = 26),(n = 39),(n = 78),(n = 29),(n = 49)
,(Percent of farmers),,,,,,,,,,,,,,,,,
Seedbed*,,,,,,,,,,,,,,,,,,
     once,100,100,100,73,85,51,46,76,25,45,81,24,56,73,51,0,0,0
     twice,0,0,0,0,0,0,0,0,0,0,0,0,4,0,8,0,0,0
     did not apply,0,0,0,27,15,49,54,24,75,55,19,76,39,27,41,100,100,100
Pre-establishment,,,,,,,,,,,,,,,,,,
     once,..,..,..,18,11,32,9,15,4,13,0,20,6,4,5,0,0,0
     did not apply,..,..,..,82,89,68,91,85,96,87,100,80,94,96,95,100,100,100
Standing,,,,,,,,,,,,,,,,,,
     once,40,49,37,48,62,23,52,55,50,60,59,61,25,23,26,43,55,43
     twice,35,43,32,22,31,6,33,33,33,26,31,22,51,65,44,42,38,51
     thrice,4,0,6,2,0,6,0,0,0,1,3,0,6,8,5,5,7,4
     4 times,0,0,0,0,0,0,0,0,0,1,3,0,14,4,23,0,0,0
     5 times,0,0,0,0,0,0,0,0,0,0,0,0,1.4,0,2.6,0,0,0
     did not apply,20,9,26,27,7,64,15,12,17,12,3,17,3,0,0,10,0,2
Leyte,Jul-Dec 2006 harvest,,,Jan-Jun 2007 harvest,,,Jul-Dec 2011 harvest,,,Jan-Jun 2012 harvest,,,Jul-Dec 2016 harvest,,,Jan-Jun 2017 harvest,,
Frequency of fertilizer application,ALL ECOSYSTEMS,IRRIGATED,NON-IRRIGATED,ALL ECOSYSTEMS,IRRIGATED,NON-IRRIGATED,ALL ECOSYSTEMS,IRRIGATED,NON-IRRIGATED,ALL ECOSYSTEMS,IRRIGATED,NON-IRRIGATED,ALL ECOSYSTEMS,IRRIGATED,NON-IRRIGATED,ALL ECOSYSTEMS,IRRIGATED,NON-IRRIGATED
,(n = 79),(n = 52),(n = 27),(n = 79),(n = 55),(n = 24),(n = 84),(n = 69),(n = 15),(n = 83),(n = 69),(n = 14),(n = 78),(n = 65),(n = 13),(n = 77),(n = 67),(n = 10)
,(Percent of farmers),,,,,,,,,,,,,,,,,
Seedbed*,,,,,,,,,,,,,,,,,,
     once,100,100,100,46,53,29,17,16,20,46,38,86,14,14,15,0,0,0
     twice,0,0,0,0,0,0,0,0,0,0,0,0,7,8,0,0,0,0
     4 times,0,0,0,0,0,0,0,0,0,0,0,0,1.3,1.6,0,0,0,0
     did not apply,0,0,0,54,47,71,83,84,80,54,62,14,78,76,85,100,100,100
Pre-establishment,,,,,,,,,,,,,,,,,,
     once,..,..,..,13,13,12,5,6,0,2,1,7,1,2,0,0,0,0
     twice,..,..,..,0,0,0,0,0,0,0,0,0,3,2,8,0,0,0
     did not apply,..,..,..,87,87,88,95,94,100,98,99,93,96,97,92,100,100,100
Standing,,,,,,,,,,,,,,,,,,
     once,40,35,49,56,61,44,46,45,53,69,64,93,6,5,15,28,28,50
     twice,50,58,35,38,35,44,27,29,20,20,23,7,40,37,54,51,60,30
     thrice,3,4,0,3,0,8,10,12,0,7,9,0,17,18,8,7,7,10
     4 times,0,0,0,0,0,0,2,3,0,1,1,0,26,26,23,2,3,0
     5 times,0,0,0,0,0,0,0,0,0,0,0,0,2.6,3.1,0,0,0,0
     7 times,0,0,0,0,0,0,0,0,0,0,0,0,1.3,1.5,0,0,0,0
     did not apply,7,3,16,4,4,4,14,12,27,2,3,0,8,9,0,12,1,10
Northern Samar,Jul-Dec 2006 harvest,,,Jan-Jun 2007 harvest,,,Jul-Dec 2011 harvest,,,Jan-Jun 2012 harvest,,,Jul-Dec 2016 harvest,,,Jan-Jun 2017 harvest,,
Frequency of fertilizer application,ALL ECOSYSTEMS,IRRIGATED,NON-IRRIGATED,ALL ECOSYSTEMS,IRRIGATED,NON-IRRIGATED,ALL ECOSYSTEMS,IRRIGATED,NON-IRRIGATED,ALL ECOSYSTEMS,IRRIGATED,NON-IRRIGATED,ALL ECOSYSTEMS,IRRIGATED,NON-IRRIGATED,ALL ECOSYSTEMS,IRRIGATED,NON-IRRIGATED
,(n = 50),(n = 26),(n = 24),(n = 50),(n = 17),(n = 33),(n = 45),(n = 27),(n = 18),(n = 59),(n = 27),(n = 32),(n = 30),(n = 19),(n = 11),(n = 59),(n = 25),(n = 34)
,(Percent of farmers),,,,,,,,,,,,,,,,,
Seedbed*,,,,,,,,,,,,,,,,,,
     once,83,83,0,25,28,24,36,59,0,37,81,0,48,63,18,0,0,0
     twice,17,17,0,0,0,0,0,0,0,0,0,0,19,26,9,0,0,0
     4 times,0,0,0,0,0,0,0,0,0,0,0,0,3,0,9,0,0,0
     did not apply,0,0,0,75,72,76,64,41,100,63,19,100,29,11,64,100,100,100
Pre-establishment,,,,,,,,,,,,,,,,,,
     once,..,..,..,22,23,21,18,30,0,17,37,0,10,11,9,0,0,0
     twice,..,..,..,2,5,0,0,0,0,0,0,0,6,5,9,0,0,0
     did not apply,..,..,..,77,72,79,82,70,100,83,63,100,84,84,82,100,100,100
Standing,,,,,,,,,,,,,,,,,,
     once,6,11,0,26,30,25,18,30,0,15,33,0,19,16,18,25,32,21
     twice,15,29,0,14,12,15,20,33,0,24,52,0,52,68,27,27,48,12
     thrice,2,5,0,2,5,0,0,0,0,0,0,0,3,5,0,3,4,3
     6 times,0,0,0,0,0,0,0,0,0,0,0,0,3,5,0,0,0,0
     did not apply,77,55,100,58,53,61,62,37,100,61,15,100,23,5,55,45,16,65
Western Samar,Jul-Dec 2006 harvest,,,Jan-Jun 2007 harvest,,,Jul-Dec 2011 harvest,,,Jan-Jun 2012 harvest,,,Jul-Dec 2016 harvest,,,Jan-Jun 2017 harvest,,
Frequency of fertilizer application,ALL ECOSYSTEMS,IRRIGATED,NON-IRRIGATED,ALL ECOSYSTEMS,IRRIGATED,NON-IRRIGATED,ALL ECOSYSTEMS,IRRIGATED,NON-IRRIGATED,ALL ECOSYSTEMS,IRRIGATED,NON-IRRIGATED,ALL ECOSYSTEMS,IRRIGATED,NON-IRRIGATED,ALL ECOSYSTEMS,IRRIGATED,NON-IRRIGATED
,(n = 0),(n = 0),(n = 0),(n = 0),(n = 0),(n = 0),(n = 0),(n = 0),(n = 0),(n = 0),(n = 0),(n = 0),(n = 59),(n = 33),(n = 26),(n = 60),(n = 36),(n = 24)
,(Percent of farmers),,,,,,,,,,,,,,,,,
Seedbed*,,,,,,,,,,,,,,,,,,
     once,..,..,..,0,0,0,0,0,0,0,0,0,64,69,58,0,0,0
     twice,..,..,..,0,0,0,0,0,0,0,0,0,10,9,12,0,0,0
     thrice,0,0,0,0,0,0,0,0,0,0,0,0,1.7,3.1,0,0,0,0
     did not apply,..,..,..,0,0,0,0,0,0,0,0,0,24,19,31,100,100,100
Pre-establishment,,,,,,,,,,,,,,,,,,
     once,..,..,..,0,0,0,0,0,0,0,0,0,3,3,4,0,0,0
     twice,..,..,..,0,0,0,0,0,0,0,0,0,5,3,8,0,0,0
     did not apply,..,..,..,0,0,0,0,0,0,0,0,0,92,94,88,100,100,100
Standing,,,,,,,,,,,,,,,,,,
     once,..,..,..,0,0,0,0,0,0,0,0,0,24,27,19,32,33,29
     twice,..,..,..,0,0,0,0,0,0,0,0,0,41,39,42,42,50,29
     thrice,0,0,0,0,0,0,0,0,0,0,0,0,10,12,8,3,3,4
     4 times,0,0,0,0,0,0,0,0,0,0,0,0,3,6,0,0,0,0
     did not apply,..,..,..,0,0,0,0,0,0,0,0,0,22,15,31,23,14,38
Zamboanga del Norte,Jul-Dec 2006 harvest,,,Jan-Jun 2007 harvest,,,Jul-Dec 2011 harvest,,,Jan-Jun 2012 harvest,,,Jul-Dec 2016 harvest,,,Jan-Jun 2017 harvest,,
Frequency of fertilizer application,ALL ECOSYSTEMS,IRRIGATED,NON-IRRIGATED,ALL ECOSYSTEMS,IRRIGATED,NON-IRRIGATED,ALL ECOSYSTEMS,IRRIGATED,NON-IRRIGATED,ALL ECOSYSTEMS,IRRIGATED,NON-IRRIGATED,ALL ECOSYSTEMS,IRRIGATED,NON-IRRIGATED,ALL ECOSYSTEMS,IRRIGATED,NON-IRRIGATED
,(n = 42),(n = 19),(n = 23),(n = 42),(n = 28),(n = 14),(n = 60),(n = 32),(n = 28),(n = 43),(n = 29),(n = 14),(n = 59),(n = 32),(n = 27),(n = 44),(n = 30),(n = 14)
,(Percent of farmers),,,,,,,,,,,,,,,,,
Seedbed*,,,,,,,,,,,,,,,,,,
     once,73,76,67,22,31,0,24,20,33,12,13,10,32,38,24,0,0,0
     twice,27,24,33,0,0,0,3,4,0,3,4,0,20,24,14,0,0,0
     4 times,0,0,0,0,0,0,0,0,0,0,0,0,2,3.4,0,0,0,0
     did not apply,0,0,0,78,69,100,73,76,67,85,83,90,46,34,62,100,100,100
Pre-establishment,,,,,,,,,,,,,,,,,,
     once,..,..,..,14,23,0,5,9,0,21,31,0,3,3,4,0,0,0
     twice,..,..,..,0,0,0,0,0,0,0,0,0,1.7,0,3.7,0,0,0
     did not apply,..,..,..,86,77,100,95,91,100,79,69,100,95,97,93,100,100,100
Standing,,,,,,,,,,,,,,,,,,
     once,9,4,14,9,11,7,10,6,14,14,10,21,5,6,4,10,10,21
     twice,52,52,53,46,49,42,58,44,75,44,31,71,29,28,30,38,53,50
     thrice,13,26,0,12,20,0,12,16,7,19,24,7,20,19,22,18,33,7
     4 times,4,4,4,6,6,7,2,3,0,5,7,0,15,13,19,0,0,0
     5 times,2,0,4,0,0,0,0,0,0,0,0,0,10,9,11,0,0,0
     6 times,0,0,0,0,0,0,0,0,0,0,0,0,12,19,4,0,0,0
     7 times,0,0,0,0,0,0,0,0,0,0,0,0,1.7,3.1,0,0,0,0
     did not apply,20,13,26,26,14,44,18,31,4,19,28,0,7,3,11,33,3,21
Zamboanga del Sur,Jul-Dec 2006 harvest,,,Jan-Jun 2007 harvest,,,Jul-Dec 2011 harvest,,,Jan-Jun 2012 harvest,,,Jul-Dec 2016 harvest,,,Jan-Jun 2017 harvest,,
Frequency of fertilizer application,ALL ECOSYSTEMS,IRRIGATED,NON-IRRIGATED,ALL ECOSYSTEMS,IRRIGATED,NON-IRRIGATED,ALL ECOSYSTEMS,IRRIGATED,NON-IRRIGATED,ALL ECOSYSTEMS,IRRIGATED,NON-IRRIGATED,ALL ECOSYSTEMS,IRRIGATED,NON-IRRIGATED,ALL ECOSYSTEMS,IRRIGATED,NON-IRRIGATED
,(n = 51),(n = 39),(n = 12),(n = 51),(n = 42),(n = 9),(n = 60),(n = 45),(n = 15),(n = 60),(n = 49),(n = 11),(n = 60),(n = 53),(n = 7),(n = 59),(n = 52),(n = 7)
,(Percent of farmers),,,,,,,,,,,,,,,,,
Seedbed*,,,,,,,,,,,,,,,,,,
     once,100,100,100,39,38,44,17,9,40,42,41,45,53,53,57,0,0,0
     twice,0,0,0,0,0,0,0,0,0,0,0,0,3,4,0,0,0,0
     thrice,0,0,0,0,0,0,0,0,0,0,0,0,1.7,1.9,0,0,0,0
     did not apply,0,0,0,61,62,56,83,91,60,58,59,55,42,42,43,100,100,100
Pre-establishment,,,,,,,,,,,,,,,,,,
     once,..,..,..,3,4,0,13,13,13,5,2,18,2,2,0,0,0,0
     did not apply,..,..,..,97,96,100,87,87,87,95,98,82,98,98,100,100,100,100
Standing,,,,,,,,,,,,,,,,,,
     once,20,17,31,25,27,15,3,4,0,10,12,0,3,4,0,3,2,14
     twice,56,63,38,45,44,48,93,93,93,80,76,100,42,42,43,67,67,71
     thrice,10,10,8,16,19,0,2,2,0,5,6,0,30,30,29,25,27,14
     4 times,2,3,0,2,2,0,2,0,7,0,0,0,12,11,14,0,0,0
     5 times,0,0,0,0,0,0,0,0,0,0,0,0,3,4,0,2,2,0
     6 times,0,0,0,0,0,0,0,0,0,0,0,0,3,4,0,0,0,0
     13 times,0,0,0,0,0,0,0,0,0,0,0,0,1.7,1.9,0,0,0,0
     did not apply,12,8,23,12,8,37,0,0,0,5,6,0,5,4,14,3,2,0
Zamboanga Sibugay,Jul-Dec 2006 harvest,,,Jan-Jun 2007 harvest,,,Jul-Dec 2011 harvest,,,Jan-Jun 2012 harvest,,,Jul-Dec 2016 harvest,,,Jan-Jun 2017 harvest,,
Frequency of fertilizer application,ALL ECOSYSTEMS,IRRIGATED,NON-IRRIGATED,ALL ECOSYSTEMS,IRRIGATED,NON-IRRIGATED,ALL ECOSYSTEMS,IRRIGATED,NON-IRRIGATED,ALL ECOSYSTEMS,IRRIGATED,NON-IRRIGATED,ALL ECOSYSTEMS,IRRIGATED,NON-IRRIGATED,ALL ECOSYSTEMS,IRRIGATED,NON-IRRIGATED
,(n = 22),(n = 4),(n = 18),(n = 22),(n = 10),(n = 12),(n = 24),(n = 8),(n = 16),(n = 25),(n = 6),(n = 19),(n = 60),(n = 43),(n = 17),(n = 47),(n = 18),(n = 29)
,(Percent of farmers),,,,,,,,,,,,,,,,,
Seedbed*,,,,,,,,,,,,,,,,,,
     once,86,100,85,55,50,56,80,60,87,80,75,81,43,53,17,0,0,0
     twice,14,0,15,9,0,11,5,0,7,5,0,6,21,20,25,0,0,0
     thrice,0,0,0,0,0,0,0,0,0,0,0,0,2.4,3.3,0,0,0,0
     4 times,0,0,0,0,0,0,0,0,0,0,0,0,2.4,3.3,0,0,0,0
     did not apply,0,0,0,36,50,33,15,40,7,15,25,13,31,20,58,100,100,100
Pre-establishment,,,,,,,,,,,,,,,,,,
     once,..,..,..,7,0,8,4,0,6,20,17,21,2,2,0,0,0,0
     twice,..,..,..,0,0,0,0,0,0,0,0,0,2,0,6,0,0,0
     did not apply,..,..,..,93,100,92,96,100,94,80,83,79,97,98,94,100,100,100
Standing,,,,,,,,,,,,,,,,,,
     once,36,0,44,33,33,33,21,25,19,12,33,5,3,2,6,3,6,3
     twice,55,75,50,67,67,67,54,63,50,60,33,68,15,14,18,45,33,72
     thrice,5,25,0,0,0,0,13,0,19,20,33,16,25,26,24,28,56,24
     4 times,5,0,6,0,0,0,0,0,0,0,0,0,20,26,6,0,0,0
     5 times,0,0,0,0,0,0,0,0,0,0,0,0,22,19,29,0,0,0
     6 times,0,0,0,0,0,0,4,0,6,0,0,0,5,7,0,0,0,0
     7 times,0,0,0,0,0,0,0,0,0,0,0,0,3,0,12,2,6,0
     8 times,0,0,0,0,0,0,0,0,0,0,0,0,1.7,2.3,0,0,0,0
     9 times,0,0,0,0,0,0,0,0,0,0,0,0,1.7,2.3,0,0,0,0
     did not apply,0,0,0,0,0,0,8,13,6,8,0,11,3,2,6,22,0,0
Bukidnon,Jul-Dec 2006 harvest,,,Jan-Jun 2007 harvest,,,Jul-Dec 2011 harvest,,,Jan-Jun 2012 harvest,,,Jul-Dec 2016 harvest,,,Jan-Jun 2017 harvest,,
Frequency of fertilizer application,ALL ECOSYSTEMS,IRRIGATED,NON-IRRIGATED,ALL ECOSYSTEMS,IRRIGATED,NON-IRRIGATED,ALL ECOSYSTEMS,IRRIGATED,NON-IRRIGATED,ALL ECOSYSTEMS,IRRIGATED,NON-IRRIGATED,ALL ECOSYSTEMS,IRRIGATED,NON-IRRIGATED,ALL ECOSYSTEMS,IRRIGATED,NON-IRRIGATED
,(n = 47),(n = 29),(n = 18),(n = 48),(n = 42),(n = 6),(n = 80),(n = 67),(n = 13),(n = 77),(n = 71),(n = 6),(n = 78),(n = 60),(n = 18),(n = 84),(n = 62),(n = 22)
,(Percent of farmers),,,,,,,,,,,,,,,,,
Seedbed*,,,,,,,,,,,,,,,,,,
     once,94,95,91,83,83,0,73,69,100,66,64,100,60,65,50,0,0,0
     twice,6,5,9,0,0,0,17,19,0,17,18,0,9,13,0,0,0,0
     thrice,0,0,0,0,0,0,0,0,0,2.9,3,0,0,0,0,0,0,0
     did not apply,0,0,0,17,17,0,10,12,0,14,15,0,30,23,50,100,100,100
Pre-establishment,,,,,,,,,,,,,,,,,,
     once,..,..,..,0,0,0,3,1,8,0,0,0,4,3,6,0,0,0
     twice,..,..,..,0,0,0,0,0,0,0,0,0,1.2,1.7,0,0,0,0
     did not apply,..,..,..,100,100,100,98,99,92,100,100,100,95,95,94,100,100,100
Standing,,,,,,,,,,,,,,,,,,
     once,10,7,17,12,15,0,8,7,8,1,1,0,12,10,11,16,10,36
     twice,53,56,49,42,51,0,61,58,77,49,48,67,30,27,44,55,53,64
     thrice,16,13,21,37,27,83,25,28,8,32,32,33,23,18,33,26,35,0
     4 times,9,7,6,3,3,0,4,3,8,9,10,0,14,18,6,0,0,0
     5 times,0,0,0,0,0,0,1,1,0,4,4,0,8,10,6,0,0,0
     6 times,0,0,0,0,0,0,0,0,0,0,0,0,8,12,0,0,0,0
     7 times,0,0,0,0,0,0,0,0,0,0,0,0,2.4,3.3,0,0,0,0
     8 times,2,3,0,0,0,0,0,0,0,0,0,0,1,2,0,0,0,0
     did not apply,11,13,6,6,3,17,1,1,0,4,4,0,0,0,0,3,2,0
Davao de Oro,Jul-Dec 2006 harvest,,,Jan-Jun 2007 harvest,,,Jul-Dec 2011 harvest,,,Jan-Jun 2012 harvest,,,Jul-Dec 2016 harvest,,,Jan-Jun 2017 harvest,,
Frequency of fertilizer application,ALL ECOSYSTEMS,IRRIGATED,NON-IRRIGATED,ALL ECOSYSTEMS,IRRIGATED,NON-IRRIGATED,ALL ECOSYSTEMS,IRRIGATED,NON-IRRIGATED,ALL ECOSYSTEMS,IRRIGATED,NON-IRRIGATED,ALL ECOSYSTEMS,IRRIGATED,NON-IRRIGATED,ALL ECOSYSTEMS,IRRIGATED,NON-IRRIGATED
,(n = 12),(n = 12),(n = 0),(n = 12),(n = 12),(n = 0),(n = 26),(n = 22),(n = 4),(n = 25),(n = 20),(n = 5),(n = 59),(n = 29),(n = 30),(n = 60),(n = 40),(n = 20)
,(Percent of farmers),,,,,,,,,,,,,,,,,
Seedbed*,,,,,,,,,,,,,,,,,,
     once,100,100,0,69,69,0,80,80,0,86,86,0,45,60,30,0,0,0
     twice,0,0,0,4,4,0,20,20,0,14,14,0,5,10,0,0,0,0
     did not apply,0,0,0,27,27,0,0,0,0,0,0,0,50,30,70,100,100,100
Pre-establishment,,,,,,,,,,,,,,,,,,
     once,..,..,..,21,21,0,0,0,0,4,5,0,3,3,3,0,0,0
     did not apply,..,..,..,79,79,0,100,100,100,96,95,100,97,97,97,100,100,100
Standing,,,,,,,,,,,,,,,,,,
     once,0,0,0,0,0,0,4,0,25,0,0,0,5,10,0,15,10,25
     twice,70,70,0,36,36,0,35,36,25,44,50,20,31,21,40,40,40,40
     thrice,30,30,0,43,43,0,54,55,50,44,45,40,20,17,23,40,45,30
     4 times,0,0,0,21,21,0,4,5,0,8,5,20,24,21,27,3,3,5
     5 times,0,0,0,0,0,0,4,5,0,4,0,20,7,10,3,2,3,0
     6 times,0,0,0,0,0,0,0,0,0,0,0,0,8,17,0,0,0,0
     7 times,0,0,0,0,0,0,0,0,0,0,0,0,1.7,3.4,0,0,0,0
     did not apply,0,0,0,0,0,0,0,0,0,0,0,0,3,0,7,0,0,0
Davao del Norte,Jul-Dec 2006 harvest,,,Jan-Jun 2007 harvest,,,Jul-Dec 2011 harvest,,,Jan-Jun 2012 harvest,,,Jul-Dec 2016 harvest,,,Jan-Jun 2017 harvest,,
Frequency of fertilizer application,ALL ECOSYSTEMS,IRRIGATED,NON-IRRIGATED,ALL ECOSYSTEMS,IRRIGATED,NON-IRRIGATED,ALL ECOSYSTEMS,IRRIGATED,NON-IRRIGATED,ALL ECOSYSTEMS,IRRIGATED,NON-IRRIGATED,ALL ECOSYSTEMS,IRRIGATED,NON-IRRIGATED,ALL ECOSYSTEMS,IRRIGATED,NON-IRRIGATED
,(n = 19),(n = 19),(n = 0),(n = 19),(n = 19),(n = 0),(n = 34),(n = 34),(n = 0),(n = 34),(n = 34),(n = 0),(n = 57),(n = 32),(n = 25),(n = 57),(n = 32),(n = 25)
,(Percent of farmers),,,,,,,,,,,,,,,,,
Seedbed*,,,,,,,,,,,,,,,,,,
     once,92,92,0,52,52,0,57,57,0,84,84,0,78,81,74,31,43,14
     twice,8,8,0,0,0,0,23,23,0,9,9,0,2,3,0,0,0,0
     thrice,0,0,0,0,0,0,7,7,0,0,0,0,0,0,0,0,0,0
     did not apply,0,0,0,48,48,0,13,13,0,6,6,0,20,16,26,69,57,86
Pre-establishment,,,,,,,,,,,,,,,,,,
     once,..,..,..,15,15,0,6,6,0,3,3,0,9,13,4,5,9,0
     thrice,0,0,0,0,0,0,0,0,0,0,0,0,1.8,0,4,0,0,0
     did not apply,..,..,..,85,85,0,94,94,0,97,97,0,89,88,92,95,91,100
Standing,,,,,,,,,,,,,,,,,,
     once,5,5,0,32,32,0,0,0,0,9,9,0,7,3,12,20,22,20
     twice,60,60,0,30,30,0,44,44,0,47,47,0,23,13,36,52,47,64
     thrice,35,35,0,38,38,0,24,24,0,21,21,0,23,31,12,20,28,8
     4 times,0,0,0,0,0,0,12,12,0,6,6,0,21,22,20,2,3,0
     5 times,0,0,0,0,0,0,9,9,0,15,15,0,11,13,8,0,0,0
     6 times,0,0,0,0,0,0,9,9,0,0,0,0,5,9,0,0,0,0
     7 times,0,0,0,0,0,0,3,3,0,0,0,0,2,0,4,0,0,0
     8 times,0,0,0,0,0,0,0,0,0,2.9,2.9,0,0,0,0,0,0,0
     9 times,0,0,0,0,0,0,0,0,0,0,0,0,1.8,3.1,0,0,0,0
     did not apply,0,0,0,0,0,0,0,0,0,0,0,0,7,6,8,7,0,8
Davao del Sur,Jul-Dec 2006 harvest,,,Jan-Jun 2007 harvest,,,Jul-Dec 2011 harvest,,,Jan-Jun 2012 harvest,,,Jul-Dec 2016 harvest,,,Jan-Jun 2017 harvest,,
Frequency of fertilizer application,ALL ECOSYSTEMS,IRRIGATED,NON-IRRIGATED,ALL ECOSYSTEMS,IRRIGATED,NON-IRRIGATED,ALL ECOSYSTEMS,IRRIGATED,NON-IRRIGATED,ALL ECOSYSTEMS,IRRIGATED,NON-IRRIGATED,ALL ECOSYSTEMS,IRRIGATED,NON-IRRIGATED,ALL ECOSYSTEMS,IRRIGATED,NON-IRRIGATED
,(n = 32),(n = 31),(n = 1),(n = 32),(n = 32),(n = 0),(n = 60),(n = 60),(n = 0),(n = 60),(n = 60),(n = 0),(n = 60),(n = 60),(n = 0),(n = 49),(n = 49),(n = 0)
,(Percent of farmers),,,,,,,,,,,,,,,,,
Seedbed*,,,,,,,,,,,,,,,,,,
     once,94,94,0,100,100,0,74,74,0,73,73,0,46,46,0,0,0,0
     twice,6,6,0,0,0,0,19,19,0,3,3,0,27,27,0,0,0,0
     thrice,0,0,0,0,0,0,3,3,0,0,0,0,3,3,0,0,0,0
     4 times,0,0,0,0,0,0,0,0,0,0,0,0,2.7,2.7,0,0,0,0
     did not apply,0,0,0,0,0,0,3,3,0,23,23,0,22,22,0,100,100,0
Pre-establishment,,,,,,,,,,,,,,,,,,
     once,..,..,..,0,0,0,3,3,0,22,22,0,3,3,0,0,0,0
     twice,..,..,..,0,0,0,0,0,0,2,2,0,2,2,0,0,0,0
     did not apply,..,..,..,100,100,0,97,97,0,77,77,0,95,95,0,100,100,0
Standing,,,,,,,,,,,,,,,,,,
     once,6,7,0,9,9,0,15,15,0,25,25,0,3,3,0,17,20,0
     twice,71,70,100,67,67,0,52,52,0,47,47,0,18,18,0,52,63,0
     thrice,23,23,0,20,20,0,25,25,0,17,17,0,18,18,0,12,14,0
     4 times,0,0,0,0,0,0,3,3,0,10,10,0,20,20,0,2,2,0
     5 times,0,0,0,0,0,0,3,3,0,2,2,0,18,18,0,0,0,0
     6 times,0,0,0,0,0,0,2,2,0,0,0,0,10,10,0,0,0,0
     7 times,0,0,0,0,0,0,0,0,0,0,0,0,7,7,0,0,0,0
     8 times,0,0,0,0,0,0,0,0,0,0,0,0,3,3,0,0,0,0
     9 times,0,0,0,0,0,0,0,0,0,0,0,0,1.7,1.7,0,0,0,0
     did not apply,0,0,0,4,4,0,0,0,0,0,0,0,0,0,0,18,0,0
Davao Oriental,Jul-Dec 2006 harvest,,,Jan-Jun 2007 harvest,,,Jul-Dec 2011 harvest,,,Jan-Jun 2012 harvest,,,Jul-Dec 2016 harvest,,,Jan-Jun 2017 harvest,,
Frequency of fertilizer application,ALL ECOSYSTEMS,IRRIGATED,NON-IRRIGATED,ALL ECOSYSTEMS,IRRIGATED,NON-IRRIGATED,ALL ECOSYSTEMS,IRRIGATED,NON-IRRIGATED,ALL ECOSYSTEMS,IRRIGATED,NON-IRRIGATED,ALL ECOSYSTEMS,IRRIGATED,NON-IRRIGATED,ALL ECOSYSTEMS,IRRIGATED,NON-IRRIGATED
,(n = 60),(n = 58),(n = 2),(n = 60),(n = 58),(n = 2),(n = 60),(n = 60),(n = 0),(n = 60),(n = 60),(n = 0),(n = 60),(n = 60),(n = 0),(n = 60),(n = 60),(n = 0)
,(Percent of farmers),,,,,,,,,,,,,,,,,
Seedbed*,,,,,,,,,,,,,,,,,,
     once,95,95,100,57,56,100,98,98,0,97,97,0,57,57,0,0,0,0
     twice,5,5,0,3,3,0,2,2,0,2,2,0,7,7,0,0,0,0
     did not apply,0,0,0,40,41,0,0,0,0,2,2,0,37,37,0,100,100,0
Pre-establishment,,,,,,,,,,,,,,,,,,
     once,..,..,..,12,12,0,12,12,0,10,10,0,3,3,0,0,0,0
     twice,..,..,..,0,0,0,0,0,0,0,0,0,1.7,1.7,0,0,0,0
     thrice,0,0,0,0,0,0,0,0,0,0,0,0,1.7,1.7,0,0,0,0
     did not apply,..,..,..,88,88,100,88,88,0,90,90,0,93,93,0,100,100,0
Standing,,,,,,,,,,,,,,,,,,
     once,0,0,0,26,27,0,8,8,0,8,8,0,0,0,0,12,12,0
     twice,52,52,50,43,44,0,68,68,0,60,60,0,8,8,0,65,65,0
     thrice,20,21,0,10,10,0,15,15,0,17,17,0,7,7,0,18,18,0
     4 times,16,14,50,12,10,100,8,8,0,10,10,0,40,40,0,3,3,0
     5 times,3,3,0,8,8,0,0,0,0,5,5,0,22,22,0,0,0,0
     6 times,6,6,0,0,0,0,0,0,0,0,0,0,20,20,0,0,0,0
     7 times,0,0,0,1,1.1,0,0,0,0,0,0,0,0,0,0,0,0,0
     8 times,3,3,0,0,0,0,0,0,0,0,0,0,0,0,0,0,0,0
     9 times,0,0,0,0,0,0,0,0,0,0,0,0,3,3,0,0,0,0
     did not apply,0,0,0,0,0,0,0,0,0,0,0,0,0,0,0,2,2,0
North Cotabato,Jul-Dec 2006 harvest,,,Jan-Jun 2007 harvest,,,Jul-Dec 2011 harvest,,,Jan-Jun 2012 harvest,,,Jul-Dec 2016 harvest,,,Jan-Jun 2017 harvest,,
Frequency of fertilizer application,ALL ECOSYSTEMS,IRRIGATED,NON-IRRIGATED,ALL ECOSYSTEMS,IRRIGATED,NON-IRRIGATED,ALL ECOSYSTEMS,IRRIGATED,NON-IRRIGATED,ALL ECOSYSTEMS,IRRIGATED,NON-IRRIGATED,ALL ECOSYSTEMS,IRRIGATED,NON-IRRIGATED,ALL ECOSYSTEMS,IRRIGATED,NON-IRRIGATED
,(n = 41),(n = 30),(n = 11),(n = 39),(n = 36),(n = 3),(n = 84),(n = 59),(n = 25),(n = 68),(n = 49),(n = 19),(n = 77),(n = 56),(n = 21),(n = 79),(n = 51),(n = 28)
,(Percent of farmers),,,,,,,,,,,,,,,,,
Seedbed*,,,,,,,,,,,,,,,,,,
     once,100,100,100,73,68,0,56,57,50,69,64,100,47,47,50,0,0,0
     twice,0,0,0,0,0,0,0,0,0,0,0,0,6,7,0,0,0,0
     did not apply,0,0,0,27,32,0,44,43,50,31,36,0,47,47,50,100,100,100
Pre-establishment,,,,,,,,,,,,,,,,,,
     once,..,..,..,4,0,0,2,3,0,4,6,0,1,2,0,0,0,0
     did not apply,..,..,..,96,100,100,98,97,100,96,94,100,99,98,100,100,100,100
Standing,,,,,,,,,,,,,,,,,,
     once,18,11,36,8,5,33,12,14,8,16,14,21,5,4,0,29,24,29
     twice,65,73,45,64,62,67,70,68,76,56,53,63,40,45,29,38,35,50
     thrice,9,12,0,17,20,0,15,15,16,24,31,5,28,27,38,24,33,14
     4 times,3,5,0,12,14,0,0,0,0,1,0,5,16,13,29,3,4,4
     5 times,0,0,0,0,0,0,0,0,0,0,0,0,2.4,3.6,0,0,0,0
     6 times,0,0,0,0,0,0,0,0,0,0,0,0,2.4,3.6,0,0,0,0
     9 times,0,0,0,0,0,0,0,0,0,0,0,0,1.2,1.8,0,0,0,0
     did not apply,5,0,18,0,0,0,2,3,0,3,2,5,5,4,5,5,4,4
South Cotabato,Jul-Dec 2006 harvest,,,Jan-Jun 2007 harvest,,,Jul-Dec 2011 harvest,,,Jan-Jun 2012 harvest,,,Jul-Dec 2016 harvest,,,Jan-Jun 2017 harvest,,
Frequency of fertilizer application,ALL ECOSYSTEMS,IRRIGATED,NON-IRRIGATED,ALL ECOSYSTEMS,IRRIGATED,NON-IRRIGATED,ALL ECOSYSTEMS,IRRIGATED,NON-IRRIGATED,ALL ECOSYSTEMS,IRRIGATED,NON-IRRIGATED,ALL ECOSYSTEMS,IRRIGATED,NON-IRRIGATED,ALL ECOSYSTEMS,IRRIGATED,NON-IRRIGATED
,(n = 49),(n = 40),(n = 9),(n = 48),(n = 47),(n = 1),(n = 59),(n = 50),(n = 9),(n = 56),(n = 47),(n = 9),(n = 58),(n = 52),(n = 6),(n = 58),(n = 46),(n = 12)
,(Percent of farmers),,,,,,,,,,,,,,,,,
Seedbed*,,,,,,,,,,,,,,,,,,
     once,100,100,100,14,0,100,25,28,0,12,12,0,13,13,0,0,0,0
     twice,0,0,0,0,0,0,0,0,0,0,0,0,25,25,0,0,0,0
     did not apply,0,0,0,86,100,0,75,72,100,88,88,0,63,63,0,100,100,0
Pre-establishment,,,,,,,,,,,,,,,,,,
     twice,..,..,..,0,0,0,0,0,0,0,0,0,3,4,0,0,0,0
     did not apply,..,..,..,100,100,100,100,100,100,100,100,100,97,96,100,100,100,100
Standing,,,,,,,,,,,,,,,,,,
     once,6,3,27,5,5,0,3,2,11,5,0,33,2,2,0,7,7,8
     twice,75,78,45,39,36,100,69,68,78,75,77,67,31,27,50,67,67,75
     thrice,15,14,27,56,58,0,19,20,11,14,17,0,29,29,33,23,26,8
     4 times,4,4,0,0,0,0,3,4,0,2,2,0,20,23,0,2,0,8
     5 times,0,0,0,0,0,0,3,4,0,2,2,0,14,13,17,0,0,0
     6 times,0,0,0,0,0,0,0,0,0,0,0,0,3,4,0,0,0,0
     did not apply,0,0,0,0,0,0,2,2,0,2,2,0,2,2,0,2,0,0
Sultan Kudarat,Jul-Dec 2006 harvest,,,Jan-Jun 2007 harvest,,,Jul-Dec 2011 harvest,,,Jan-Jun 2012 harvest,,,Jul-Dec 2016 harvest,,,Jan-Jun 2017 harvest,,
Frequency of fertilizer application,ALL ECOSYSTEMS,IRRIGATED,NON-IRRIGATED,ALL ECOSYSTEMS,IRRIGATED,NON-IRRIGATED,ALL ECOSYSTEMS,IRRIGATED,NON-IRRIGATED,ALL ECOSYSTEMS,IRRIGATED,NON-IRRIGATED,ALL ECOSYSTEMS,IRRIGATED,NON-IRRIGATED,ALL ECOSYSTEMS,IRRIGATED,NON-IRRIGATED
,(n = 53),(n = 40),(n = 13),(n = 46),(n = 39),(n = 7),(n = 58),(n = 43),(n = 15),(n = 40),(n = 40),(n = 0),(n = 60),(n = 43),(n = 17),(n = 55),(n = 35),(n = 20)
,(Percent of farmers),,,,,,,,,,,,,,,,,
Seedbed*,,,,,,,,,,,,,,,,,,
     once,91,89,100,67,67,0,90,90,0,83,83,0,0,0,0,0,0,0
     twice,9,11,0,33,33,0,0,0,0,6,6,0,0,0,0,0,0,0
     did not apply,0,0,0,0,0,0,10,10,0,11,11,0,0,0,0,100,100,0
Pre-establishment,,,,,,,,,,,,,,,,,,
     did not apply,..,..,..,100,100,100,100,100,100,100,100,0,100,100,100,100,100,100
Standing,,,,,,,,,,,,,,,,,,
     once,9,5,23,9,6,16,2,2,0,3,3,0,2,2,0,20,26,10
     twice,79,85,62,77,76,84,91,93,87,70,70,0,45,47,41,50,40,75
     thrice,9,10,8,14,17,0,5,2,13,25,25,0,23,26,18,23,31,15
     4 times,2,0,8,0,0,0,2,2,0,0,0,0,18,12,35,0,0,0
     5 times,0,0,0,0,0,0,0,0,0,0,0,0,8,9,6,0,0,0
     6 times,0,0,0,0,0,0,0,0,0,0,0,0,1.7,2.3,0,0,0,0
     7 times,0,0,0,0,0,0,0,0,0,0,0,0,1.7,2.3,0,0,0,0
     did not apply,0,0,0,0,0,0,0,0,0,3,3,0,0,0,0,7,3,0
Agusan del Norte,Jul-Dec 2006 harvest,,,Jan-Jun 2007 harvest,,,Jul-Dec 2011 harvest,,,Jan-Jun 2012 harvest,,,Jul-Dec 2016 harvest,,,Jan-Jun 2017 harvest,,
Frequency of fertilizer application,ALL ECOSYSTEMS,IRRIGATED,NON-IRRIGATED,ALL ECOSYSTEMS,IRRIGATED,NON-IRRIGATED,ALL ECOSYSTEMS,IRRIGATED,NON-IRRIGATED,ALL ECOSYSTEMS,IRRIGATED,NON-IRRIGATED,ALL ECOSYSTEMS,IRRIGATED,NON-IRRIGATED,ALL ECOSYSTEMS,IRRIGATED,NON-IRRIGATED
,(n = 25),(n = 15),(n = 10),(n = 25),(n = 17),(n = 8),(n = 57),(n = 32),(n = 25),(n = 51),(n = 34),(n = 17),(n = 43),(n = 33),(n = 10),(n = 52),(n = 36),(n = 16)
,(Percent of farmers),,,,,,,,,,,,,,,,,
Seedbed*,,,,,,,,,,,,,,,,,,
     once,100,100,100,34,49,14,80,90,67,70,71,69,63,67,60,0,0,0
     twice,0,0,0,0,0,0,2,3,0,4,6,0,7,9,0,0,0,0
     thrice,0,0,0,0,0,0,0,0,0,0,0,0,2.2,3,0,0,0,0
     did not apply,0,0,0,66,51,86,18,6,33,26,24,31,28,21,40,100,100,100
Pre-establishment,,,,,,,,,,,,,,,,,,
     once,..,..,..,14,8,21,7,9,4,10,15,0,15,12,30,0,0,0
     twice,..,..,..,0,0,0,2,3,0,0,0,0,2,3,0,0,0,0
     did not apply,..,..,..,86,92,79,91,88,96,90,85,100,83,85,70,100,100,100
Standing,,,,,,,,,,,,,,,,,,
     once,31,33,27,37,16,64,16,19,12,20,12,35,13,9,10,22,19,38
     twice,39,47,27,49,59,36,63,50,80,51,47,59,22,21,20,45,53,50
     thrice,17,13,23,0,0,0,11,19,0,18,24,6,22,24,20,17,22,13
     4 times,13,7,23,5,8,0,7,13,0,4,6,0,28,30,30,0,0,0
     5 times,0,0,0,0,0,0,0,0,0,0,0,0,9,12,0,0,0,0
     6 times,0,0,0,9,16,0,0,0,0,0,0,0,2,3,0,0,0,0
     did not apply,0,0,0,0,0,0,4,0,8,8,12,0,4,0,20,17,6,0
Agusan del Sur,Jul-Dec 2006 harvest,,,Jan-Jun 2007 harvest,,,Jul-Dec 2011 harvest,,,Jan-Jun 2012 harvest,,,Jul-Dec 2016 harvest,,,Jan-Jun 2017 harvest,,
Frequency of fertilizer application,ALL ECOSYSTEMS,IRRIGATED,NON-IRRIGATED,ALL ECOSYSTEMS,IRRIGATED,NON-IRRIGATED,ALL ECOSYSTEMS,IRRIGATED,NON-IRRIGATED,ALL ECOSYSTEMS,IRRIGATED,NON-IRRIGATED,ALL ECOSYSTEMS,IRRIGATED,NON-IRRIGATED,ALL ECOSYSTEMS,IRRIGATED,NON-IRRIGATED
,(n = 41),(n = 26),(n = 15),(n = 41),(n = 24),(n = 17),(n = 54),(n = 34),(n = 20),(n = 60),(n = 32),(n = 28),(n = 37),(n = 24),(n = 13),(n = 58),(n = 43),(n = 15)
,(Percent of farmers),,,,,,,,,,,,,,,,,
Seedbed*,,,,,,,,,,,,,,,,,,
     once,100,100,100,49,59,36,41,55,27,57,88,28,42,77,0,0,0,0
     twice,0,0,0,0,0,0,5,9,0,0,0,0,4,0,14,0,0,0
     did not apply,0,0,0,51,41,64,55,36,73,43,12,72,54,23,86,100,100,100
Pre-establishment,,,,,,,,,,,,,,,,,,
     once,..,..,..,2,4,0,4,6,0,5,3,7,4,8,0,0,0,0
     did not apply,..,..,..,98,96,100,96,94,100,95,97,93,96,92,100,100,100,100
Standing,,,,,,,,,,,,,,,,,,
     once,20,16,27,38,32,45,33,24,50,23,25,21,17,13,23,17,19,13
     twice,35,34,38,36,36,36,46,53,35,45,50,39,30,29,23,63,72,47
     thrice,27,25,29,10,12,9,13,18,5,13,13,14,24,25,23,12,7,27
     4 times,2,4,0,4,4,4,4,3,5,5,3,7,20,25,23,2,2,0
     5 times,5,7,0,0,0,0,0,0,0,2,3,0,0,0,0,0,0,0
     6 times,0,0,0,0,0,0,0,0,0,0,0,0,4,4,8,0,0,0
     8 times,2.3,3.6,0,0,0,0,0,0,0,0,0,0,0,0,0,0,0,0
     12 times,0,0,0,2,3.8,0,0,0,0,0,0,0,0,0,0,0,0,0
     did not apply,9,11,7,10,13,6,4,3,5,12,6,18,4,4,0,7,0,13
Lanao Del Sur,Jul-Dec 2006 harvest,,,Jan-Jun 2007 harvest,,,Jul-Dec 2011 harvest,,,Jan-Jun 2012 harvest,,,Jul-Dec 2016 harvest,,,Jan-Jun 2017 harvest,,
Frequency of fertilizer application,ALL ECOSYSTEMS,IRRIGATED,NON-IRRIGATED,ALL ECOSYSTEMS,IRRIGATED,NON-IRRIGATED,ALL ECOSYSTEMS,IRRIGATED,NON-IRRIGATED,ALL ECOSYSTEMS,IRRIGATED,NON-IRRIGATED,ALL ECOSYSTEMS,IRRIGATED,NON-IRRIGATED,ALL ECOSYSTEMS,IRRIGATED,NON-IRRIGATED
,(n = 0),(n = 0),(n = 0),(n = 0),(n = 0),(n = 0),(n = 0),(n = 0),(n = 0),(n = 0),(n = 0),(n = 0),(n = 39),(n = 16),(n = 23),(n = 0),(n = 0),(n = 0)
,(Percent of farmers),,,,,,,,,,,,,,,,,
Seedbed*,,,,,,,,,,,,,,,,,,
     once,..,..,..,0,0,0,0,0,0,0,0,0,4,8,5,0,0,0
     twice,..,..,..,0,0,0,0,0,0,0,0,0,2,8,0,0,0,0
     did not apply,..,..,..,0,0,0,0,0,0,0,0,0,94,85,95,0,0,0
Pre-establishment,,,,,,,,,,,,,,,,,,
     once,..,..,..,0,0,0,0,0,0,0,0,0,5,0,4,0,0,0
     did not apply,..,..,..,0,0,0,0,0,0,0,0,0,95,100,96,0,0,0
Standing,,,,,,,,,,,,,,,,,,
     once,..,..,..,0,0,0,0,0,0,0,0,0,30,19,30,0,0,0
     twice,..,..,..,0,0,0,0,0,0,0,0,0,52,63,57,0,0,0
     thrice,0,0,0,0,0,0,0,0,0,0,0,0,2,6,0,0,0,0
     4 times,0,0,0,0,0,0,0,0,0,0,0,0,5,13,4,0,0,0
     did not apply,..,..,..,0,0,0,0,0,0,0,0,0,12,0,9,0,0,0
Maguindanao,Jul-Dec 2006 harvest,,,Jan-Jun 2007 harvest,,,Jul-Dec 2011 harvest,,,Jan-Jun 2012 harvest,,,Jul-Dec 2016 harvest,,,Jan-Jun 2017 harvest,,
Frequency of fertilizer application,ALL ECOSYSTEMS,IRRIGATED,NON-IRRIGATED,ALL ECOSYSTEMS,IRRIGATED,NON-IRRIGATED,ALL ECOSYSTEMS,IRRIGATED,NON-IRRIGATED,ALL ECOSYSTEMS,IRRIGATED,NON-IRRIGATED,ALL ECOSYSTEMS,IRRIGATED,NON-IRRIGATED,ALL ECOSYSTEMS,IRRIGATED,NON-IRRIGATED
,(n = 37),(n = 23),(n = 14),(n = 28),(n = 28),(n = 0),(n = 65),(n = 58),(n = 7),(n = 34),(n = 31),(n = 3),(n = 82),(n = 56),(n = 26),(n = 77),(n = 43),(n = 34)
,(Percent of farmers),,,,,,,,,,,,,,,,,
Seedbed*,,,,,,,,,,,,,,,,,,
     once,100,100,0,100,100,0,17,21,0,44,57,0,58,64,50,0,0,0
     twice,0,0,0,0,0,0,8,11,0,33,43,0,4,0,0,0,0,0
     did not apply,0,0,0,0,0,0,75,68,100,22,0,100,38,36,50,100,100,100
Pre-establishment,,,,,,,,,,,,,,,,,,
     once,..,..,..,0,0,0,0,0,0,0,0,0,1.2,1.8,0,0,0,0
     twice,..,..,..,0,0,0,1.5,1.7,0,0,0,0,0,0,0,0,0,0
     thrice,0,0,0,0,0,0,0,0,0,0,0,0,1.2,1.8,0,0,0,0
     did not apply,..,..,..,100,100,0,98,98,100,100,100,100,98,96,100,100,100,100
Standing,,,,,,,,,,,,,,,,,,
     once,16,21,9,0,0,0,8,7,14,15,13,33,19,13,31,16,12,18
     twice,80,74,91,73,73,0,91,91,86,71,74,33,55,57,50,53,47,71
     thrice,1,2,0,27,27,0,2,2,0,6,6,0,17,23,8,26,40,11
     4 times,0,0,0,0,0,0,0,0,0,6,6,0,6,5,8,1,2,0
     did not apply,2,4,0,0,0,0,0,0,0,3,0,33,3,2,4,4,0,0
