Philippines,Jul-Dec 2006 harvest,,,,,,Jan-Jun 2007 harvest,,,,,,Jul-Dec 2011 harvest,,,,,,Jan-Jun 2012 harvest,,,,,
Information on borrowed capital,ALL ECOSYSTEMS,,IRRIGATED,,NON-IRRIGATED,,ALL ECOSYSTEMS,,IRRIGATED,,NON-IRRIGATED,,ALL ECOSYSTEMS,,IRRIGATED,,NON-IRRIGATED,,ALL ECOSYSTEMS,,IRRIGATED,,NON-IRRIGATED,
,(n = 903),,(n = 697),,(n = 206),,(n = 598),,(n = 505),,(n = 93),,"(n = 1,099)",,(n = 917),,(n = 182),,(n = 902),,(n = 782),,(n = 120),
,(average),,,,,,,,,,,,,,,,,,,,,,,
,Mean,SDa,Mean,SDa,Mean,SDa,Mean,SDa,Mean,SDa,Mean,SDa,Mean,SDa,Mean,SDa,Mean,SDa,Mean,SDa,Mean,SDa,Mean,SDa
Amount Borrowed (₱),10369,11788,10980,12000,8270,10925,11494,16752,12327,16788,6881,15798,17338,36508,18594,39707,11146,11559,16172,20522,17057,21520,10403,10512
Loan Period (number of months),4,1,4,1,4,1,4,1,4,1,4,1,4,1,4,1,4,1,4,1,4,1,4,1
Monthly interest rate (percent),8,3,8,3,8,3,8,4,8,4,9,4,5,5,4,4,6,6,5,5,5,5,6,5
Ilocos Norte,Jul-Dec 2006 harvest,,,,,,Jan-Jun 2007 harvest,,,,,,Jul-Dec 2011 harvest,,,,,,Jan-Jun 2012 harvest,,,,,
Information on borrowed capital,ALL ECOSYSTEMS,,IRRIGATED,,NON-IRRIGATED,,ALL ECOSYSTEMS,,IRRIGATED,,NON-IRRIGATED,,ALL ECOSYSTEMS,,IRRIGATED,,NON-IRRIGATED,,ALL ECOSYSTEMS,,IRRIGATED,,NON-IRRIGATED,
,(n = 7),,(n = 5),,(n = 2),,(n = 4),,(n = 4),,(n = 0),,(n = 14),,(n = 13),,(n = 1),,(n = 3),,(n = 3),,(n = 0),
,(average),,,,,,,,,,,,,,,,,,,,,,,
,Mean,SDa,Mean,SDa,Mean,SDa,Mean,SDa,Mean,SDa,Mean,SDa,Mean,SDa,Mean,SDa,Mean,SDa,Mean,SDa,Mean,SDa,Mean,SDa
Amount Borrowed (₱),4264,3061,3480,2058,6225,5339,4500,3109,4500,3109,0,0,7128,9968,7484,10282,2500,0,3000,1000,3000,1000,0,0
Loan Period (number of months),5,2,4,1,7,4,4,1,4,1,0,0,5,2,5,2,6,0,3,1,3,1,0,0
Monthly interest rate (percent),9,5,11,2,2,0,9,6,9,6,0,0,2,2,2,2,0,0,12,3,12,3,0,0
Pangasinan,Jul-Dec 2006 harvest,,,,,,Jan-Jun 2007 harvest,,,,,,Jul-Dec 2011 harvest,,,,,,Jan-Jun 2012 harvest,,,,,
Information on borrowed capital,ALL ECOSYSTEMS,,IRRIGATED,,NON-IRRIGATED,,ALL ECOSYSTEMS,,IRRIGATED,,NON-IRRIGATED,,ALL ECOSYSTEMS,,IRRIGATED,,NON-IRRIGATED,,ALL ECOSYSTEMS,,IRRIGATED,,NON-IRRIGATED,
,(n = 54),,(n = 45),,(n = 9),,(n = 19),,(n = 19),,(n = 0),,(n = 66),,(n = 62),,(n = 4),,(n = 42),,(n = 42),,(n = 0),
,(average),,,,,,,,,,,,,,,,,,,,,,,
,Mean,SDa,Mean,SDa,Mean,SDa,Mean,SDa,Mean,SDa,Mean,SDa,Mean,SDa,Mean,SDa,Mean,SDa,Mean,SDa,Mean,SDa,Mean,SDa
Amount Borrowed (₱),8412,8550,9246,9091,4244,2490,7000,7824,7000,7824,0,0,9483,5629,9740,5667,5500,3317,9567,7477,9567,7477,0,0
Loan Period (number of months),4,1,4,1,4,1,4,1,4,1,0,0,4,1,4,1,4,0,4,1,4,1,0,0
Monthly interest rate (percent),8,3,8,3,9,4,6,3,6,3,0,0,3,7,4,7,1,1,7,6,7,6,0,0
Cagayan,Jul-Dec 2006 harvest,,,,,,Jan-Jun 2007 harvest,,,,,,Jul-Dec 2011 harvest,,,,,,Jan-Jun 2012 harvest,,,,,
Information on borrowed capital,ALL ECOSYSTEMS,,IRRIGATED,,NON-IRRIGATED,,ALL ECOSYSTEMS,,IRRIGATED,,NON-IRRIGATED,,ALL ECOSYSTEMS,,IRRIGATED,,NON-IRRIGATED,,ALL ECOSYSTEMS,,IRRIGATED,,NON-IRRIGATED,
,(n = 62),,(n = 50),,(n = 12),,(n = 53),,(n = 40),,(n = 13),,(n = 65),,(n = 51),,(n = 14),,(n = 63),,(n = 50),,(n = 13),
,(average),,,,,,,,,,,,,,,,,,,,,,,
,Mean,SDa,Mean,SDa,Mean,SDa,Mean,SDa,Mean,SDa,Mean,SDa,Mean,SDa,Mean,SDa,Mean,SDa,Mean,SDa,Mean,SDa,Mean,SDa
Amount Borrowed (₱),9060,7966,9975,8485,5248,3388,11296,13056,13304,14299,5117,4406,15383,23162,17406,25644,8014,6114,17118,37634,18499,41996,11808,8807
Loan Period (number of months),4,0,4,0,4,0,4,0,4,0,4,0,4,1,4,1,4,1,4,0,4,0,4,0
Monthly interest rate (percent),6,2,6,2,6,2,6,2,5,2,7,3,4,2,4,2,4,3,5,3,5,3,4,2
Isabela,Jul-Dec 2006 harvest,,,,,,Jan-Jun 2007 harvest,,,,,,Jul-Dec 2011 harvest,,,,,,Jan-Jun 2012 harvest,,,,,
Information on borrowed capital,ALL ECOSYSTEMS,,IRRIGATED,,NON-IRRIGATED,,ALL ECOSYSTEMS,,IRRIGATED,,NON-IRRIGATED,,ALL ECOSYSTEMS,,IRRIGATED,,NON-IRRIGATED,,ALL ECOSYSTEMS,,IRRIGATED,,NON-IRRIGATED,
,(n = 57),,(n = 50),,(n = 7),,(n = 52),,(n = 46),,(n = 6),,(n = 68),,(n = 59),,(n = 9),,(n = 58),,(n = 51),,(n = 7),
,(average),,,,,,,,,,,,,,,,,,,,,,,
,Mean,SDa,Mean,SDa,Mean,SDa,Mean,SDa,Mean,SDa,Mean,SDa,Mean,SDa,Mean,SDa,Mean,SDa,Mean,SDa,Mean,SDa,Mean,SDa
Amount Borrowed (₱),14851,15624,16310,16153,4429,1694,16997,28326,18747,29690,3583,2538,20990,20176,22226,20461,12889,16996,19983,21125,21520,21848,8786,9755
Loan Period (number of months),4,1,4,1,5,1,4,1,4,1,4,0,5,1,4,1,5,1,4,1,4,1,4,0
Monthly interest rate (percent),7,2,7,2,6,2,7,2,7,2,9,3,5,3,5,3,6,2,6,4,6,4,7,2
Aurora,Jul-Dec 2006 harvest,,,,,,Jan-Jun 2007 harvest,,,,,,Jul-Dec 2011 harvest,,,,,,Jan-Jun 2012 harvest,,,,,
Information on borrowed capital,ALL ECOSYSTEMS,,IRRIGATED,,NON-IRRIGATED,,ALL ECOSYSTEMS,,IRRIGATED,,NON-IRRIGATED,,ALL ECOSYSTEMS,,IRRIGATED,,NON-IRRIGATED,,ALL ECOSYSTEMS,,IRRIGATED,,NON-IRRIGATED,
,(n = 19),,(n = 18),,(n = 1),,(n = 10),,(n = 10),,(n = 0),,(n = 31),,(n = 29),,(n = 2),,(n = 39),,(n = 38),,(n = 1),
,(average),,,,,,,,,,,,,,,,,,,,,,,
,Mean,SDa,Mean,SDa,Mean,SDa,Mean,SDa,Mean,SDa,Mean,SDa,Mean,SDa,Mean,SDa,Mean,SDa,Mean,SDa,Mean,SDa,Mean,SDa
Amount Borrowed (₱),9632,4478,9611,4607,10000,0,6100,2132,6100,2132,0,0,22261,27725,22072,28657,25000,7071,14845,15055,14841,15257,15000,0
Loan Period (number of months),3,0,3,0,3,0,4,0,4,0,0,0,4,1,3,1,5,2,4,1,4,1,3,0
Monthly interest rate (percent),10,0,10,0,10,0,10,0,10,0,0,0,3,3,3,3,1,0,3,2,3,2,3,0
Bulacan,Jul-Dec 2006 harvest,,,,,,Jan-Jun 2007 harvest,,,,,,Jul-Dec 2011 harvest,,,,,,Jan-Jun 2012 harvest,,,,,
Information on borrowed capital,ALL ECOSYSTEMS,,IRRIGATED,,NON-IRRIGATED,,ALL ECOSYSTEMS,,IRRIGATED,,NON-IRRIGATED,,ALL ECOSYSTEMS,,IRRIGATED,,NON-IRRIGATED,,ALL ECOSYSTEMS,,IRRIGATED,,NON-IRRIGATED,
,(n = 32),,(n = 17),,(n = 15),,(n = 12),,(n = 12),,(n = 0),,(n = 34),,(n = 20),,(n = 14),,(n = 15),,(n = 15),,(n = 0),
,(average),,,,,,,,,,,,,,,,,,,,,,,
,Mean,SDa,Mean,SDa,Mean,SDa,Mean,SDa,Mean,SDa,Mean,SDa,Mean,SDa,Mean,SDa,Mean,SDa,Mean,SDa,Mean,SDa,Mean,SDa
Amount Borrowed (₱),18459,19317,13941,12054,23811,25110,20200,16560,20200,16560,0,0,17153,10569,16460,11932,18143,8583,27593,35785,27593,35785,0,0
Loan Period (number of months),4,2,4,2,4,1,4,1,4,1,0,0,5,4,5,5,5,1,5,5,5,5,0,0
Monthly interest rate (percent),6,3,7,3,6,2,9,7,9,7,0,0,2,2,2,3,2,2,2,3,2,3,0,0
Nueva Ecija,Jul-Dec 2006 harvest,,,,,,Jan-Jun 2007 harvest,,,,,,Jul-Dec 2011 harvest,,,,,,Jan-Jun 2012 harvest,,,,,
Information on borrowed capital,ALL ECOSYSTEMS,,IRRIGATED,,NON-IRRIGATED,,ALL ECOSYSTEMS,,IRRIGATED,,NON-IRRIGATED,,ALL ECOSYSTEMS,,IRRIGATED,,NON-IRRIGATED,,ALL ECOSYSTEMS,,IRRIGATED,,NON-IRRIGATED,
,(n = 77),,(n = 68),,(n = 9),,(n = 60),,(n = 59),,(n = 1),,(n = 106),,(n = 100),,(n = 6),,(n = 82),,(n = 82),,(n = 0),
,(average),,,,,,,,,,,,,,,,,,,,,,,
,Mean,SDa,Mean,SDa,Mean,SDa,Mean,SDa,Mean,SDa,Mean,SDa,Mean,SDa,Mean,SDa,Mean,SDa,Mean,SDa,Mean,SDa,Mean,SDa
Amount Borrowed (₱),15474,13391,16956,13690,4889,2804,24850,28066,25051,28264,13000,0,32109,97310,33626,100007,6833,3920,27341,24723,27341,24723,0,0
Loan Period (number of months),4,1,4,1,4,0,4,1,4,1,0,0,4,1,4,1,3,1,4,1,4,1,0,0
Monthly interest rate (percent),7,2,7,2,8,2,8,3,8,3,0,0,3,3,3,3,3,4,4,3,4,3,0,0
Pampanga,Jul-Dec 2006 harvest,,,,,,Jan-Jun 2007 harvest,,,,,,Jul-Dec 2011 harvest,,,,,,Jan-Jun 2012 harvest,,,,,
Information on borrowed capital,ALL ECOSYSTEMS,,IRRIGATED,,NON-IRRIGATED,,ALL ECOSYSTEMS,,IRRIGATED,,NON-IRRIGATED,,ALL ECOSYSTEMS,,IRRIGATED,,NON-IRRIGATED,,ALL ECOSYSTEMS,,IRRIGATED,,NON-IRRIGATED,
,(n = 20),,(n = 16),,(n = 4),,(n = 22),,(n = 22),,(n = 0),,(n = 27),,(n = 27),,(n = 0),,(n = 25),,(n = 25),,(n = 0),
,(average),,,,,,,,,,,,,,,,,,,,,,,
,Mean,SDa,Mean,SDa,Mean,SDa,Mean,SDa,Mean,SDa,Mean,SDa,Mean,SDa,Mean,SDa,Mean,SDa,Mean,SDa,Mean,SDa,Mean,SDa
Amount Borrowed (₱),19350,14009,18188,14784,24000,10677,14818,16561,14818,16561,0,0,25161,17881,26111,18795,0,0,32200,24541,32200,24541,0,0
Loan Period (number of months),4,1,4,1,4,1,3,1,3,1,0,0,4,1,3,1,0,0,4,1,4,1,0,0
Monthly interest rate (percent),6,2,6,2,8,3,5,2,5,2,0,0,2,1,2,1,0,0,3,2,3,2,0,0
Tarlac,Jul-Dec 2006 harvest,,,,,,Jan-Jun 2007 harvest,,,,,,Jul-Dec 2011 harvest,,,,,,Jan-Jun 2012 harvest,,,,,
Information on borrowed capital,ALL ECOSYSTEMS,,IRRIGATED,,NON-IRRIGATED,,ALL ECOSYSTEMS,,IRRIGATED,,NON-IRRIGATED,,ALL ECOSYSTEMS,,IRRIGATED,,NON-IRRIGATED,,ALL ECOSYSTEMS,,IRRIGATED,,NON-IRRIGATED,
,(n = 51),,(n = 40),,(n = 11),,(n = 18),,(n = 18),,(n = 0),,(n = 50),,(n = 45),,(n = 5),,(n = 20),,(n = 20),,(n = 0),
,(average),,,,,,,,,,,,,,,,,,,,,,,
,Mean,SDa,Mean,SDa,Mean,SDa,Mean,SDa,Mean,SDa,Mean,SDa,Mean,SDa,Mean,SDa,Mean,SDa,Mean,SDa,Mean,SDa,Mean,SDa
Amount Borrowed (₱),9069,11342,10500,12434,3864,1485,8250,6417,8250,6417,0,0,13800,12654,14200,13221,10200,4550,16250,12798,16250,12798,0,0
Loan Period (number of months),4,1,4,1,4,0,4,1,4,1,0,0,4,2,4,2,4,0,4,2,4,2,0,0
Monthly interest rate (percent),7,3,6,2,10,3,10,3,10,3,0,0,3,2,3,2,2,2,5,4,5,4,0,0
Laguna,Jul-Dec 2006 harvest,,,,,,Jan-Jun 2007 harvest,,,,,,Jul-Dec 2011 harvest,,,,,,Jan-Jun 2012 harvest,,,,,
Information on borrowed capital,ALL ECOSYSTEMS,,IRRIGATED,,NON-IRRIGATED,,ALL ECOSYSTEMS,,IRRIGATED,,NON-IRRIGATED,,ALL ECOSYSTEMS,,IRRIGATED,,NON-IRRIGATED,,ALL ECOSYSTEMS,,IRRIGATED,,NON-IRRIGATED,
,(n = 18),,(n = 15),,(n = 3),,(n = 11),,(n = 10),,(n = 1),,(n = 16),,(n = 16),,(n = 0),,(n = 16),,(n = 16),,(n = 0),
,(average),,,,,,,,,,,,,,,,,,,,,,,
,Mean,SDa,Mean,SDa,Mean,SDa,Mean,SDa,Mean,SDa,Mean,SDa,Mean,SDa,Mean,SDa,Mean,SDa,Mean,SDa,Mean,SDa,Mean,SDa
Amount Borrowed (₱),15139,15993,17400,16654,3833,1607,18209,14055,19530,14077,5000,0,30969,49173,30969,49173,0,0,31938,49770,31938,49770,0,0
Loan Period (number of months),5,2,5,3,4,1,4,1,4,1,4,0,4,1,4,1,0,0,4,1,4,1,0,0
Monthly interest rate (percent),4,2,4,3,5,2,5,3,5,2,10,0,1,2,1,2,0,0,2,3,2,3,0,0
Quezon,Jul-Dec 2006 harvest,,,,,,Jan-Jun 2007 harvest,,,,,,Jul-Dec 2011 harvest,,,,,,Jan-Jun 2012 harvest,,,,,
Information on borrowed capital,ALL ECOSYSTEMS,,IRRIGATED,,NON-IRRIGATED,,ALL ECOSYSTEMS,,IRRIGATED,,NON-IRRIGATED,,ALL ECOSYSTEMS,,IRRIGATED,,NON-IRRIGATED,,ALL ECOSYSTEMS,,IRRIGATED,,NON-IRRIGATED,
,(n = 12),,(n = 12),,(n = 0),,(n = 4),,(n = 2),,(n = 2),,(n = 10),,(n = 8),,(n = 2),,(n = 6),,(n = 5),,(n = 1),
,(average),,,,,,,,,,,,,,,,,,,,,,,
,Mean,SDa,Mean,SDa,Mean,SDa,Mean,SDa,Mean,SDa,Mean,SDa,Mean,SDa,Mean,SDa,Mean,SDa,Mean,SDa,Mean,SDa,Mean,SDa
Amount Borrowed (₱),3563,2086,3563,2086,0,0,10750,12868,17500,17678,4000,1414,7928,6412,7659,6494,9000,8485,7901,9160,5481,7807,20000,0
Loan Period (number of months),4,3,4,3,0,0,3,1,4,1,3,0,3,1,3,1,3,1,4,1,3,1,4,0
Monthly interest rate (percent),8,3,8,3,0,0,7,3,5,0,10,0,2,4,2,4,2,3,2,1,2,1,2,0
Occidental Mindoro,Jul-Dec 2006 harvest,,,,,,Jan-Jun 2007 harvest,,,,,,Jul-Dec 2011 harvest,,,,,,Jan-Jun 2012 harvest,,,,,
Information on borrowed capital,ALL ECOSYSTEMS,,IRRIGATED,,NON-IRRIGATED,,ALL ECOSYSTEMS,,IRRIGATED,,NON-IRRIGATED,,ALL ECOSYSTEMS,,IRRIGATED,,NON-IRRIGATED,,ALL ECOSYSTEMS,,IRRIGATED,,NON-IRRIGATED,
,(n = 38),,(n = 23),,(n = 15),,(n = 17),,(n = 17),,(n = 0),,(n = 31),,(n = 27),,(n = 4),,(n = 23),,(n = 23),,(n = 0),
,(average),,,,,,,,,,,,,,,,,,,,,,,
,Mean,SDa,Mean,SDa,Mean,SDa,Mean,SDa,Mean,SDa,Mean,SDa,Mean,SDa,Mean,SDa,Mean,SDa,Mean,SDa,Mean,SDa,Mean,SDa
Amount Borrowed (₱),11513,14700,8978,10658,15400,19127,10971,12758,10971,12758,0,0,19790,13989,20870,14613,12500,5000,18326,15478,18326,15478,0,0
Loan Period (number of months),4,1,4,1,5,2,3,0,3,0,0,0,4,2,4,2,4,1,4,1,4,1,0,0
Monthly interest rate (percent),7,3,7,3,7,2,12,8,12,8,0,0,5,5,5,5,3,3,6,5,6,5,0,0
Oriental Mindoro,Jul-Dec 2006 harvest,,,,,,Jan-Jun 2007 harvest,,,,,,Jul-Dec 2011 harvest,,,,,,Jan-Jun 2012 harvest,,,,,
Information on borrowed capital,ALL ECOSYSTEMS,,IRRIGATED,,NON-IRRIGATED,,ALL ECOSYSTEMS,,IRRIGATED,,NON-IRRIGATED,,ALL ECOSYSTEMS,,IRRIGATED,,NON-IRRIGATED,,ALL ECOSYSTEMS,,IRRIGATED,,NON-IRRIGATED,
,(n = 58),,(n = 47),,(n = 11),,(n = 48),,(n = 46),,(n = 2),,(n = 55),,(n = 51),,(n = 4),,(n = 51),,(n = 43),,(n = 8),
,(average),,,,,,,,,,,,,,,,,,,,,,,
,Mean,SDa,Mean,SDa,Mean,SDa,Mean,SDa,Mean,SDa,Mean,SDa,Mean,SDa,Mean,SDa,Mean,SDa,Mean,SDa,Mean,SDa,Mean,SDa
Amount Borrowed (₱),9510,15372,10326,16864,6023,4711,7624,10080,7825,10252,3000,1414,15517,17729,16205,18211,3750,1500,13598,14078,14721,14957,7563,4895
Loan Period (number of months),3,1,3,1,3,0,3,0,3,0,3,0,4,1,4,1,4,1,4,0,4,0,4,0
Monthly interest rate (percent),7,2,7,2,6,3,5,3,6,3,5,0,4,2,4,2,3,2,3,2,3,2,3,2
Albay,Jul-Dec 2006 harvest,,,,,,Jan-Jun 2007 harvest,,,,,,Jul-Dec 2011 harvest,,,,,,Jan-Jun 2012 harvest,,,,,
Information on borrowed capital,ALL ECOSYSTEMS,,IRRIGATED,,NON-IRRIGATED,,ALL ECOSYSTEMS,,IRRIGATED,,NON-IRRIGATED,,ALL ECOSYSTEMS,,IRRIGATED,,NON-IRRIGATED,,ALL ECOSYSTEMS,,IRRIGATED,,NON-IRRIGATED,
,(n = 11),,(n = 3),,(n = 8),,(n = 8),,(n = 2),,(n = 6),,(n = 6),,(n = 6),,(n = 0),,(n = 7),,(n = 7),,(n = 0),
,(average),,,,,,,,,,,,,,,,,,,,,,,
,Mean,SDa,Mean,SDa,Mean,SDa,Mean,SDa,Mean,SDa,Mean,SDa,Mean,SDa,Mean,SDa,Mean,SDa,Mean,SDa,Mean,SDa,Mean,SDa
Amount Borrowed (₱),2636,2157,5333,2517,1625,744,3531,1352,4500,707,3208,1400,6150,3613,6150,3613,0,0,7829,11503,7829,11503,0,0
Loan Period (number of months),4,0,3,1,4,0,4,0,4,0,4,0,4,1,4,1,0,0,3,0,3,0,0,0
Monthly interest rate (percent),9,2,8,2,9,2,8,2,0,0,8,2,3,2,3,2,0,0,3,2,3,2,0,0
Camarines Sur,Jul-Dec 2006 harvest,,,,,,Jan-Jun 2007 harvest,,,,,,Jul-Dec 2011 harvest,,,,,,Jan-Jun 2012 harvest,,,,,
Information on borrowed capital,ALL ECOSYSTEMS,,IRRIGATED,,NON-IRRIGATED,,ALL ECOSYSTEMS,,IRRIGATED,,NON-IRRIGATED,,ALL ECOSYSTEMS,,IRRIGATED,,NON-IRRIGATED,,ALL ECOSYSTEMS,,IRRIGATED,,NON-IRRIGATED,
,(n = 36),,(n = 28),,(n = 8),,(n = 18),,(n = 15),,(n = 3),,(n = 35),,(n = 28),,(n = 7),,(n = 47),,(n = 32),,(n = 15),
,(average),,,,,,,,,,,,,,,,,,,,,,,
,Mean,SDa,Mean,SDa,Mean,SDa,Mean,SDa,Mean,SDa,Mean,SDa,Mean,SDa,Mean,SDa,Mean,SDa,Mean,SDa,Mean,SDa,Mean,SDa
Amount Borrowed (₱),5480,4481,5742,4550,4250,4528,7444,9026,8267,9693,3333,2082,9192,9049,10111,10080,5686,1351,8330,8537,9531,10000,5767,2770
Loan Period (number of months),3,1,3,2,3,0,4,2,4,2,4,1,4,1,4,1,4,1,4,1,4,1,4,0
Monthly interest rate (percent),11,3,10,4,12,2,10,4,10,5,9,2,6,6,6,6,8,6,6,6,6,6,5,5
Iloilo,Jul-Dec 2006 harvest,,,,,,Jan-Jun 2007 harvest,,,,,,Jul-Dec 2011 harvest,,,,,,Jan-Jun 2012 harvest,,,,,
Information on borrowed capital,ALL ECOSYSTEMS,,IRRIGATED,,NON-IRRIGATED,,ALL ECOSYSTEMS,,IRRIGATED,,NON-IRRIGATED,,ALL ECOSYSTEMS,,IRRIGATED,,NON-IRRIGATED,,ALL ECOSYSTEMS,,IRRIGATED,,NON-IRRIGATED,
,(n = 27),,(n = 9),,(n = 18),,(n = 13),,(n = 3),,(n = 10),,(n = 41),,(n = 18),,(n = 23),,(n = 20),,(n = 13),,(n = 7),
,(average),,,,,,,,,,,,,,,,,,,,,,,
,Mean,SDa,Mean,SDa,Mean,SDa,Mean,SDa,Mean,SDa,Mean,SDa,Mean,SDa,Mean,SDa,Mean,SDa,Mean,SDa,Mean,SDa,Mean,SDa
Amount Borrowed (₱),5446,4221,3394,1376,6472,4797,3492,2883,3333,577,3540,3316,8217,6490,9844,7192,6943,5722,9000,8393,10192,8726,6786,7873
Loan Period (number of months),4,2,4,2,3,1,3,1,4,1,3,0,4,1,4,1,4,1,3,1,3,1,4,1
Monthly interest rate (percent),8,4,7,4,8,3,6,2,5,1,7,2,8,5,6,3,10,5,9,7,9,6,8,8
Bohol,Jul-Dec 2006 harvest,,,,,,Jan-Jun 2007 harvest,,,,,,Jul-Dec 2011 harvest,,,,,,Jan-Jun 2012 harvest,,,,,
Information on borrowed capital,ALL ECOSYSTEMS,,IRRIGATED,,NON-IRRIGATED,,ALL ECOSYSTEMS,,IRRIGATED,,NON-IRRIGATED,,ALL ECOSYSTEMS,,IRRIGATED,,NON-IRRIGATED,,ALL ECOSYSTEMS,,IRRIGATED,,NON-IRRIGATED,
,(n = 5),,(n = 0),,(n = 5),,(n = 2),,(n = 0),,(n = 2),,(n = 6),,(n = 2),,(n = 4),,(n = 9),,(n = 5),,(n = 4),
,(average),,,,,,,,,,,,,,,,,,,,,,,
,Mean,SDa,Mean,SDa,Mean,SDa,Mean,SDa,Mean,SDa,Mean,SDa,Mean,SDa,Mean,SDa,Mean,SDa,Mean,SDa,Mean,SDa,Mean,SDa
Amount Borrowed (₱),4000,2828,0,0,4000,2828,1195,432,0,0,1195,432,1617,449,1750,354,1550,526,3222,1787,3600,2074,2750,1500
Loan Period (number of months),4,0,0,0,4,0,4,0,0,0,4,0,4,2,6,0,3,0,4,1,4,0,3,0
Monthly interest rate (percent),10,2,0,0,10,2,7,6,0,0,7,6,14,8,6,0,19,5,15,6,11,6,19,5
Leyte,Jul-Dec 2006 harvest,,,,,,Jan-Jun 2007 harvest,,,,,,Jul-Dec 2011 harvest,,,,,,Jan-Jun 2012 harvest,,,,,
Information on borrowed capital,ALL ECOSYSTEMS,,IRRIGATED,,NON-IRRIGATED,,ALL ECOSYSTEMS,,IRRIGATED,,NON-IRRIGATED,,ALL ECOSYSTEMS,,IRRIGATED,,NON-IRRIGATED,,ALL ECOSYSTEMS,,IRRIGATED,,NON-IRRIGATED,
,(n = 36),,(n = 29),,(n = 7),,(n = 28),,(n = 24),,(n = 4),,(n = 49),,(n = 43),,(n = 6),,(n = 47),,(n = 42),,(n = 5),
,(average),,,,,,,,,,,,,,,,,,,,,,,
,Mean,SDa,Mean,SDa,Mean,SDa,Mean,SDa,Mean,SDa,Mean,SDa,Mean,SDa,Mean,SDa,Mean,SDa,Mean,SDa,Mean,SDa,Mean,SDa
Amount Borrowed (₱),6950,6250,7334,6210,5357,6650,7268,5991,7896,6207,3500,2380,8794,8448,9488,8900,4117,1721,12702,25247,13762,26534,3800,1643
Loan Period (number of months),3,1,4,1,3,0,3,1,3,1,3,1,4,1,4,0,4,1,4,1,4,1,3,1
Monthly interest rate (percent),10,2,10,1,10,2,8,4,8,3,10,5,6,5,6,5,11,7,8,6,8,6,3,3
Northern Samar,Jul-Dec 2006 harvest,,,,,,Jan-Jun 2007 harvest,,,,,,Jul-Dec 2011 harvest,,,,,,Jan-Jun 2012 harvest,,,,,
Information on borrowed capital,ALL ECOSYSTEMS,,IRRIGATED,,NON-IRRIGATED,,ALL ECOSYSTEMS,,IRRIGATED,,NON-IRRIGATED,,ALL ECOSYSTEMS,,IRRIGATED,,NON-IRRIGATED,,ALL ECOSYSTEMS,,IRRIGATED,,NON-IRRIGATED,
,(n = 5),,(n = 5),,(n = 0),,(n = 8),,(n = 3),,(n = 5),,(n = 9),,(n = 8),,(n = 1),,(n = 16),,(n = 14),,(n = 2),
,(average),,,,,,,,,,,,,,,,,,,,,,,
,Mean,SDa,Mean,SDa,Mean,SDa,Mean,SDa,Mean,SDa,Mean,SDa,Mean,SDa,Mean,SDa,Mean,SDa,Mean,SDa,Mean,SDa,Mean,SDa
Amount Borrowed (₱),4770,1725,4770,1725,0,0,2000,845,1667,764,2200,908,4659,2026,4586,2153,5250,0,2713,1103,2800,1149,2100,495
Loan Period (number of months),4,0,4,0,0,0,3,1,3,0,2,1,3,0,3,0,3,0,4,1,4,1,4,0
Monthly interest rate (percent),10,0,10,0,0,0,8,3,8,3,8,3,10,4,10,4,15,0,12,4,12,4,11,0
Zamboanga del Norte,Jul-Dec 2006 harvest,,,,,,Jan-Jun 2007 harvest,,,,,,Jul-Dec 2011 harvest,,,,,,Jan-Jun 2012 harvest,,,,,
Information on borrowed capital,ALL ECOSYSTEMS,,IRRIGATED,,NON-IRRIGATED,,ALL ECOSYSTEMS,,IRRIGATED,,NON-IRRIGATED,,ALL ECOSYSTEMS,,IRRIGATED,,NON-IRRIGATED,,ALL ECOSYSTEMS,,IRRIGATED,,NON-IRRIGATED,
,(n = 3),,(n = 2),,(n = 1),,(n = 7),,(n = 4),,(n = 3),,(n = 10),,(n = 8),,(n = 2),,(n = 4),,(n = 4),,(n = 0),
,(average),,,,,,,,,,,,,,,,,,,,,,,
,Mean,SDa,Mean,SDa,Mean,SDa,Mean,SDa,Mean,SDa,Mean,SDa,Mean,SDa,Mean,SDa,Mean,SDa,Mean,SDa,Mean,SDa,Mean,SDa
Amount Borrowed (₱),4912,2893,6368,2005,2000,0,4430,3187,5528,3798,2967,1790,48550,91797,60313,100218,1500,707,20875,15179,20875,15179,0,0
Loan Period (number of months),4,1,3,0,5,0,5,3,6,4,3,1,3,1,3,1,2,1,4,1,4,1,0,0
Monthly interest rate (percent),17,6,20,3,11,0,9,5,6,3,12,6,1,1,1,1,1,1,1,1,1,1,0,0
Zamboanga del Sur,Jul-Dec 2006 harvest,,,,,,Jan-Jun 2007 harvest,,,,,,Jul-Dec 2011 harvest,,,,,,Jan-Jun 2012 harvest,,,,,
Information on borrowed capital,ALL ECOSYSTEMS,,IRRIGATED,,NON-IRRIGATED,,ALL ECOSYSTEMS,,IRRIGATED,,NON-IRRIGATED,,ALL ECOSYSTEMS,,IRRIGATED,,NON-IRRIGATED,,ALL ECOSYSTEMS,,IRRIGATED,,NON-IRRIGATED,
,(n = 28),,(n = 22),,(n = 6),,(n = 26),,(n = 19),,(n = 7),,(n = 40),,(n = 31),,(n = 9),,(n = 37),,(n = 29),,(n = 8),
,(average),,,,,,,,,,,,,,,,,,,,,,,
,Mean,SDa,Mean,SDa,Mean,SDa,Mean,SDa,Mean,SDa,Mean,SDa,Mean,SDa,Mean,SDa,Mean,SDa,Mean,SDa,Mean,SDa,Mean,SDa
Amount Borrowed (₱),7693,8103,8518,8922,4667,2503,6558,4364,6605,4271,6429,4962,10925,6900,10710,6267,11667,9165,14378,8905,14552,7013,13750,14509
Loan Period (number of months),4,1,4,1,4,1,4,1,4,1,4,1,5,1,4,1,5,1,4,0,4,0,4,0
Monthly interest rate (percent),8,3,8,3,7,3,7,5,6,4,11,7,5,4,4,3,9,5,6,3,5,1,10,4
Zamboanga Sibugay,Jul-Dec 2006 harvest,,,,,,Jan-Jun 2007 harvest,,,,,,Jul-Dec 2011 harvest,,,,,,Jan-Jun 2012 harvest,,,,,
Information on borrowed capital,ALL ECOSYSTEMS,,IRRIGATED,,NON-IRRIGATED,,ALL ECOSYSTEMS,,IRRIGATED,,NON-IRRIGATED,,ALL ECOSYSTEMS,,IRRIGATED,,NON-IRRIGATED,,ALL ECOSYSTEMS,,IRRIGATED,,NON-IRRIGATED,
,(n = 10),,(n = 4),,(n = 6),,(n = 4),,(n = 1),,(n = 3),,(n = 16),,(n = 8),,(n = 8),,(n = 10),,(n = 4),,(n = 6),
,(average),,,,,,,,,,,,,,,,,,,,,,,
,Mean,SDa,Mean,SDa,Mean,SDa,Mean,SDa,Mean,SDa,Mean,SDa,Mean,SDa,Mean,SDa,Mean,SDa,Mean,SDa,Mean,SDa,Mean,SDa
Amount Borrowed (₱),11420,11380,14250,17212,9533,6683,8000,4320,8000,0,8000,5292,25031,26191,30125,34659,19938,14468,23500,14983,19250,2986,26333,19356
Loan Period (number of months),4,1,4,0,3,1,3,0,3,0,3,0,4,2,3,0,5,3,4,1,4,1,4,1
Monthly interest rate (percent),14,4,10,3,17,3,13,4,8,0,14,4,8,10,14,12,2,2,9,8,11,10,8,7
Bukidnon,Jul-Dec 2006 harvest,,,,,,Jan-Jun 2007 harvest,,,,,,Jul-Dec 2011 harvest,,,,,,Jan-Jun 2012 harvest,,,,,
Information on borrowed capital,ALL ECOSYSTEMS,,IRRIGATED,,NON-IRRIGATED,,ALL ECOSYSTEMS,,IRRIGATED,,NON-IRRIGATED,,ALL ECOSYSTEMS,,IRRIGATED,,NON-IRRIGATED,,ALL ECOSYSTEMS,,IRRIGATED,,NON-IRRIGATED,
,(n = 10),,(n = 10),,(n = 0),,(n = 5),,(n = 5),,(n = 0),,(n = 17),,(n = 16),,(n = 1),,(n = 16),,(n = 16),,(n = 0),
,(average),,,,,,,,,,,,,,,,,,,,,,,
,Mean,SDa,Mean,SDa,Mean,SDa,Mean,SDa,Mean,SDa,Mean,SDa,Mean,SDa,Mean,SDa,Mean,SDa,Mean,SDa,Mean,SDa,Mean,SDa
Amount Borrowed (₱),10500,8599,10050,8927,0,0,15000,14036,15000,14036,0,0,17829,24570,17694,25369,20000,0,17594,18413,17594,18413,0,0
Loan Period (number of months),5,6,6,6,0,0,4,1,4,1,0,0,4,1,4,1,4,0,5,1,5,1,0,0
Monthly interest rate (percent),7,4,7,4,0,0,7,2,7,2,0,0,4,3,4,3,10,0,7,5,7,5,0,0
Davao de Oro,Jul-Dec 2006 harvest,,,,,,Jan-Jun 2007 harvest,,,,,,Jul-Dec 2011 harvest,,,,,,Jan-Jun 2012 harvest,,,,,
Information on borrowed capital,ALL ECOSYSTEMS,,IRRIGATED,,NON-IRRIGATED,,ALL ECOSYSTEMS,,IRRIGATED,,NON-IRRIGATED,,ALL ECOSYSTEMS,,IRRIGATED,,NON-IRRIGATED,,ALL ECOSYSTEMS,,IRRIGATED,,NON-IRRIGATED,
,(n = 8),,(n = 8),,(n = 0),,(n = 7),,(n = 7),,(n = 0),,(n = 17),,(n = 14),,(n = 3),,(n = 12),,(n = 10),,(n = 2),
,(average),,,,,,,,,,,,,,,,,,,,,,,
,Mean,SDa,Mean,SDa,Mean,SDa,Mean,SDa,Mean,SDa,Mean,SDa,Mean,SDa,Mean,SDa,Mean,SDa,Mean,SDa,Mean,SDa,Mean,SDa
Amount Borrowed (₱),9625,3815,9625,3815,0,0,12786,9128,12786,9128,0,0,16133,8732,15000,8348,21422,10299,13787,8802,14544,9533,10000,0
Loan Period (number of months),4,0,4,0,0,0,3,0,3,0,0,0,3,1,3,1,3,0,4,1,4,1,3,0
Monthly interest rate (percent),10,1,10,1,0,0,9,2,9,2,0,0,6,6,6,7,3,2,2,2,2,2,3,1
Davao del Norte,Jul-Dec 2006 harvest,,,,,,Jan-Jun 2007 harvest,,,,,,Jul-Dec 2011 harvest,,,,,,Jan-Jun 2012 harvest,,,,,
Information on borrowed capital,ALL ECOSYSTEMS,,IRRIGATED,,NON-IRRIGATED,,ALL ECOSYSTEMS,,IRRIGATED,,NON-IRRIGATED,,ALL ECOSYSTEMS,,IRRIGATED,,NON-IRRIGATED,,ALL ECOSYSTEMS,,IRRIGATED,,NON-IRRIGATED,
,(n = 13),,(n = 13),,(n = 0),,(n = 8),,(n = 8),,(n = 0),,(n = 16),,(n = 16),,(n = 0),,(n = 20),,(n = 20),,(n = 0),
,(average),,,,,,,,,,,,,,,,,,,,,,,
,Mean,SDa,Mean,SDa,Mean,SDa,Mean,SDa,Mean,SDa,Mean,SDa,Mean,SDa,Mean,SDa,Mean,SDa,Mean,SDa,Mean,SDa,Mean,SDa
Amount Borrowed (₱),9477,7747,9477,7747,0,0,9188,5424,9188,5424,0,0,15750,10103,15750,10103,0,0,16400,11614,16400,11614,0,0
Loan Period (number of months),4,1,4,1,0,0,4,1,4,1,0,0,4,0,4,0,0,0,5,1,5,1,0,0
Monthly interest rate (percent),8,4,8,4,0,0,10,2,10,2,0,0,7,3,7,3,0,0,5,4,5,4,0,0
Davao del Sur,Jul-Dec 2006 harvest,,,,,,Jan-Jun 2007 harvest,,,,,,Jul-Dec 2011 harvest,,,,,,Jan-Jun 2012 harvest,,,,,
Information on borrowed capital,ALL ECOSYSTEMS,,IRRIGATED,,NON-IRRIGATED,,ALL ECOSYSTEMS,,IRRIGATED,,NON-IRRIGATED,,ALL ECOSYSTEMS,,IRRIGATED,,NON-IRRIGATED,,ALL ECOSYSTEMS,,IRRIGATED,,NON-IRRIGATED,
,(n = 23),,(n = 22),,(n = 1),,(n = 19),,(n = 19),,(n = 0),,(n = 37),,(n = 37),,(n = 0),,(n = 33),,(n = 33),,(n = 0),
,(average),,,,,,,,,,,,,,,,,,,,,,,
,Mean,SDa,Mean,SDa,Mean,SDa,Mean,SDa,Mean,SDa,Mean,SDa,Mean,SDa,Mean,SDa,Mean,SDa,Mean,SDa,Mean,SDa,Mean,SDa
Amount Borrowed (₱),10260,7742,10499,7837,5000,0,10100,8555,10100,8555,0,0,23330,19868,23330,19868,0,0,22697,18693,22697,18693,0,0
Loan Period (number of months),3,1,3,1,3,0,3,0,3,0,0,0,4,2,4,2,0,0,4,2,4,2,0,0
Monthly interest rate (percent),9,4,9,3,17,0,8,4,8,4,0,0,6,4,6,4,0,0,7,6,7,6,0,0
Davao Oriental,Jul-Dec 2006 harvest,,,,,,Jan-Jun 2007 harvest,,,,,,Jul-Dec 2011 harvest,,,,,,Jan-Jun 2012 harvest,,,,,
Information on borrowed capital,ALL ECOSYSTEMS,,IRRIGATED,,NON-IRRIGATED,,ALL ECOSYSTEMS,,IRRIGATED,,NON-IRRIGATED,,ALL ECOSYSTEMS,,IRRIGATED,,NON-IRRIGATED,,ALL ECOSYSTEMS,,IRRIGATED,,NON-IRRIGATED,
,(n = 30),,(n = 28),,(n = 2),,(n = 31),,(n = 29),,(n = 2),,(n = 41),,(n = 41),,(n = 0),,(n = 34),,(n = 34),,(n = 0),
,(average),,,,,,,,,,,,,,,,,,,,,,,
,Mean,SDa,Mean,SDa,Mean,SDa,Mean,SDa,Mean,SDa,Mean,SDa,Mean,SDa,Mean,SDa,Mean,SDa,Mean,SDa,Mean,SDa,Mean,SDa
Amount Borrowed (₱),13124,10486,13454,10644,8500,9192,10326,7685,10762,7756,4000,1414,18354,17062,18354,17062,0,0,11471,9790,11471,9790,0,0
Loan Period (number of months),4,1,4,1,3,1,3,0,3,0,3,0,3,1,3,1,0,0,3,0,3,0,0,0
Monthly interest rate (percent),7,2,7,2,9,2,7,2,7,2,8,4,7,7,7,7,0,0,10,7,10,7,0,0
North Cotabato,Jul-Dec 2006 harvest,,,,,,Jan-Jun 2007 harvest,,,,,,Jul-Dec 2011 harvest,,,,,,Jan-Jun 2012 harvest,,,,,
Information on borrowed capital,ALL ECOSYSTEMS,,IRRIGATED,,NON-IRRIGATED,,ALL ECOSYSTEMS,,IRRIGATED,,NON-IRRIGATED,,ALL ECOSYSTEMS,,IRRIGATED,,NON-IRRIGATED,,ALL ECOSYSTEMS,,IRRIGATED,,NON-IRRIGATED,
,(n = 19),,(n = 13),,(n = 6),,(n = 12),,(n = 11),,(n = 1),,(n = 37),,(n = 24),,(n = 13),,(n = 32),,(n = 21),,(n = 11),
,(average),,,,,,,,,,,,,,,,,,,,,,,
,Mean,SDa,Mean,SDa,Mean,SDa,Mean,SDa,Mean,SDa,Mean,SDa,Mean,SDa,Mean,SDa,Mean,SDa,Mean,SDa,Mean,SDa,Mean,SDa
Amount Borrowed (₱),15049,25684,20533,29764,3167,983,8073,3884,8625,3545,2000,0,9014,7971,10396,9116,6462,4521,8223,7332,10403,8087,4061,2612
Loan Period (number of months),4,1,4,1,3,1,3,0,3,1,3,0,4,1,4,1,3,1,3,1,3,1,4,1
Monthly interest rate (percent),8,3,7,3,10,2,7,3,7,3,10,0,5,6,4,6,5,5,4,4,5,4,3,1
South Cotabato,Jul-Dec 2006 harvest,,,,,,Jan-Jun 2007 harvest,,,,,,Jul-Dec 2011 harvest,,,,,,Jan-Jun 2012 harvest,,,,,
Information on borrowed capital,ALL ECOSYSTEMS,,IRRIGATED,,NON-IRRIGATED,,ALL ECOSYSTEMS,,IRRIGATED,,NON-IRRIGATED,,ALL ECOSYSTEMS,,IRRIGATED,,NON-IRRIGATED,,ALL ECOSYSTEMS,,IRRIGATED,,NON-IRRIGATED,
,(n = 31),,(n = 24),,(n = 7),,(n = 10),,(n = 10),,(n = 0),,(n = 16),,(n = 14),,(n = 2),,(n = 3),,(n = 2),,(n = 1),
,(average),,,,,,,,,,,,,,,,,,,,,,,
,Mean,SDa,Mean,SDa,Mean,SDa,Mean,SDa,Mean,SDa,Mean,SDa,Mean,SDa,Mean,SDa,Mean,SDa,Mean,SDa,Mean,SDa,Mean,SDa
Amount Borrowed (₱),5113,3183,4229,2449,8143,3716,4750,3824,4750,3824,0,0,14349,14586,11756,11851,32500,24749,8133,2730,9700,424,5000,0
Loan Period (number of months),4,1,4,1,4,0,3,0,3,0,0,0,4,2,4,2,4,1,3,0,3,0,3,0
Monthly interest rate (percent),12,5,12,6,11,4,14,9,14,9,0,0,6,5,5,4,11,9,5,3,6,3,3,0
Sultan Kudarat,Jul-Dec 2006 harvest,,,,,,Jan-Jun 2007 harvest,,,,,,Jul-Dec 2011 harvest,,,,,,Jan-Jun 2012 harvest,,,,,
Information on borrowed capital,ALL ECOSYSTEMS,,IRRIGATED,,NON-IRRIGATED,,ALL ECOSYSTEMS,,IRRIGATED,,NON-IRRIGATED,,ALL ECOSYSTEMS,,IRRIGATED,,NON-IRRIGATED,,ALL ECOSYSTEMS,,IRRIGATED,,NON-IRRIGATED,
,(n = 30),,(n = 27),,(n = 3),,(n = 15),,(n = 13),,(n = 2),,(n = 44),,(n = 36),,(n = 8),,(n = 28),,(n = 28),,(n = 0),
,(average),,,,,,,,,,,,,,,,,,,,,,,
,Mean,SDa,Mean,SDa,Mean,SDa,Mean,SDa,Mean,SDa,Mean,SDa,Mean,SDa,Mean,SDa,Mean,SDa,Mean,SDa,Mean,SDa,Mean,SDa
Amount Borrowed (₱),6362,4852,6852,4849,1950,1780,4786,2636,5077,2532,2000,0,11856,14672,10347,6341,19875,32450,10857,7246,10857,7246,0,0
Loan Period (number of months),3,1,3,1,3,1,3,0,3,0,3,0,4,1,4,1,4,1,4,0,4,0,0,0
Monthly interest rate (percent),7,4,7,4,9,2,7,4,7,4,8,4,4,3,4,3,2,1,4,3,4,3,0,0
Agusan del Norte,Jul-Dec 2006 harvest,,,,,,Jan-Jun 2007 harvest,,,,,,Jul-Dec 2011 harvest,,,,,,Jan-Jun 2012 harvest,,,,,
Information on borrowed capital,ALL ECOSYSTEMS,,IRRIGATED,,NON-IRRIGATED,,ALL ECOSYSTEMS,,IRRIGATED,,NON-IRRIGATED,,ALL ECOSYSTEMS,,IRRIGATED,,NON-IRRIGATED,,ALL ECOSYSTEMS,,IRRIGATED,,NON-IRRIGATED,
,(n = 16),,(n = 9),,(n = 7),,(n = 16),,(n = 9),,(n = 7),,(n = 34),,(n = 19),,(n = 15),,(n = 29),,(n = 18),,(n = 11),
,(average),,,,,,,,,,,,,,,,,,,,,,,
,Mean,SDa,Mean,SDa,Mean,SDa,Mean,SDa,Mean,SDa,Mean,SDa,Mean,SDa,Mean,SDa,Mean,SDa,Mean,SDa,Mean,SDa,Mean,SDa
Amount Borrowed (₱),7594,4484,7222,4969,8071,4107,7750,5273,6111,2848,9857,7034,12941,7532,12737,8405,13200,6538,17069,11898,20611,12871,11273,7431
Loan Period (number of months),4,1,4,1,3,0,4,1,4,0,3,0,4,1,4,1,4,1,4,2,4,1,4,3
Monthly interest rate (percent),9,3,9,4,8,2,8,2,8,2,9,2,9,9,7,6,12,12,7,6,8,5,5,6
Agusan del Sur,Jul-Dec 2006 harvest,,,,,,Jan-Jun 2007 harvest,,,,,,Jul-Dec 2011 harvest,,,,,,Jan-Jun 2012 harvest,,,,,
Information on borrowed capital,ALL ECOSYSTEMS,,IRRIGATED,,NON-IRRIGATED,,ALL ECOSYSTEMS,,IRRIGATED,,NON-IRRIGATED,,ALL ECOSYSTEMS,,IRRIGATED,,NON-IRRIGATED,,ALL ECOSYSTEMS,,IRRIGATED,,NON-IRRIGATED,
,(n = 32),,(n = 22),,(n = 10),,(n = 31),,(n = 18),,(n = 13),,(n = 38),,(n = 27),,(n = 11),,(n = 42),,(n = 24),,(n = 18),
,(average),,,,,,,,,,,,,,,,,,,,,,,
,Mean,SDa,Mean,SDa,Mean,SDa,Mean,SDa,Mean,SDa,Mean,SDa,Mean,SDa,Mean,SDa,Mean,SDa,Mean,SDa,Mean,SDa,Mean,SDa
Amount Borrowed (₱),9106,5423,9518,5399,8200,5653,13403,26125,8250,5740,20538,39555,28342,48649,32963,56929,17000,11465,15107,10018,13604,6917,17111,13033
Loan Period (number of months),4,1,4,1,4,0,4,0,4,0,4,0,4,1,4,1,4,1,4,1,4,1,4,1
Monthly interest rate (percent),9,4,9,4,10,5,11,5,11,5,12,5,6,4,6,4,7,4,5,4,6,3,5,6
Maguindanao,Jul-Dec 2006 harvest,,,,,,Jan-Jun 2007 harvest,,,,,,Jul-Dec 2011 harvest,,,,,,Jan-Jun 2012 harvest,,,,,
Information on borrowed capital,ALL ECOSYSTEMS,,IRRIGATED,,NON-IRRIGATED,,ALL ECOSYSTEMS,,IRRIGATED,,NON-IRRIGATED,,ALL ECOSYSTEMS,,IRRIGATED,,NON-IRRIGATED,,ALL ECOSYSTEMS,,IRRIGATED,,NON-IRRIGATED,
,(n = 22),,(n = 13),,(n = 9),,(n = 0),,(n = 0),,(n = 0),,(n = 16),,(n = 13),,(n = 3),,(n = 13),,(n = 13),,(n = 0),
,(average),,,,,,,,,,,,,,,,,,,,,,,
,Mean,SDa,Mean,SDa,Mean,SDa,Mean,SDa,Mean,SDa,Mean,SDa,Mean,SDa,Mean,SDa,Mean,SDa,Mean,SDa,Mean,SDa,Mean,SDa
Amount Borrowed (₱),15309,9151,15292,11455,15333,4796,0,0,0,0,0,0,16278,10758,19077,10177,5000,4359,9154,4318,9154,4318,0,0
Loan Period (number of months),3,0,3,0,4,1,0,0,0,0,0,0,4,0,4,0,3,0,4,1,4,1,0,0
Monthly interest rate (percent),9,4,8,4,10,1,0,0,0,0,0,0,3,1,2,1,3,0,1,1,1,1,0,0
