Philippines,,,,,,,,,,,,,,,,,,,,,,,
Jul-Dec 2006 harvest,,,,,,Jan-Jun 2007 harvest,,,,,,Jul-Dec 2011 harvest,,,,,,Jan-Jun 2012 harvest,,,,,
ALL ECOSYSTEMS,,IRRIGATED,,NON-IRRIGATED,,ALL ECOSYSTEMS,,IRRIGATED,,NON-IRRIGATED,,ALL ECOSYSTEMS,,IRRIGATED,,NON-IRRIGATED,,ALL ECOSYSTEMS,,IRRIGATED,,NON-IRRIGATED,
"(n = 1,984)",,"(n = 1,385)",,(n = 599),,"(n = 1,463)",,"(n = 1,184)",,(n = 279),,"(n = 2,446)",,"(n = 1,876)",,(n = 570),,"(n = 2,052)",,"(n = 1,641)",,(n = 411),
Name of Variety,0,Name of Variety,0,Name of Variety,0,Name of Variety,0,Name of Variety,0,Name of Variety,0,Name of Variety,0,Name of Variety,0,Name of Variety,0,Name of Variety,0,Name of Variety,0,Name of Variety,0
PSB Rc18,20.01,PSB Rc18,18.99,PSB Rc18,22.37,PSB Rc18,19.89,PSB Rc18,19,PSB Rc18,23.66,PSB Rc18,13.94,PSB Rc18,12.21,PSB Rc18,19.65,PSB Rc18,13.6,NSIC Rc222,13.04,PSB Rc18,22.14
PSB Rc82,12.9,PSB Rc82,13.65,PSB Rc82,11.19,PSB Rc82,12.65,PSB Rc82,11.99,PSB Rc82,15.41,NSIC Rc222,8.67,NSIC Rc222,9.75,PSB Rc10,8.77,NSIC Rc222,11.55,PSB Rc18,11.46,PSB Rc10,6.81
PSB Rc10,6.96,PSB Rc10,6.14,PSB Rc10,8.85,PSB Rc10,5.13,PSB Rc10,5.07,PSB Rc10,5.38,PSB Rc82,8.42,PSB Rc82,8.96,PSB Rc82,6.67,PSB Rc82,6.29,PSB Rc82,6.7,NSIC Rc160,5.84
NSIC Rc122,4.74,NSIC Rc122,5.2,PSB Rc14,5.51,NSIC Rc122,3.9,NSIC Rc122,4.22,PSB Rc14,4.66,PSB Rc10,6.66,NSIC Rc160,7.3,NSIC Rc222,5.09,NSIC Rc160,5.75,NSIC Rc128,6.4,NSIC Rc222,5.6
PSB Rc14,4.39,PSB Rc14,3.9,Masipag,4.67,IR 64,3.55,IR 64,3.63,IR 18,3.58,NSIC Rc160,6.46,NSIC Rc128,6.13,M3,4.56,NSIC Rc128,5.75,NSIC Rc160,5.73,PSB Rc82,4.62
Masipag,3.38,NSIC Rc116H,3.25,NSIC Rc122,3.67,NSIC Rc132H,3.21,NSIC Rc132H,3.46,IR 64,3.23,NSIC Rc128,5.48,PSB Rc10,6.02,NSIC Rc160,3.68,PSB Rc10,5.41,PSB Rc10,5.06,NSIC Rc152,4.14
IR 64,2.77,IR 64,3.03,PSB Rc28,3.17,PSB Rc28,3.14,PSB Rc28,3.46,Masipag,3.23,NSIC Rc122,4.05,NSIC Rc122,4.42,NSIC Rc158,3.51,NSIC Rc216,4.04,NSIC Rc216,4.57,NSIC Rc122,3.41
PSB Rc28,2.72,Masipag,2.82,IR 64,2.17,Masipag,2.87,Masipag,2.79,NSIC Rc122,2.51,NSIC Rc216,2.98,NSIC Rc216,3.46,NSIC Rc128,3.33,NSIC Rc132H,3.61,NSIC Rc132H,4.27,NSIC Rc128,3.16
NSIC Rc116H,2.57,PSB Rc28,2.53,IR 42,2,PSB Rc14,2.32,NSIC Rc128,2.28,MB,2.15,M3,2.9,NSIC Rc152,2.83,Masipag 1,3.16,NSIC Rc122,3.36,NSIC Rc122,3.35,NSIC Rc118,2.43
IR 18,1.76,Super 60,2.09,B10,1.67,NSIC Rc116H,2.05,NSIC Rc116H,2.2,NSIC Rc132H,2.15,NSIC Rc152,2.49,M3,2.4,IR42,2.98,NSIC Rc152,3.22,NSIC Rc214,3.05,PSB Rc96,2.43
Ilocos Norte,,,,,,,,,,,,,,,,,,,,,,,
Jul-Dec 2006 harvest,,,,,,Jan-Jun 2007 harvest,,,,,,Jul-Dec 2011 harvest,,,,,,Jan-Jun 2012 harvest,,,,,
ALL ECOSYSTEMS,,IRRIGATED,,NON-IRRIGATED,,ALL ECOSYSTEMS,,IRRIGATED,,NON-IRRIGATED,,ALL ECOSYSTEMS,,IRRIGATED,,NON-IRRIGATED,,ALL ECOSYSTEMS,,IRRIGATED,,NON-IRRIGATED,
(n = 57),,(n = 42),,(n = 15),,(n = 30),,(n = 28),,(n = 2),,(n = 60),,(n = 57),,(n = 3),,(n = 33),,(n = 33),,(n = 0),
Name of Variety,0,Name of Variety,0,Name of Variety,0,Name of Variety,0,Name of Variety,0,Name of Variety,0,Name of Variety,0,Name of Variety,0,Name of Variety,0,Name of Variety,0,Name of Variety,0,Name of Variety,0
PSB Rc82,21.05,PSB Rc82,28.57,PSB Rc14,33.33,PSB Rc82,30,PSB Rc82,32.14,PSB Rc18,100,NSIC Rc124H,25,NSIC Rc124H,24.56,PSB Rc18,66.67,PSB Rc82,36.36,PSB Rc82,36.36,...,...
PSB Rc72H,12.28,PSB Rc72H,11.9,PSB Rc18,13.33,PSB Rc18,30,PSB Rc18,25,...,...,PSB Rc82,23.33,PSB Rc82,24.56,NSIC Rc124H,33.33,NSIC Rc132H,21.21,NSIC Rc132H,21.21,...,...
PSB Rc14,10.53,PSB Rc7,11.9,PSB Rc72H,13.33,PSB Rc14,6.67,PSB Rc14,7.14,...,...,PSB Rc28,11.67,PSB Rc28,12.28,...,...,NSIC Rc124H,15.15,NSIC Rc124H,15.15,...,...
PSB Rc28,8.77,PSB Rc28,11.9,IR 64,6.67,PSB Rc7,6.67,PSB Rc7,7.14,...,...,PSB Rc18,11.67,NSIC Rc160,10.53,...,...,PSB Rc18,12.12,PSB Rc18,12.12,...,...
PSB Rc18,8.77,PSB Rc18,7.14,Seneding,6.67,PSB Rc28,3.33,PSB Rc28,3.57,...,...,NSIC Rc160,10,PSB Rc18,8.77,...,...,PSB Rc28,6.06,PSB Rc28,6.06,...,...
PSB Rc7,8.77,NSIC Rc132H,4.76,MS 8,6.67,NSIC Rc124H,3.33,NSIC Rc124H,3.57,...,...,NSIC Rc132H,8.33,NSIC Rc132H,8.77,...,...,NSIC Rc138,3.03,NSIC Rc138,3.03,...,...
NSIC Rc124H,3.51,NSIC Rc124H,4.76,BPI Ri5,6.67,PSB Rc32,3.33,PSB Rc32,3.57,...,...,NSIC Rc122,5,NSIC Rc122,5.26,...,...,NSIC Rc222,3.03,NSIC Rc222,3.03,...,...
NSIC Rc146,3.51,NSIC Rc146,4.76,PSB Rc80,6.67,NSIC Rc122,3.33,NSIC Rc122,3.57,...,...,SL11,1.67,SL11,1.75,...,...,NSIC Rc192,3.03,NSIC Rc192,3.03,...,...
NSIC Rc132H,3.51,Rc28,2.38,LR 82/100,6.67,Aerobic Rice,3.33,Aerobic Rice,3.57,...,...,NSIC Rc138,1.67,NSIC Rc138,1.75,...,...,...,...,...,...,...,...
NSIC Rc122,1.75,PSB Rc14,2.38,...,...,PSB Rc72H,3.33,PSB Rc72H,3.57,...,...,Jolly Rice,1.67,Jolly Rice,1.75,...,...,...,...,...,...,...,...
Pangasinan,,,,,,,,,,,,,,,,,,,,,,,
Jul-Dec 2006 harvest,,,,,,Jan-Jun 2007 harvest,,,,,,Jul-Dec 2011 harvest,,,,,,Jan-Jun 2012 harvest,,,,,
ALL ECOSYSTEMS,,IRRIGATED,,NON-IRRIGATED,,ALL ECOSYSTEMS,,IRRIGATED,,NON-IRRIGATED,,ALL ECOSYSTEMS,,IRRIGATED,,NON-IRRIGATED,,ALL ECOSYSTEMS,,IRRIGATED,,NON-IRRIGATED,
(n = 147),,(n = 96),,(n = 51),,(n = 73),,(n = 73),,(n = 0),,(n = 150),,(n = 120),,(n = 30),,(n = 89),,(n = 87),,(n = 2),
Name of Variety,0,Name of Variety,0,Name of Variety,0,Name of Variety,0,Name of Variety,0,Name of Variety,0,Name of Variety,0,Name of Variety,0,Name of Variety,0,Name of Variety,0,Name of Variety,0,Name of Variety,0
PSB Rc18,25.85,PSB Rc18,26.04,PSB Rc18,25.49,PSB Rc18,31.51,PSB Rc18,31.51,...,...,NSIC Rc160,20,NSIC Rc160,20.83,Macapagal,26.67,NSIC Rc222,22.47,NSIC Rc222,22.99,PSB Rc18,50
PSB Rc82,10.88,PSB Rc82,9.38,NSIC Rc122,13.73,PSB Rc28,15.07,PSB Rc28,15.07,...,...,NSIC Rc222,14,NSIC Rc222,11.67,NSIC Rc222,23.33,NSIC Rc160,15.73,NSIC Rc160,16.09,NSIC Rc152,50
PSB Rc28,7.48,PSB Rc28,8.33,PSB Rc82,13.73,PSB Rc4,5.48,PSB Rc4,5.48,...,...,PSB Rc18,10,PSB Rc18,10,NSIC Rc160,16.67,PSB Rc18,11.24,PSB Rc18,10.34,...,...
IR 29,4.76,IR 29,7.29,PSB Rc28,5.88,NSIC Rc146,5.48,NSIC Rc146,5.48,...,...,NSIC Rc128,5.33,NSIC Rc122,5.83,PSB Rc18,10,PSB Rc82,7.87,PSB Rc82,8.05,...,...
NSIC Rc122,4.76,PSB Rc14,6.25,Macapagal,5.88,IR 66,5.48,IR 66,5.48,...,...,Macapagal,5.33,NSIC Rc128,5.83,NSIC Rc124H,6.67,NSIC Rc214,4.49,NSIC Rc214,4.6,...,...
IR 18,4.76,IR 18,6.25,IR 64,3.92,IR 64,4.11,IR 64,4.11,...,...,NSIC Rc122,4.67,NSIC Rc214,4.17,PSB Rc64,6.67,NSIC Rc132H,3.37,NSIC Rc132H,3.45,...,...
PSB Rc14,4.76,PSB Rc4,5.21,PSB Rc72H,3.92,PSB Rc82,4.11,PSB Rc82,4.11,...,...,PSB Rc28,3.33,NSIC Rc130,3.33,PSB Rc28,3.33,NSIC Rc216,3.37,NSIC Rc216,3.45,...,...
IR 64,3.4,IR 66,4.17,NSIC Rc124H,1.96,IR 29,4.11,IR 29,4.11,...,...,NSIC Rc214,3.33,NSIC Rc212,3.33,NSIC Rc128,3.33,NSIC Rc128,3.37,NSIC Rc128,3.45,...,...
PSB Rc4,3.4,IR 64,3.13,PSB Rc8,1.96,PSB Rc14,2.74,PSB Rc14,2.74,...,...,NSIC Rc130,2.67,NSIC Rc146,3.33,PSB Rc82,3.33,PSB Rc28,3.37,PSB Rc28,3.45,...,...
IR 66,2.72,IR 74,3.13,BPI Ri5,1.96,IR 60,2.74,IR 60,2.74,...,...,NSIC Rc124H,2.67,PSB Rc28,3.33,...,...,PSB Rc4,2.25,PSB Rc4,2.3,...,...
Cagayan,,,,,,,,,,,,,,,,,,,,,,,
Jul-Dec 2006 harvest,,,,,,Jan-Jun 2007 harvest,,,,,,Jul-Dec 2011 harvest,,,,,,Jan-Jun 2012 harvest,,,,,
ALL ECOSYSTEMS,,IRRIGATED,,NON-IRRIGATED,,ALL ECOSYSTEMS,,IRRIGATED,,NON-IRRIGATED,,ALL ECOSYSTEMS,,IRRIGATED,,NON-IRRIGATED,,ALL ECOSYSTEMS,,IRRIGATED,,NON-IRRIGATED,
(n = 114),,(n = 87),,(n = 27),,(n = 109),,(n = 77),,(n = 32),,(n = 112),,(n = 88),,(n = 24),,(n = 112),,(n = 88),,(n = 24),
Name of Variety,0,Name of Variety,0,Name of Variety,0,Name of Variety,0,Name of Variety,0,Name of Variety,0,Name of Variety,0,Name of Variety,0,Name of Variety,0,Name of Variety,0,Name of Variety,0,Name of Variety,0
PSB Rc82,28.95,PSB Rc82,26.44,PSB Rc82,37.04,PSB Rc18,28.44,PSB Rc18,36.36,PSB Rc82,40.63,PSB Rc82,25,PSB Rc82,27.27,PSB Rc18,29.17,PSB Rc18,32.14,PSB Rc18,32.95,PSB Rc18,29.17
PSB Rc18,16.67,PSB Rc18,21.84,NSIC Rc146,11.11,PSB Rc82,19.27,NSIC Rc146,15.58,NSIC Rc132H,12.5,PSB Rc18,17.86,PSB Rc18,14.77,NSIC Rc146,16.67,NSIC Rc132H,15.18,NSIC Rc132H,17.05,NSIC Rc222,25
NSIC Rc146,10.53,NSIC Rc146,10.34,PJ10,7.41,NSIC Rc146,13.76,PSB Rc82,10.39,PSB Rc18,9.38,NSIC Rc146,11.61,NSIC Rc146,10.23,NSIC Rc222,16.67,NSIC Rc222,11.61,PSB Rc82,9.09,NSIC Rc152,8.33
NSIC Rc132H,6.14,NSIC Rc124H,6.9,Wagwag,7.41,NSIC Rc132H,10.09,NSIC Rc132H,9.09,Wagwag,9.38,NSIC Rc222,10.71,NSIC Rc222,9.09,PSB Rc82,16.67,PSB Rc82,8.93,NSIC Rc222,7.95,PSB Rc82,8.33
PSB Rc10,6.14,PSB Rc10,6.9,NSIC Rc132H,7.41,PSB Rc10,3.67,IR 42,5.19,NSIC Rc146,9.38,Ardani,5.36,NSIC Rc122,6.82,Ardani,8.33,NSIC Rc124H,5.36,NSIC Rc124H,5.68,NSIC Rc132H,8.33
NSIC Rc124H,6.14,NSIC Rc132H,5.75,PSB Rc12,3.7,IR 42,3.67,PSB Rc10,3.9,PSB Rc28,6.25,NSIC Rc122,5.36,Ardani,4.55,NSIC Rc132H,4.17,Rh 1531,2.68,NSIC Rc214,3.41,Ardani,8.33
PSB Rc28,4.39,PSB Rc28,4.6,PSB Rc28,3.7,NSIC Rc124H,2.75,NSIC Rc124H,3.9,IR 66,3.13,NSIC Rc130,2.68,NSIC Rc152,3.41,NSIC Rc130,4.17,NSIC Rc152,2.68,Rh 1531,3.41,NSIC Rc124H,4.17
IR 66,4.39,IR 66,4.6,NSIC Rc138,3.7,Wagwag,2.75,NSIC Rc116H,2.6,PSB Rc10,3.13,NSIC Rc152,2.68,TH 82,3.41,Jolly Rice,4.17,NSIC Rc214,2.68,NSIC Rc122,3.41,IR42,4.17
Wagwag,1.75,PJ-27,2.3,Rizalina,3.7,NSIC Rc116H,1.83,PSB Rc22,2.6,Pj 3,3.13,TH 82,2.68,NSIC Rc130,2.27,...,0,NSIC Rc122,2.68,NSIC Rc146,2.27,NSIC Rc130,4.17
PJ-27,1.75,IR 18,2.3,UPL Ri6,3.7,PSB Rc22,1.83,SL8-H,1.3,UPL Ri3,3.13,NSIC Rc132H,1.79,NSIC Rc124H,2.27,...,...,NSIC Rc146,1.79,NSIC Rc150,1.14,...,...
Isabela,,,,,,,,,,,,,,,,,,,,,,,
Jul-Dec 2006 harvest,,,,,,Jan-Jun 2007 harvest,,,,,,Jul-Dec 2011 harvest,,,,,,Jan-Jun 2012 harvest,,,,,
ALL ECOSYSTEMS,,IRRIGATED,,NON-IRRIGATED,,ALL ECOSYSTEMS,,IRRIGATED,,NON-IRRIGATED,,ALL ECOSYSTEMS,,IRRIGATED,,NON-IRRIGATED,,ALL ECOSYSTEMS,,IRRIGATED,,NON-IRRIGATED,
(n = 86),,(n = 71),,(n = 15),,(n = 89),,(n = 75),,(n = 14),,(n = 115),,(n = 91),,(n = 24),,(n = 115),,(n = 90),,(n = 25),
Name of Variety,0,Name of Variety,0,Name of Variety,0,Name of Variety,0,Name of Variety,0,Name of Variety,0,Name of Variety,0,Name of Variety,0,Name of Variety,0,Name of Variety,0,Name of Variety,0,Name of Variety,0
PSB Rc82,32.56,PSB Rc82,28.17,PSB Rc82,53.33,PSB Rc82,50.56,PSB Rc82,48,PSB Rc82,64.29,NSIC Rc222,23.48,PSB Rc82,25.27,NSIC Rc222,25,NSIC Rc222,25.22,NSIC Rc222,24.44,NSIC Rc222,28
PSB Rc10,17.44,PSB Rc10,19.72,PSB Rc18,20,PSB Rc10,11.24,PSB Rc10,13.33,NSIC Rc146,14.29,PSB Rc82,22.61,NSIC Rc222,23.08,NSIC Rc152,12.5,PSB Rc10,10.43,PSB Rc10,12.22,NSIC Rc216,16
NSIC Rc146,13.95,NSIC Rc146,15.49,PSB Rc10,6.67,Mindanao,7.87,Mindanao,9.33,PSB Rc14,7.14,PSB Rc10,12.17,PSB Rc10,13.19,PSB Rc82,12.5,PSB Rc82,7.83,NSIC Rc152,7.78,PSB Rc82,12
PSB Rc18,11.63,PSB Rc18,9.86,PSB Rc14,6.67,NSIC Rc122,4.49,NSIC Rc122,5.33,PSB Rc18,7.14,NSIC Rc152,11.3,NSIC Rc152,10.99,PSB Rc10,8.33,NSIC Rc152,7.83,PSB Rc82,6.67,NSIC Rc160,12
IR82,6.98,IR82,8.45,NSIC Rc146,6.67,PSB Rc92,3.37,PSB Rc92,4,PSB Rc32,7.14,NSIC Rc160,4.35,NSIC Rc138,3.3,NSIC Rc160,8.33,NSIC Rc216,4.35,PSB Rc46,5.56,PSB Rc18,8
NSIC Rc122,4.65,NSIC Rc122,5.63,PSB Rc32,6.67,PSB Rc32,2.25,IR 32,2.67,...,...,NSIC Rc122,3.48,NSIC Rc160,3.3,NSIC Rc122,4.17,PSB Rc46,4.35,NSIC Rc212,4.44,NSIC Rc152,8
PSB Rc66,1.16,PSB Rc66,1.41,...,...,IR 32,2.25,PJ-27,1.33,...,...,NSIC Rc138,2.61,NSIC Rc122,3.3,PSB Rc18,4.17,NSIC Rc122,3.48,NSIC Rc218 SR,4.44,Jasmine,4
1163,1.16,Mindanao,1.41,...,...,NSIC Rc146,2.25,PSB Rc32,1.33,...,...,NSIC Rc132H,2.61,NSIC Rc146,2.2,PSB Rc72H,4.17,NSIC Rc212,3.48,NSIC Rc122,3.33,NSIC Rc122,4
NSIC Rc124H,1.16,NSIC Rc124H,1.41,...,...,NSIC Rc128,1.12,NSIC Rc128,1.33,...,...,NSIC Rc146,2.61,NSIC Rc132H,2.2,NSIC Rc216,4.17,NSIC Rc160,3.48,Mindanao,3.33,PSB Rc10,4
Mindanao,1.16,PSB Rc16,1.41,...,...,PSB Rc18,1.12,NSIC Rc130,1.33,...,...,NSIC Rc216,1.74,BPI Ri7,2.2,NSIC Rc132H,4.17,NSIC Rc218 SR,3.48,NSIC Rc132H,3.33,NSIC Rc126H,4
Aurora,,,,,,,,,,,,,,,,,,,,,,,
Jul-Dec 2006 harvest,,,,,,Jan-Jun 2007 harvest,,,,,,Jul-Dec 2011 harvest,,,,,,Jan-Jun 2012 harvest,,,,,
ALL ECOSYSTEMS,,IRRIGATED,,NON-IRRIGATED,,ALL ECOSYSTEMS,,IRRIGATED,,NON-IRRIGATED,,ALL ECOSYSTEMS,,IRRIGATED,,NON-IRRIGATED,,ALL ECOSYSTEMS,,IRRIGATED,,NON-IRRIGATED,
(n = 57),,(n = 55),,(n = 2),,(n = 50),,(n = 49),,(n = 1),,(n = 59),,(n = 55),,(n = 4),,(n = 55),,(n = 53),,(n = 2),
Name of Variety,0,Name of Variety,0,Name of Variety,0,Name of Variety,0,Name of Variety,0,Name of Variety,0,Name of Variety,0,Name of Variety,0,Name of Variety,0,Name of Variety,0,Name of Variety,0,Name of Variety,0
Super 60,52.63,Super 60,52.73,Super 60,50,Super 60,40,Super 60,40.82,IR 64,100,NSIC Rc152,30.51,NSIC Rc152,32.73,NSIC Rc150,25,NSIC Rc152,40,NSIC Rc152,39.62,NSIC Rc152,50
PSB Rc14,8.77,PSB Rc14,7.27,PSB Rc14,50,PSB Rc18,14,PSB Rc18,14.29,...,...,NSIC Rc222,18.64,NSIC Rc222,20,NSIC Rc128,25,NSIC Rc222,34.55,NSIC Rc222,35.85,PSB Rc28,50
NSIC Rc128,5.26,NSIC Rc128,5.45,...,...,PSB Rc14,8,PSB Rc14,8.16,...,...,NSIC Rc216,8.47,PSB Rc14,9.09,NSIC Rc214,25,NSIC Rc216,5.45,NSIC Rc216,5.66,...,...
1163,5.26,1163,5.45,...,...,PSB Rc28,6,PSB Rc28,6.12,...,...,PSB Rc14,8.47,NSIC Rc216,9.09,IR72,25,PSB Rc14,3.64,PSB Rc14,3.77,...,...
PSB Rc18,5.26,PSB Rc18,5.45,...,...,Line 1163,4,PSB Rc32,4.08,...,...,NSIC Rc214,5.08,NSIC Rc214,3.64,...,...,NSIC Rc214,3.64,NSIC Rc214,3.77,...,...
NSIC Rc146,3.51,NSIC Rc146,3.64,...,...,PSB Rc32,4,Line 1163,4.08,...,...,PSB Rc28,3.39,NSIC Rc224,3.64,...,...,PSB Rc40,1.82,PSB Rc40,1.89,...,...
PSB Rc32,3.51,PSB Rc32,3.64,...,...,IR 32,2,IR 32,2.04,...,...,NSIC Rc146,3.39,NSIC Rc146,3.64,...,...,Super 60,1.82,PSB Rc60,1.89,...,...
PSB Rc28,3.51,PSB Rc28,3.64,...,...,NSIC Rc138,2,NSIC Rc110,2.04,...,...,NSIC Rc138,3.39,PSB Rc28,3.64,...,...,NSIC Rc146,1.82,NSIC Rc146,1.89,...,...
NSIC Rc138,1.75,NSIC Rc138,1.82,...,...,PSB Rc60,2,PSB Rc4,2.04,...,...,NSIC Rc224,3.39,NSIC Rc138,3.64,...,...,NSIC Rc122,1.82,Super 60,1.89,...,...
C-14,1.75,C-14,1.82,...,...,NSIC Rc120,2,NSIC Rc120,2.04,...,...,NSIC Rc122,3.39,NSIC Rc122,3.64,...,...,NSIC Rc130,1.82,NSIC Rc130,1.89,...,...
Bulacan,,,,,,,,,,,,,,,,,,,,,,,
Jul-Dec 2006 harvest,,,,,,Jan-Jun 2007 harvest,,,,,,Jul-Dec 2011 harvest,,,,,,Jan-Jun 2012 harvest,,,,,
ALL ECOSYSTEMS,,IRRIGATED,,NON-IRRIGATED,,ALL ECOSYSTEMS,,IRRIGATED,,NON-IRRIGATED,,ALL ECOSYSTEMS,,IRRIGATED,,NON-IRRIGATED,,ALL ECOSYSTEMS,,IRRIGATED,,NON-IRRIGATED,
(n = 77),,(n = 35),,(n = 42),,(n = 29),,(n = 29),,(n = 0),,(n = 84),,(n = 43),,(n = 41),,(n = 37),,(n = 37),,(n = 0),
Name of Variety,0,Name of Variety,0,Name of Variety,0,Name of Variety,0,Name of Variety,0,Name of Variety,0,Name of Variety,0,Name of Variety,0,Name of Variety,0,Name of Variety,0,Name of Variety,0,Name of Variety,0
PSB Rc18,16.88,PSB Rc10,17.14,IR 42,21.43,NSIC Rc140,13.79,NSIC Rc140,13.79,...,...,IR42,20.24,PSB Rc10,18.6,IR42,41.46,NSIC Rc222,21.62,NSIC Rc222,21.62,...,...
IR 42,14.29,PSB Rc18,11.43,PSB Rc18,21.43,C-18,6.9,C-18,6.9,...,...,PSB Rc10,17.86,NSIC Rc222,16.28,PSB Rc18,19.51,PSB Rc10,13.51,PSB Rc10,13.51,...,...
PSB Rc10,10.39,PSB Rc82,8.57,IR 18,11.9,C-10,6.9,C-10,6.9,...,...,PSB Rc18,13.1,PSB Rc82,13.95,PSB Rc10,17.07,NSIC Rc216,10.81,NSIC Rc216,10.81,...,...
IR 18,7.79,IR 64,5.71,PSB Rc82,4.76,PSB Rc30,6.9,PSB Rc30,6.9,...,...,NSIC Rc222,10.71,PSB Rc18,6.98,NSIC Rc216,4.88,PSB Rc64,8.11,PSB Rc64,8.11,...,...
PSB Rc82,6.49,IR28,5.71,PSB Rc42,4.76,C-130,6.9,C-130,6.9,...,...,PSB Rc82,9.52,NSIC Rc122,4.65,PSB Rc82,4.88,NSIC Rc130,8.11,NSIC Rc130,8.11,...,...
IR 64,5.19,IR 42,5.71,PSB Rc10,4.76,PSB Rc82,6.9,PSB Rc82,6.9,...,...,NSIC Rc216,4.76,NSIC Rc216,4.65,NSIC Rc222,4.88,PSB Rc82,8.11,PSB Rc82,8.11,...,...
PSB Rc42,2.6,NSIC Rc146,5.71,PSB Rc72H,4.76,PSB Rc28,6.9,PSB Rc28,6.9,...,...,NSIC Rc124H,2.38,NSIC Rc160,4.65,BPI Ri7,2.44,PSB Rc60,8.11,PSB Rc60,8.11,...,...
IR 36,2.6,C-132,2.86,IR 64,4.76,IR 64,6.9,IR 64,6.9,...,...,NSIC Rc160,2.38,NSIC Rc150,4.65,NSIC 2010 Rc226,2.44,NSIC Rc122,5.41,NSIC Rc122,5.41,...,...
LR 28,2.6,PSB Rc5,2.86,IR 36,4.76,PSB Rc18,6.9,PSB Rc18,6.9,...,...,NSIC Rc150,2.38,NSIC Rc164H,2.33,NSIC Rc126,2.44,NSIC Rc132H,2.7,NSIC Rc132H,2.7,...,...
IR28,2.6,PG-2,2.86,IR82,2.38,IR 27,3.45,IR 27,3.45,...,...,NSIC Rc122,2.38,NSIC Rc182,2.33,NSIC Rc124H,2.44,NSIC Rc126H,2.7,NSIC Rc126H,2.7,...,...
Nueva Ecija,,,,,,,,,,,,,,,,,,,,,,,
Jul-Dec 2006 harvest,,,,,,Jan-Jun 2007 harvest,,,,,,Jul-Dec 2011 harvest,,,,,,Jan-Jun 2012 harvest,,,,,
ALL ECOSYSTEMS,,IRRIGATED,,NON-IRRIGATED,,ALL ECOSYSTEMS,,IRRIGATED,,NON-IRRIGATED,,ALL ECOSYSTEMS,,IRRIGATED,,NON-IRRIGATED,,ALL ECOSYSTEMS,,IRRIGATED,,NON-IRRIGATED,
(n = 108),,(n = 95),,(n = 13),,(n = 77),,(n = 76),,(n = 1),,(n = 149),,(n = 142),,(n = 7),,(n = 123),,(n = 123),,(n = 0),
Name of Variety,0,Name of Variety,0,Name of Variety,0,Name of Variety,0,Name of Variety,0,Name of Variety,0,Name of Variety,0,Name of Variety,0,Name of Variety,0,Name of Variety,0,Name of Variety,0,Name of Variety,0
PSB Rc82,28.7,PSB Rc82,26.32,PSB Rc82,46.15,PSB Rc82,20.78,PSB Rc82,19.74,PSB Rc82,100,NSIC Rc222,28.19,NSIC Rc222,28.87,PSB Rc18,14.29,NSIC Rc132H,24.39,NSIC Rc132H,24.39,...,...
NSIC Rc122,21.3,NSIC Rc122,22.11,PSB Rc18,23.08,NSIC Rc132H,16.88,NSIC Rc132H,17.11,...,...,NSIC Rc216,13.42,NSIC Rc216,13.38,NSIC Rc18,14.29,NSIC Rc222,18.7,NSIC Rc222,18.7,...,...
PSB Rc18,12.96,PSB Rc18,11.58,NSIC Rc122,15.38,NSIC Rc126H,6.49,NSIC Rc126H,6.58,...,...,PSB Rc82,11.41,PSB Rc82,11.97,NSIC Rc214,14.29,NSIC Rc216,10.57,NSIC Rc216,10.57,...,...
PSB Rc14,5.56,PSB Rc14,5.26,PSB Rc14,7.69,NSIC Rc128,5.19,NSIC Rc128,5.26,...,...,NSIC Rc160,10.07,NSIC Rc160,9.86,NSIC Rc222,14.29,NSIC Rc224,10.57,NSIC Rc224,10.57,...,...
PSB Rc10,4.63,PSB Rc10,5.26,PSB Rc4,7.69,PSB Rc18,5.19,PSB Rc18,5.26,...,...,NSIC Rc224,5.37,NSIC Rc224,5.63,NSIC Rc160,14.29,Diamond X,7.32,Diamond X,7.32,...,...
IR 64,2.78,IR 64,3.16,...,...,NSIC Rc146,5.19,NSIC Rc146,5.26,...,...,NSIC Rc214,3.36,NSIC Rc122,3.52,PSB Rc28,14.29,PSB Rc82,6.5,PSB Rc82,6.5,...,...
NSIC Rc138,1.85,NSIC Rc138,2.11,...,...,PJ-27,3.9,PJ-27,3.95,...,...,NSIC Rc122,3.36,PSB Rc10,3.52,NSIC Rc216,14.29,NSIC Rc160,4.88,NSIC Rc160,4.88,...,...
IR 65,1.85,NSIC Rc128,2.11,...,...,Line 1163,3.9,Line 1163,3.95,...,...,PSB Rc10,3.36,NSIC Rc132H,2.82,...,...,PSB Rc10,3.25,PSB Rc10,3.25,...,...
NSIC Rc128,1.85,IR 65,2.11,...,...,NSIC Rc122,3.9,NSIC Rc122,3.95,...,...,NSIC Rc132H,2.68,NSIC Rc214,2.82,...,...,NSIC Rc214,2.44,NSIC Rc214,2.44,...,...
Super Rice,0.93,150,1.05,...,...,NSIC Rc138,2.6,NSIC Rc138,2.63,...,...,BPI Ri7,2.68,BPI Ri7,2.82,...,...,NSIC Rc168H,0.81,NSIC Rc168H,0.81,...,...
Pampanga,,,,,,,,,,,,,,,,,,,,,,,
Jul-Dec 2006 harvest,,,,,,Jan-Jun 2007 harvest,,,,,,Jul-Dec 2011 harvest,,,,,,Jan-Jun 2012 harvest,,,,,
ALL ECOSYSTEMS,,IRRIGATED,,NON-IRRIGATED,,ALL ECOSYSTEMS,,IRRIGATED,,NON-IRRIGATED,,ALL ECOSYSTEMS,,IRRIGATED,,NON-IRRIGATED,,ALL ECOSYSTEMS,,IRRIGATED,,NON-IRRIGATED,
(n = 56),,(n = 49),,(n = 7),,(n = 41),,(n = 41),,(n = 0),,(n = 55),,(n = 55),,(n = 0),,(n = 50),,(n = 50),,(n = 0),
Name of Variety,0,Name of Variety,0,Name of Variety,0,Name of Variety,0,Name of Variety,0,Name of Variety,0,Name of Variety,0,Name of Variety,0,Name of Variety,0,Name of Variety,0,Name of Variety,0,Name of Variety,0
PSB Rc18,25,PSB Rc18,24.49,PSB Rc18,28.57,PSB Rc82,21.95,PSB Rc82,21.95,...,...,NSIC Rc222,21.82,NSIC Rc222,21.82,...,...,NSIC Rc216,14,NSIC Rc216,14,...,...
PSB Rc82,12.5,PSB Rc82,12.24,IR 42,28.57,PSB Rc18,14.63,PSB Rc18,14.63,...,...,PSB Rc18,12.73,PSB Rc18,12.73,...,...,PSB Rc18,14,PSB Rc18,14,...,...
IR 42,10.71,IR 42,8.16,PSB Rc82,14.29,PSB Rc52,7.32,PSB Rc52,7.32,...,...,NSIC Rc128,10.91,NSIC Rc128,10.91,...,...,PSB Rc10,12,PSB Rc10,12,...,...
PSB Rc52,5.36,PSB Rc52,6.12,Bencer,14.29,IR 64,4.88,IR 64,4.88,...,...,NSIC Rc122,9.09,NSIC Rc122,9.09,...,...,NSIC Rc222,12,NSIC Rc222,12,...,...
NSIC Rc122,5.36,NSIC Rc122,6.12,IR80,14.29,IR 42,4.88,IR 42,4.88,...,...,NSIC Rc216,7.27,NSIC Rc216,7.27,...,...,NSIC Rc122,10,NSIC Rc122,10,...,...
PSB Rc10,3.57,PSB Rc10,4.08,...,...,NSIC Rc122,4.88,NSIC Rc122,4.88,...,...,PSB Rc82,7.27,PSB Rc82,7.27,...,...,NSIC Rc128,10,NSIC Rc128,10,...,...
IR 64,3.57,IR 64,4.08,...,...,Line 1163,4.88,Line 1163,4.88,...,...,NSIC Rc152,5.45,NSIC Rc152,5.45,...,...,NSIC Rc214,6,NSIC Rc214,6,...,...
PSB Rc42,3.57,PSB Rc42,4.08,...,...,IR 18,4.88,IR 18,4.88,...,...,PSB Rc10,5.45,PSB Rc10,5.45,...,...,NSIC Rc160,4,NSIC Rc160,4,...,...
IR 18,3.57,IR 18,4.08,...,...,PSB Rc42,2.44,PSB Rc42,2.44,...,...,NSIC Rc154,3.64,NSIC Rc154,3.64,...,...,NSIC Rc150,4,NSIC Rc150,4,...,...
IR82,1.79,B10,2.04,...,...,PSB Rc14,2.44,PSB Rc14,2.44,...,...,NSIC Rc160,3.64,NSIC Rc160,3.64,...,...,NSIC Rc130,4,NSIC Rc130,4,...,...
Tarlac,,,,,,,,,,,,,,,,,,,,,,,
Jul-Dec 2006 harvest,,,,,,Jan-Jun 2007 harvest,,,,,,Jul-Dec 2011 harvest,,,,,,Jan-Jun 2012 harvest,,,,,
ALL ECOSYSTEMS,,IRRIGATED,,NON-IRRIGATED,,ALL ECOSYSTEMS,,IRRIGATED,,NON-IRRIGATED,,ALL ECOSYSTEMS,,IRRIGATED,,NON-IRRIGATED,,ALL ECOSYSTEMS,,IRRIGATED,,NON-IRRIGATED,
(n = 76),,(n = 57),,(n = 19),,(n = 37),,(n = 37),,(n = 0),,(n = 86),,(n = 77),,(n = 9),,(n = 45),,(n = 45),,(n = 0),
Name of Variety,0,Name of Variety,0,Name of Variety,0,Name of Variety,0,Name of Variety,0,Name of Variety,0,Name of Variety,0,Name of Variety,0,Name of Variety,0,Name of Variety,0,Name of Variety,0,Name of Variety,0
PSB Rc18,47.37,PSB Rc18,50.88,PSB Rc82,42.11,PSB Rc82,40.54,PSB Rc82,40.54,...,...,NSIC Rc160,30.23,NSIC Rc160,33.77,NSIC Rc216,22.22,NSIC Rc160,17.78,NSIC Rc160,17.78,...,...
PSB Rc82,25,PSB Rc82,19.3,PSB Rc18,36.84,PSB Rc18,27.03,PSB Rc18,27.03,...,...,NSIC Rc222,15.12,NSIC Rc222,14.29,NSIC Rc222,22.22,NSIC Rc152,15.56,NSIC Rc152,15.56,...,...
PSB Rc72H,5.26,NSIC Rc122,5.26,PSB Rc72H,10.53,PJ-27,5.41,PJ-27,5.41,...,...,PSB Rc18,12.79,PSB Rc18,12.99,PSB Rc72H,11.11,NSIC Rc216,8.89,NSIC Rc216,8.89,...,...
NSIC Rc122,3.95,PSB Rc72H,3.51,IR 10,5.26,PSB Rc28,5.41,PSB Rc28,5.41,...,...,NSIC Rc216,10.47,NSIC Rc216,9.09,NSIC Rc128,11.11,PSB Rc18,8.89,PSB Rc18,8.89,...,...
IR 10,1.32,PSB Rc64,1.75,PSB Rc28,5.26,NSIC Rc138,2.7,NSIC Rc138,2.7,...,...,NSIC Rc152,5.81,NSIC Rc152,6.49,NSIC Rc134,11.11,PSB Rc4,6.67,PSB Rc4,6.67,...,...
PSB Rc42,1.32,Jasmine,1.75,...,...,NSIC Rc13,2.7,NSIC Rc13,2.7,...,...,PSB Rc82,3.49,PSB Rc82,3.9,PSB Rc34,11.11,NSIC Rc224,6.67,NSIC Rc224,6.67,...,...
IR82,1.32,PSB Rc42,1.75,...,...,Magnolia,2.7,Magnolia,2.7,...,...,NSIC Rc128,3.49,NSIC Rc132H,2.6,PSB Rc18,11.11,NSIC Rc222,6.67,NSIC Rc222,6.67,...,...
Rc25,1.32,IR 27,1.75,...,...,PSB Rc10,2.7,PSB Rc10,2.7,...,...,PSB Rc72H,3.49,PSB Rc72H,2.6,...,...,NSIC Rc132H,6.67,NSIC Rc132H,6.67,...,...
Jasmine,1.32,AR-1163,1.75,...,...,PSB Rc4,2.7,PSB Rc4,2.7,...,...,NSIC Rc132H,2.33,NSIC Rc138,2.6,...,...,PSB Rc82,4.44,PSB Rc82,4.44,...,...
PSB Rc28,1.32,Rc25,1.75,...,...,PSB Rc64,2.7,PSB Rc64,2.7,...,...,NSIC Rc212,2.33,NSIC Rc128,2.6,...,...,NSIC Rc214,4.44,NSIC Rc214,4.44,...,...
Laguna,,,,,,,,,,,,,,,,,,,,,,,
Jul-Dec 2006 harvest,,,,,,Jan-Jun 2007 harvest,,,,,,Jul-Dec 2011 harvest,,,,,,Jan-Jun 2012 harvest,,,,,
ALL ECOSYSTEMS,,IRRIGATED,,NON-IRRIGATED,,ALL ECOSYSTEMS,,IRRIGATED,,NON-IRRIGATED,,ALL ECOSYSTEMS,,IRRIGATED,,NON-IRRIGATED,,ALL ECOSYSTEMS,,IRRIGATED,,NON-IRRIGATED,
(n = 56),,(n = 38),,(n = 18),,(n = 45),,(n = 36),,(n = 9),,(n = 59),,(n = 59),,(n = 0),,(n = 57),,(n = 56),,(n = 1),
Name of Variety,0,Name of Variety,0,Name of Variety,0,Name of Variety,0,Name of Variety,0,Name of Variety,0,Name of Variety,0,Name of Variety,0,Name of Variety,0,Name of Variety,0,Name of Variety,0,Name of Variety,0
PSB Rc18,55.36,PSB Rc18,55.26,PSB Rc18,55.56,PSB Rc18,42.22,PSB Rc18,50,PSB Rc52,44.44,PSB Rc18,25.42,PSB Rc18,25.42,...,...,PSB Rc18,38.6,PSB Rc18,37.5,PSB Rc18,100
NSIC Rc122,10.71,NSIC Rc122,15.79,PSB Rc52,22.22,NSIC Rc122,17.78,NSIC Rc122,22.22,IR 18,22.22,NSIC Rc128,18.64,NSIC Rc128,18.64,...,...,NSIC Rc128,12.28,NSIC Rc128,12.5,...,...
PSB Rc52,7.14,PSB Rc82,5.26,LR-52,11.11,PSB Rc52,11.11,PSB Rc82,11.11,PSB Rc18,11.11,NSIC Rc122,11.86,NSIC Rc122,11.86,...,...,Dinorado,10.53,Dinorado,10.71,...,...
PSB Rc82,3.57,PSB Rc10,5.26,LR-58,5.56,PSB Rc82,8.89,PSB Rc90,2.78,PSB Rc10,11.11,PSB Rc52,6.78,PSB Rc52,6.78,...,...,NSIC Rc222,8.77,NSIC Rc222,8.93,...,...
PSB Rc10,3.57,PSB Rc90,2.63,PSB Rc74,5.56,IR 18,4.44,IR 64,2.78,PSB Rc74,11.11,NSIC Rc150,5.08,NSIC Rc150,5.08,...,...,NSIC Rc122,7.02,NSIC Rc122,7.14,...,...
LR-52,3.57,Red China,2.63,...,...,PSB Rc90,2.22,Milagrosa,2.78,...,...,NSIC Rc146,5.08,NSIC Rc146,5.08,...,...,PSB Rc52,7.02,PSB Rc52,7.14,...,...
PSB Rc90,1.79,IR 18,2.63,...,...,IR 64,2.22,X-Cel 7,2.78,...,...,NSIC Rc222,3.39,NSIC Rc222,3.39,...,...,PSB Rc74,1.75,PSB Rc74,1.79,...,...
LR-58,1.79,PSB Rc72H,2.63,...,...,Milagrosa,2.22,PSB Rc52,2.78,...,...,NSIC Rc212,3.39,NSIC Rc212,3.39,...,...,NSIC Rc148,1.75,NSIC Rc148,1.79,...,...
Red China,1.79,IR 76,2.63,...,...,X-Cel 7,2.22,NSIC Rc132H,2.78,...,...,NSIC Rc160,3.39,NSIC Rc160,3.39,...,...,NSIC Rc212,1.75,NSIC Rc212,1.79,...,...
IR 18,1.79,PSB Rc80,2.63,...,...,NSIC Rc132H,2.22,...,...,...,...,PSB Rc82,3.39,PSB Rc82,3.39,...,...,Hybrid,1.75,Hybrid,1.79,...,...
Quezon,,,,,,,,,,,,,,,,,,,,,,,
Jul-Dec 2006 harvest,,,,,,Jan-Jun 2007 harvest,,,,,,Jul-Dec 2011 harvest,,,,,,Jan-Jun 2012 harvest,,,,,
ALL ECOSYSTEMS,,IRRIGATED,,NON-IRRIGATED,,ALL ECOSYSTEMS,,IRRIGATED,,NON-IRRIGATED,,ALL ECOSYSTEMS,,IRRIGATED,,NON-IRRIGATED,,ALL ECOSYSTEMS,,IRRIGATED,,NON-IRRIGATED,
(n = 51),,(n = 39),,(n = 12),,(n = 47),,(n = 27),,(n = 20),,(n = 60),,(n = 34),,(n = 26),,(n = 59),,(n = 29),,(n = 30),
Name of Variety,0,Name of Variety,0,Name of Variety,0,Name of Variety,0,Name of Variety,0,Name of Variety,0,Name of Variety,0,Name of Variety,0,Name of Variety,0,Name of Variety,0,Name of Variety,0,Name of Variety,0
PSB Rc18,33.33,PSB Rc18,35.9,PSB Rc18,25,PSB Rc18,34.04,PSB Rc18,33.33,PSB Rc18,35,PSB Rc18,41.67,PSB Rc18,29.41,PSB Rc18,57.69,PSB Rc18,37.29,PSB Rc18,24.14,PSB Rc18,50
NSIC Rc122,17.65,NSIC Rc122,20.51,PSB Rc14,16.67,NSIC Rc132H,17.02,NSIC Rc132H,29.63,NSIC Rc112,15,NSIC Rc160,10,NSIC Rc128,17.65,NSIC Rc160,15.38,NSIC Rc128,13.56,NSIC Rc128,24.14,NSIC Rc160,20
PSB Rc14,5.88,NSIC Rc132H,7.69,PSB Rc16,16.67,NSIC Rc112,8.51,PSB Rc52,3.7,IR 64,15,NSIC Rc128,10,NSIC Rc146,14.71,Dinorado,7.69,NSIC Rc160,13.56,NSIC Rc146,17.24,NSIC Rc152,3.33
PSB Rc16,5.88,IR 64,5.13,IR 26,8.33,IR 64,6.38,C-9,3.7,IR 45,5,NSIC Rc146,8.33,PSB Rc40,5.88,PSB Rc54,7.69,NSIC Rc146,8.47,NSIC Rc222,6.9,IR60,3.33
IR 64,5.88,PSB Rc16,2.56,NSIC Rc122,8.33,PSB Rc30,4.26,IR 40,3.7,PSB Rc80,5,PSB Rc40,3.33,NSIC Rc122,5.88,Vietnam Rice,3.85,NSIC Rc222,5.08,NSIC Rc160,6.9,Vietnam Rice,3.33
NSIC Rc132H,5.88,NSIC Rc9,2.56,IR 64,8.33,NSIC Rc122,4.26,PSB Rc30,3.7,BS1,5,NSIC Rc122,3.33,NSIC Rc160,5.88,NSIC Rc152,3.85,Malagkit,1.69,PSB Rc42,3.45,NSIC Rc222,3.33
PSB Rc82,3.92,PSB Rc52,2.56,BS1,8.33,IR 40,2.13,PSB Rc22,3.7,NSIC Rc130,5,PSB Rc54,3.33,PSB Rc52,5.88,Inazucena/Pinalawan,3.85,PSB Rc64,1.69,PSB Rc82,3.45,Dinorado,3.33
NSIC Rc9,1.96,PSB Rc22,2.56,PSB Rc82,8.33,PSB Rc52,2.13,IR 14,3.7,PSB Rc30,5,Dinorado,3.33,PSB Rc14,2.94,...,...,IR60,1.69,NSIC Rc132H,3.45,PSB Rc52,3.33
PSB Rc22,1.96,Rc130,2.56,...,...,NSIC Rc128,2.13,UPL Ri6,3.7,NSIC Rc122,5,PSB Rc52,3.33,PSB Rc82,2.94,...,...,PSB Rc42,1.69,NSIC Rc216,3.45,NSIC Rc128,3.33
Rc130,1.96,PSB Rc14,2.56,...,...,C-9,2.13,NSIC Rc112,3.7,NSIC Rc128,5,PSB Rc64,1.67,PSB Rc64,2.94,...,...,PSB Rc52,1.69,Violet Rice,3.45,PSB Rc54,3.33
Occidental Mindoro,,,,,,,,,,,,,,,,,,,,,,,
Jul-Dec 2006 harvest,,,,,,Jan-Jun 2007 harvest,,,,,,Jul-Dec 2011 harvest,,,,,,Jan-Jun 2012 harvest,,,,,
ALL ECOSYSTEMS,,IRRIGATED,,NON-IRRIGATED,,ALL ECOSYSTEMS,,IRRIGATED,,NON-IRRIGATED,,ALL ECOSYSTEMS,,IRRIGATED,,NON-IRRIGATED,,ALL ECOSYSTEMS,,IRRIGATED,,NON-IRRIGATED,
(n = 51),,(n = 26),,(n = 25),,(n = 25),,(n = 25),,(n = 0),,(n = 60),,(n = 43),,(n = 17),,(n = 33),,(n = 33),,(n = 0),
Name of Variety,0,Name of Variety,0,Name of Variety,0,Name of Variety,0,Name of Variety,0,Name of Variety,0,Name of Variety,0,Name of Variety,0,Name of Variety,0,Name of Variety,0,Name of Variety,0,Name of Variety,0
PSB Rc18,39.22,PSB Rc82,61.54,PSB Rc18,52,PSB Rc18,52,PSB Rc18,52,...,...,PSB Rc18,35,PSB Rc18,27.91,PSB Rc18,52.94,NSIC Rc222,42.42,NSIC Rc222,42.42,...,...
PSB Rc82,33.33,PSB Rc18,26.92,IR 64,16,PSB Rc82,8,PSB Rc82,8,...,...,PSB Rc82,28.33,PSB Rc82,27.91,PSB Rc82,29.41,PSB Rc82,18.18,PSB Rc82,18.18,...,...
IR 64,9.8,PSB Rc88,3.85,NSIC Rc122,8,NSIC Rc130,8,NSIC Rc130,8,...,...,NSIC Rc222,10,NSIC Rc222,13.95,NSIC Rc160,5.88,NSIC Rc132H,15.15,NSIC Rc132H,15.15,...,...
NSIC Rc122,3.92,IR 42,3.85,NSIC Rc132H,8,Matatag 101,4,Matatag 101,4,...,...,NSIC Rc160,5,NSIC Rc150,6.98,NSIC Rc152,5.88,NSIC Rc216,3.03,NSIC Rc216,3.03,...,...
NSIC Rc132H,3.92,IR 64,3.85,PSB Rc4,4,Masipag,4,Masipag,4,...,...,NSIC Rc150,5,IR42,6.98,NSIC Rc132H,5.88,6401,3.03,6401,3.03,...,...
IR 42,1.96,...,...,PSB Rc82,4,IR 64,4,IR 64,4,...,...,IR42,5,NSIC Rc160,4.65,...,...,NSIC Rc160,3.03,NSIC Rc160,3.03,...,...
PSB Rc14,1.96,...,...,PSB Rc1,4,PSB Rc12,4,PSB Rc12,4,...,...,NSIC Rc152,3.33,NSIC Rc208H,2.33,...,...,NSIC Rc192,3.03,NSIC Rc192,3.03,...,...
PSB Rc88,1.96,...,...,PSB Rc14,4,Matatag 1,4,Matatag 1,4,...,...,SL 9,1.67,NSIC Rc146,2.33,...,...,NSIC Rc213,3.03,NSIC Rc213,3.03,...,...
PSB Rc4,1.96,...,...,...,...,PSB Rc84,4,PSB Rc84,4,...,...,NSIC Rc146,1.67,NSIC Rc152,2.33,...,...,PSB Rc18,3.03,PSB Rc18,3.03,...,...
PSB Rc1,1.96,...,...,...,...,NSIC Rc146,4,NSIC Rc146,4,...,...,NSIC Rc208H,1.67,SL 9,2.33,...,...,IR42,3.03,IR42,3.03,...,...
Oriental Mindoro,,,,,,,,,,,,,,,,,,,,,,,
Jul-Dec 2006 harvest,,,,,,Jan-Jun 2007 harvest,,,,,,Jul-Dec 2011 harvest,,,,,,Jan-Jun 2012 harvest,,,,,
ALL ECOSYSTEMS,,IRRIGATED,,NON-IRRIGATED,,ALL ECOSYSTEMS,,IRRIGATED,,NON-IRRIGATED,,ALL ECOSYSTEMS,,IRRIGATED,,NON-IRRIGATED,,ALL ECOSYSTEMS,,IRRIGATED,,NON-IRRIGATED,
(n = 85),,(n = 67),,(n = 18),,(n = 75),,(n = 71),,(n = 4),,(n = 85),,(n = 75),,(n = 10),,(n = 86),,(n = 70),,(n = 16),
Name of Variety,0,Name of Variety,0,Name of Variety,0,Name of Variety,0,Name of Variety,0,Name of Variety,0,Name of Variety,0,Name of Variety,0,Name of Variety,0,Name of Variety,0,Name of Variety,0,Name of Variety,0
PSB Rc18,45.88,PSB Rc18,49.25,PSB Rc18,33.33,PSB Rc18,50.67,PSB Rc18,49.3,PSB Rc18,75,PSB Rc18,35.29,PSB Rc18,36,PSB Rc28,60,PSB Rc18,25.58,PSB Rc18,24.29,PSB Rc18,31.25
PSB Rc14,17.65,PSB Rc14,16.42,PSB Rc14,22.22,NSIC Rc130,12,NSIC Rc130,12.68,PSB Rc28,25,PSB Rc28,17.65,PSB Rc28,12,PSB Rc18,30,PSB Rc28,17.44,PSB Rc28,15.71,PSB Rc28,25
PSB Rc28,8.24,PSB Rc28,5.97,PSB Rc4,16.67,PSB Rc28,10.67,PSB Rc28,9.86,...,...,NSIC Rc160,7.06,NSIC Rc134,6.67,NSIC Rc160,10,NSIC Rc160,12.79,NSIC Rc160,12.86,NSIC Rc160,12.5
NSIC Rc122,3.53,NSIC Rc122,4.48,PSB Rc28,16.67,PSB Rc14,6.67,PSB Rc14,7.04,...,...,NSIC Rc134,5.88,NSIC Rc160,6.67,...,...,NSIC Rc222,8.14,NSIC Rc222,10,Dinorado,12.5
Dinurado,3.53,Dinurado,4.48,UPL Ri3,5.56,NSIC Rc122,2.67,NSIC Rc122,2.82,...,...,NSIC Rc128,4.71,NSIC Rc128,5.33,...,...,PSB Rc14,6.98,PSB Rc14,8.57,NSIC Rc150,6.25
IR 64,3.53,IR 64,4.48,PSB Rc64,5.56,Masipag,2.67,Masipag,2.82,...,...,PSB Rc14,4.71,PSB Rc14,5.33,...,...,Dinorado,5.81,NSIC Rc130,4.29,NSIC Rc126H,6.25
PSB Rc4,3.53,PSB Rc10,2.99,...,...,PSB Rc10,2.67,PSB Rc10,2.82,...,...,NSIC Rc130,3.53,NSIC Rc130,4,...,...,NSIC Rc128,3.49,Dinorado,4.29,NSIC Rc128,6.25
PSB Rc10,2.35,PSB Rc82,1.49,...,...,Dinorado,1.33,Dinorado,1.41,...,...,Dinorado,3.53,Dinorado,4,...,...,NSIC Rc130,3.49,PSB Rc10,2.86,...,...
PSB Rc82,1.18,PSB Rc72H,1.49,...,...,C3098-41-1-1,1.33,C3098-41-1-1,1.41,...,...,PSB Rc10,2.35,PSB Rc10,2.67,...,...,PSB Rc10,2.33,NSIC Rc128,2.86,...,...
PSB Rc30,1.18,PSB Rc30,1.49,...,...,PSB Rc42,1.33,PSB Rc42,1.41,...,...,NSIC Rc118,2.35,NSIC Rc118,2.67,...,...,PSB Rc42,1.16,NSIC Rc214,1.43,...,...
Albay,,,,,,,,,,,,,,,,,,,,,,,
Jul-Dec 2006 harvest,,,,,,Jan-Jun 2007 harvest,,,,,,Jul-Dec 2011 harvest,,,,,,Jan-Jun 2012 harvest,,,,,
ALL ECOSYSTEMS,,IRRIGATED,,NON-IRRIGATED,,ALL ECOSYSTEMS,,IRRIGATED,,NON-IRRIGATED,,ALL ECOSYSTEMS,,IRRIGATED,,NON-IRRIGATED,,ALL ECOSYSTEMS,,IRRIGATED,,NON-IRRIGATED,
(n = 40),,(n = 30),,(n = 10),,(n = 48),,(n = 29),,(n = 19),,(n = 60),,(n = 49),,(n = 11),,(n = 60),,(n = 52),,(n = 8),
Name of Variety,0,Name of Variety,0,Name of Variety,0,Name of Variety,0,Name of Variety,0,Name of Variety,0,Name of Variety,0,Name of Variety,0,Name of Variety,0,Name of Variety,0,Name of Variety,0,Name of Variety,0
PSB Rc18,32.5,PSB Rc18,23.33,PSB Rc18,60,PSB Rc18,35.42,PSB Rc18,27.59,PSB Rc18,47.37,PSB Rc18,45,PSB Rc18,38.78,PSB Rc18,72.73,PSB Rc18,46.67,PSB Rc18,42.31,PSB Rc18,75
Sinandomeng,17.5,Sinandomeng,23.33,PSB Rc14,20,IR 18,14.58,Sinandomeng,24.14,IR 18,36.84,Bulaw,16.67,Bulaw,20.41,PSB Rc96,27.27,PSB Rc96,13.33,PSB Rc96,11.54,PSB Rc96,25
PSB Rc8,10,PSB Rc8,13.33,NSIC Rc112,10,Sinandomeng,14.58,Inintang,20.69,PSB Rc4,5.26,PSB Rc96,6.67,NSIC Rc122,8.16,...,...,TH82,8.33,TH82,9.62,...,...
Wagwag,7.5,Wagwag,10,Sapad-Sapad,10,Inintang,12.5,NSIC Rc124H,6.9,IR 10,5.26,PSB Rc28,6.67,PSB Rc28,8.16,...,...,NSIC Rc222,6.67,NSIC Rc222,7.69,...,...
Inintang,7.5,Inintang,10,...,...,PSB Rc82,4.17,PSB Rc74,6.9,PSB Rc30,5.26,NSIC Rc122,6.67,PSB Rc2,4.08,...,...,NSIC Rc144,3.33,NSIC Rc144,3.85,...,...
PSB Rc14,5,IR 24,3.33,...,...,NSIC Rc124H,4.17,PSB Rc82,6.9,...,...,PSB Rc2,3.33,NSIC Rc214,4.08,...,...,NSIC Rc146,3.33,NSIC Rc146,3.85,...,...
NSIC Rc112,5,UPL Ri5,3.33,...,...,PSB Rc74,4.17,NSIC Rc122,3.45,...,...,NSIC Rc214,3.33,NSIC Rc144,2.04,...,...,PSB Rc2,3.33,NSIC Rc122,3.85,...,...
UPL Ri5,2.5,PSB Rc74,3.33,...,...,PSB Rc30,2.08,IR 14,3.45,...,...,PSB Rc14,1.67,PSB Rc14,2.04,...,...,NSIC Rc122,3.33,PSB Rc2,3.85,...,...
Sapad-Sapad,2.5,NSIC Rc112,3.33,...,...,IR 10,2.08,...,...,...,...,PSB Rc74,1.67,PSB Rc74,2.04,...,...,NSIC Rc124H,1.67,NSIC Rc124H,1.92,...,...
Bolaw,2.5,Bolaw,3.33,...,...,PSB Rc4,2.08,...,...,...,...,NSIC Rc222,1.67,NSIC Rc222,2.04,...,...,PSB Rc82,1.67,PSB Rc82,1.92,...,...
Camarines Sur,,,,,,,,,,,,,,,,,,,,,,,
Jul-Dec 2006 harvest,,,,,,Jan-Jun 2007 harvest,,,,,,Jul-Dec 2011 harvest,,,,,,Jan-Jun 2012 harvest,,,,,
ALL ECOSYSTEMS,,IRRIGATED,,NON-IRRIGATED,,ALL ECOSYSTEMS,,IRRIGATED,,NON-IRRIGATED,,ALL ECOSYSTEMS,,IRRIGATED,,NON-IRRIGATED,,ALL ECOSYSTEMS,,IRRIGATED,,NON-IRRIGATED,
(n = 90),,(n = 71),,(n = 19),,(n = 77),,(n = 69),,(n = 8),,(n = 113),,(n = 86),,(n = 27),,(n = 115),,(n = 76),,(n = 39),
Name of Variety,0,Name of Variety,0,Name of Variety,0,Name of Variety,0,Name of Variety,0,Name of Variety,0,Name of Variety,0,Name of Variety,0,Name of Variety,0,Name of Variety,0,Name of Variety,0,Name of Variety,0
PSB Rc10,43.33,PSB Rc10,35.21,PSB Rc10,73.68,PSB Rc96,22.08,PSB Rc96,23.19,PSB Rc10,25,PSB Rc10,33.63,PSB Rc10,27.91,PSB Rc10,51.85,PSB Rc10,32.17,NSIC Rc222,28.95,PSB Rc10,53.85
PSB Rc72,14.44,PSB Rc72,14.08,PSB Rc72,15.79,PSB Rc10,18.18,PSB Rc10,17.39,PSB Rc72H,25,Blonde,13.27,NSIC Rc222,13.95,Blonde,22.22,NSIC Rc222,21.74,PSB Rc10,21.05,PSB Rc96,20.51
PSB Rc80,5.56,PSB Rc80,7.04,PSB Rc14,5.26,PSB Rc72H,14.29,PSB Rc72H,13.04,PSB Rc20,12.5,NSIC Rc222,12.39,Blonde,10.47,NSIC Rc122,7.41,PSB Rc82,8.7,PSB Rc82,13.16,NSIC Rc222,7.69
PSB Rc96,4.44,PSB Rc96,5.63,IR 32,5.26,NSIC Rc122,5.19,NSIC Rc122,5.8,PSB Rc96,12.5,PSB Rc18,7.08,PSB Rc82,9.3,PSB Rc18,7.41,PSB Rc96,6.96,Blonde,3.95,NSIC Rc122,5.13
PSB Rc14,3.33,Miracle,4.23,...,...,Super Rice,5.19,Super Rice,5.8,IR 36,12.5,PSB Rc82,7.08,PSB Rc18,6.98,NSIC Rc222,7.41,NSIC Rc122,3.48,PSB Rc84,3.95,Blonde,2.56
Miracle,3.33,Super Rice,4.23,...,...,PSB Rc28,3.9,PSB Rc28,4.35,IR 10,12.5,PSB Rc96,4.42,PSB Rc96,5.81,NSIC Rc120,3.7,Blonde,3.48,NSIC Rc224,3.95,NSIC Rc144,2.56
Super Rice,3.33,IR 20,4.23,...,...,IR 72,3.9,IR 72,4.35,...,...,NSIC Rc122,2.65,NSIC Rc15,3.49,...,...,PSB Rc84,2.61,Masipag 5013,2.63,PSB Rc18,2.56
IR 20,3.33,PSB Rc14,2.82,...,...,NSIC Rc112,2.6,IR 20,2.9,...,...,NSIC Rc15,2.65,PSB Rc58,2.33,...,...,NSIC Rc224,2.61,NSIC Rc122,2.63,NSIC Rc124H,2.56
PSB Rc7,1.11,PSB Rc4,1.41,...,...,IR 20,2.6,NSIC Rc112,2.9,...,...,PSB Rc58,1.77,NSIC Rc128,2.33,...,...,NSIC Rc124H,2.61,NSIC Rc124H,2.63,NSIC Rc128,2.56
PSB Rc4,1.11,PSB Rc18,1.41,...,...,PSB Rc76H,1.3,PSB Rc14,1.45,...,...,PSB Rc14,1.77,PSB Rc14,2.33,...,...,Masipag 5013,1.74,NSIC Rc120,2.63,...,...
Iloilo,,,,,,,,,,,,,,,,,,,,,,,
Jul-Dec 2006 harvest,,,,,,Jan-Jun 2007 harvest,,,,,,Jul-Dec 2011 harvest,,,,,,Jan-Jun 2012 harvest,,,,,
ALL ECOSYSTEMS,,IRRIGATED,,NON-IRRIGATED,,ALL ECOSYSTEMS,,IRRIGATED,,NON-IRRIGATED,,ALL ECOSYSTEMS,,IRRIGATED,,NON-IRRIGATED,,ALL ECOSYSTEMS,,IRRIGATED,,NON-IRRIGATED,
(n = 88),,(n = 41),,(n = 47),,(n = 40),,(n = 22),,(n = 18),,(n = 116),,(n = 62),,(n = 54),,(n = 58),,(n = 29),,(n = 29),
Name of Variety,0,Name of Variety,0,Name of Variety,0,Name of Variety,0,Name of Variety,0,Name of Variety,0,Name of Variety,0,Name of Variety,0,Name of Variety,0,Name of Variety,0,Name of Variety,0,Name of Variety,0
PSB Rc10,36.36,PSB Rc10,17.07,PSB Rc10,53.19,PSB Rc10,42.5,PSB Rc10,27.27,PSB Rc10,61.11,PSB Rc10,44.83,PSB Rc10,45.16,PSB Rc10,44.44,PSB Rc10,31.03,PSB Rc10,41.38,PSB Rc82,27.59
PSB Rc28,12.5,IR 64,17.07,PSB Rc28,14.89,IR 64,17.5,IR 64,18.18,IR 64,16.67,PSB Rc82,17.24,PSB Rc14,14.52,PSB Rc82,25.93,PSB Rc82,17.24,NSIC Rc150,17.24,PSB Rc10,20.69
PSB Rc14,10.23,PSB Rc14,14.63,PSB Rc14,6.38,PSB Rc28,10,PSB Rc82,13.64,PSB Rc14,11.11,PSB Rc14,12.93,PSB Rc82,9.68,PSB Rc14,11.11,PSB Rc14,12.07,PSB Rc14,10.34,PSB Rc14,13.79
IR 64,9.09,PSB Rc28,9.76,PSB Rc18,6.38,PSB Rc82,7.5,PSB Rc28,13.64,PSB Rc28,5.56,NSIC Rc150,6.03,TH 82,8.06,NSIC Rc150,9.26,NSIC Rc150,10.34,PSB Rc82,6.9,PSB Rc34,3.45
PSB Rc82,5.68,PSB Rc82,7.32,PSB Rc82,4.26,PSB Rc14,7.5,Thailand Rice,9.09,Dagohoy,5.56,TH 82,4.31,NSIC Rc144,4.84,NSIC Rc134,5.56,NSIC Rc172,3.45,PSB Rc64,3.45,NSIC Rc156,3.45
PSB Rc18,4.55,NSIC Rc110,4.88,NSIC Rc120,2.13,Thailand Rice,5,NSIC Rc122,4.55,...,...,NSIC Rc134,2.59,NSIC Rc192,3.23,PSB Rc28,1.85,PSB Rc64,3.45,NSIC Rc222,3.45,NSIC Rc120,3.45
NSIC Rc110,3.41,Thailand Rice,4.88,IR 10,2.13,NSIC Rc110,2.5,Red Rice,4.55,...,...,NSIC Rc144,2.59,NSIC Rc150,3.23,NSIC Rc138,1.85,PSB Rc28,3.45,NSIC Rc142,3.45,NSIC Rc152,3.45
Thailand Rice,2.27,PSB Rc62,4.88,NSIC Rc110,2.13,Dagohoy,2.5,NSIC Rc110,4.55,...,...,PSB Rc62,1.72,PSB Rc62,3.23,...,...,NSIC Rc134,3.45,PSB Rc28,3.45,PSB Rc64,3.45
Masipag,2.27,IR 36,2.44,IR 64,2.13,NSIC Rc122,2.5,PSB Rc14,4.55,...,...,NSIC Rc192,1.72,NSIC Rc182,1.61,...,...,PSB Rc62,1.72,NSIC Rc172,3.45,NSIC Rc134,3.45
PSB Rc62,2.27,PSB Rc80,2.44,NSIC Rc112,2.13,Red Rice,2.5,...,...,...,...,NSIC Rc182,0.86,Red Rice,1.61,...,...,NSIC Rc120,1.72,PSB Rc62,3.45,NSIC Rc150,3.45
Bohol,,,,,,,,,,,,,,,,,,,,,,,
Jul-Dec 2006 harvest,,,,,,Jan-Jun 2007 harvest,,,,,,Jul-Dec 2011 harvest,,,,,,Jan-Jun 2012 harvest,,,,,
ALL ECOSYSTEMS,,IRRIGATED,,NON-IRRIGATED,,ALL ECOSYSTEMS,,IRRIGATED,,NON-IRRIGATED,,ALL ECOSYSTEMS,,IRRIGATED,,NON-IRRIGATED,,ALL ECOSYSTEMS,,IRRIGATED,,NON-IRRIGATED,
(n = 75),,(n = 22),,(n = 53),,(n = 41),,(n = 26),,(n = 15),,(n = 83),,(n = 33),,(n = 50),,(n = 86),,(n = 32),,(n = 54),
Name of Variety,0,Name of Variety,0,Name of Variety,0,Name of Variety,0,Name of Variety,0,Name of Variety,0,Name of Variety,0,Name of Variety,0,Name of Variety,0,Name of Variety,0,Name of Variety,0,Name of Variety,0
PSB Rc18,38.67,PSB Rc18,54.55,PSB Rc18,32.08,PSB Rc18,34.15,PSB Rc18,34.62,MB,40,PSB Rc18,28.92,PSB Rc82,18.18,PSB Rc18,40,PSB Rc18,32.56,PSB Rc18,25,PSB Rc18,37.04
IR 36,8,IR 36,22.73,MB,9.43,IR 36,19.51,IR 36,30.77,PSB Rc18,33.33,PSB Rc82,10.84,2000,15.15,NSIC Rc158,8,NSIC Rc152,17.44,NSIC Rc152,21.88,NSIC Rc152,14.81
MB,6.67,PSB Rc80,9.09,Masipag,7.55,MB,14.63,PSB Rc74,7.69,Masipag,20,2000,7.23,PSB Rc18,12.12,MB Kadatu,6,Masipag,5.81,2000 Red,15.63,Masipag,7.41
Masipag,5.33,IR 72,4.55,AG 5,7.55,Masipag,9.76,IR 74,3.85,MB Red,6.67,NSIC Rc158,6.02,NSIC Rc152,9.09,PSB Rc82,6,2000 Red,5.81,NSIC Rc212,12.5,NSIC Rc158,5.56
AG 5,5.33,PSB Rc98,4.55,Red 15,5.66,PSB Rc74,4.88,PSB Rc36,3.85,...,...,MB Kadatu,6.02,NSIC Rc134,9.09,MB,4,NSIC Rc158,4.65,PSB Rc82,9.38,Fancy Rice,3.7
PSB Rc82,4,PSB Rc82,4.55,Organic Rice,3.77,PSB Rc36,2.44,PSB Rc82,3.85,...,...,NSIC Rc152,3.61,NSIC Rc212,6.06,Red 15,4,NSIC Rc212,4.65,MB Kadatu,3.13,PSB Rc36,3.7
Red 15,4,...,...,PSB Rc82,3.77,PSB Rc82,2.44,Masipag,3.85,...,...,NSIC Rc212,3.61,MB Kadatu,6.06,Masipag,4,PSB Rc82,4.65,NSIC Rc158,3.13,PSB Rc66,3.7
PSB Rc80,2.67,...,...,Kaliga Red,3.77,MB Red,2.44,MD,3.85,...,...,NSIC Rc134,3.61,NSIC Rc214,3.03,PSB Rc10,4,MB Kadatu,3.49,Masipag,3.13,MB Kadatu,3.7
Organic Rice,2.67,...,...,Kagingi,3.77,PSB Rc80,2.44,PSB Rc80,3.85,...,...,MB,2.41,Glutinous Red Rice,3.03,PSB Rc4,4,PSB Rc66,2.33,Glutinous Red,3.13,Buhagay 08,3.7
Kagingi,2.67,...,...,PSB Rc36,1.89,AG 5,2.44,AG 5,3.85,...,...,Masipag,2.41,Fancy,3.03,PSB Rc92,2,NSIC Rc132H,2.33,NSIC Rc214,3.13,NSIC Rc132H,3.7
Leyte,,,,,,,,,,,,,,,,,,,,,,,
Jul-Dec 2006 harvest,,,,,,Jan-Jun 2007 harvest,,,,,,Jul-Dec 2011 harvest,,,,,,Jan-Jun 2012 harvest,,,,,
ALL ECOSYSTEMS,,IRRIGATED,,NON-IRRIGATED,,ALL ECOSYSTEMS,,IRRIGATED,,NON-IRRIGATED,,ALL ECOSYSTEMS,,IRRIGATED,,NON-IRRIGATED,,ALL ECOSYSTEMS,,IRRIGATED,,NON-IRRIGATED,
(n = 79),,(n = 52),,(n = 27),,(n = 78),,(n = 54),,(n = 24),,(n = 85),,(n = 70),,(n = 15),,(n = 83),,(n = 69),,(n = 14),
Name of Variety,0,Name of Variety,0,Name of Variety,0,Name of Variety,0,Name of Variety,0,Name of Variety,0,Name of Variety,0,Name of Variety,0,Name of Variety,0,Name of Variety,0,Name of Variety,0,Name of Variety,0
PSB Rc18,29.11,IR 18,23.08,PSB Rc18,40.74,PSB Rc18,42.31,PSB Rc18,33.33,PSB Rc18,62.5,PSB Rc18,30.59,PSB Rc18,28.57,PSB Rc18,40,PSB Rc82,25.3,PSB Rc82,30.43,Lanzones,21.43
IR 18,17.72,PSB Rc18,23.08,PSB Rc82,22.22,Masipag,11.54,PSB Rc94,9.26,Masipag,16.67,PSB Rc82,9.41,PSB Rc82,11.43,NSIC Rc152,20,PSB Rc18,18.07,PSB Rc18,17.39,PSB Rc18,21.43
PSB Rc82,10.13,NSIC Rc122,5.77,NSIC Rc112,7.41,PSB Rc94,6.41,Masipag,9.26,PSB Rc82,12.5,NSIC Rc216,8.24,NSIC Rc216,10,Lanzones,13.33,NSIC Rc222,12.05,NSIC Rc222,14.49,Masipag,14.29
NSIC Rc122,5.06,IR 74,5.77,Masipag,7.41,PSB Rc82,5.13,NSIC Rc128,7.41,NSIC Rc122,4.17,NSIC Rc152,5.88,PSB Rc64,5.71,Masipag,13.33,NSIC Rc216,4.82,TH82,5.8,PSB Rc60,14.29
Masipag,5.06,PSB Rc82,3.85,IR 18,7.41,NSIC Rc128,5.13,PSB Rc98,5.56,Milagrosa,4.17,Kaani,4.71,Kaani,5.71,Milagrosa,6.67,TH82,4.82,NSIC Rc216,5.8,NSIC Rc138,14.29
IR 74,3.8,Gloria Rice,3.85,Milagrosa,3.7,PSB Rc98,3.85,PSB Rc10,5.56,...,...,PSB Rc64,4.71,Maguindanao,4.29,Bukot (Tago),6.67,Kaani,4.82,Kaani,5.8,NSIC Rc152,7.14
NSIC Rc112,2.53,PSB Rc78,3.85,PSB Rc4,3.7,PSB Rc10,3.85,PSB Rc92,3.7,...,...,Maguindanao,3.53,TH 82,4.29,...,...,Lanzones,3.61,PSB Rc64,2.9,Matatag 3,7.14
PSB Rc78,2.53,Masipag,3.85,NSIC Rc122,3.7,PSB Rc92,2.56,NSIC Rc130,3.7,...,...,TH 82,3.53,M1,2.86,...,...,NSIC Rc138,3.61,NSIC Rc152,2.9,...,...
Gloria Rice,2.53,Sinandomeng,1.92,Lubang,3.7,NSIC Rc146,2.56,NSIC Rc146,3.7,...,...,Kasipag,2.35,Kasipag,2.86,...,...,NSIC Rc152,3.61,Japan,1.45,...,...
IR 60,1.27,PSB Rc60,1.92,...,...,NSIC Rc130,2.56,PSB Rc74,1.85,...,...,NSIC Rc132H,2.35,NSIC Rc132H,2.86,...,...,Masipag,2.41,PSB Rc14,1.45,...,...
Northern Samar,,,,,,,,,,,,,,,,,,,,,,,
Jul-Dec 2006 harvest,,,,,,Jan-Jun 2007 harvest,,,,,,Jul-Dec 2011 harvest,,,,,,Jan-Jun 2012 harvest,,,,,
ALL ECOSYSTEMS,,IRRIGATED,,NON-IRRIGATED,,ALL ECOSYSTEMS,,IRRIGATED,,NON-IRRIGATED,,ALL ECOSYSTEMS,,IRRIGATED,,NON-IRRIGATED,,ALL ECOSYSTEMS,,IRRIGATED,,NON-IRRIGATED,
(n = 50),,(n = 26),,(n = 24),,(n = 50),,(n = 17),,(n = 33),,(n = 45),,(n = 27),,(n = 18),,(n = 59),,(n = 27),,(n = 32),
Name of Variety,0,Name of Variety,0,Name of Variety,0,Name of Variety,0,Name of Variety,0,Name of Variety,0,Name of Variety,0,Name of Variety,0,Name of Variety,0,Name of Variety,0,Name of Variety,0,Name of Variety,0
PSB Rc18,44,PSB Rc18,38.46,PSB Rc18,50,PSB Rc18,40,PSB Rc18,41.18,PSB Rc18,39.39,PSB Rc18,51.11,PSB Rc18,55.56,PSB Rc18,44.44,PSB Rc18,52.54,PSB Rc18,40.74,PSB Rc18,62.5
PSB Rc32,6,PSB Rc32,11.54,PSB Rc14,12.5,PSB Rc14,12,PSB Rc82,11.76,PSB Rc14,18.18,PSB Rc42,11.11,NSIC Rc160,11.11,PSB Rc42,27.78,NSIC Rc222,5.08,PSB Rc32,11.11,PSB Rc42,9.38
PSB Rc72,6,PSB Rc72,11.54,PSB Rc42,8.33,PSB Rc42,8,PSB Rc32,11.76,PSB Rc42,12.12,NSIC Rc160,6.67,PSB Rc32,7.41,PSB Rc38,5.56,PSB Rc32,5.08,NSIC Rc216,11.11,PSB Rc14,6.25
PSB Rc82,6,PSB Rc82,11.54,IR82,8.33,PSB Rc82,8,IR 34,5.88,IR 29,6.06,PSB Rc32,4.44,PSB Rc54,3.7,NSIC Rc212,5.56,NSIC Rc216,5.08,NSIC Rc160,7.41,NSIC Rc222,6.25
PSB Rc14,6,NSIC Rc132H,7.69,IR 20,4.17,IR 29,6,Gloria Rice,5.88,IR5,6.06,PSB Rc54,2.22,PSB Rc86,3.7,Milagrosa,5.56,PSB Rc42,5.08,PSB Rc54,3.7,NSIC Rc128,3.13
NSIC Rc122,4,Rc72,7.69,NSIC Rc122,4.17,PSB Rc32,6,NSIC Rc134,5.88,PSB Rc82,6.06,PSB Rc30,2.22,PSB Rc52,3.7,Cyrus,5.56,NSIC Rc160,3.39,PSB Rc74,3.7,PSB Rc29,3.13
NSIC Rc132H,4,Wagwag,3.85,IR5,4.17,IR5,4,IR 60,5.88,PSB Rc12,3.03,PSB Rc86,2.22,PSB Rc82,3.7,IR64,5.56,PSB Rc14,3.39,PSB Rc86,3.7,PSB Rc38,3.13
PSB Rc42,4,NSIC Rc122,3.85,IR 29,4.17,PSB Rc12,2,IR 74,5.88,Credible Variety,3.03,IR64,2.22,PSB Rc30,3.7,...,0,PSB Rc54,1.69,PSB Rc52,3.7,PSB Rc82,3.13
IR82,4,PSB Rc64,3.85,Taiwan Rice,4.17,IR 60,2,IR 29,5.88,PSB Rc32,3.03,PSB Rc52,2.22,NSIC Rc218,3.7,...,...,NSIC Rc224,1.69,PSB Rc30,3.7,NSIC Rc212,3.13
Rc72,4,...,...,...,...,IR 34,2,...,...,Traditional Variety,3.03,Cyrus,2.22,NSIC Rc216,3.7,...,...,NSIC Rc128,1.69,NSIC Rc221,3.7,...,...
Zamboanga del Norte,,,,,,,,,,,,,,,,,,,,,,,
Jul-Dec 2006 harvest,,,,,,Jan-Jun 2007 harvest,,,,,,Jul-Dec 2011 harvest,,,,,,Jan-Jun 2012 harvest,,,,,
ALL ECOSYSTEMS,,IRRIGATED,,NON-IRRIGATED,,ALL ECOSYSTEMS,,IRRIGATED,,NON-IRRIGATED,,ALL ECOSYSTEMS,,IRRIGATED,,NON-IRRIGATED,,ALL ECOSYSTEMS,,IRRIGATED,,NON-IRRIGATED,
(n = 42),,(n = 19),,(n = 23),,(n = 31),,(n = 17),,(n = 14),,(n = 60),,(n = 32),,(n = 28),,(n = 43),,(n = 29),,(n = 14),
Name of Variety,0,Name of Variety,0,Name of Variety,0,Name of Variety,0,Name of Variety,0,Name of Variety,0,Name of Variety,0,Name of Variety,0,Name of Variety,0,Name of Variety,0,Name of Variety,0,Name of Variety,0
PSB Rc82,21.43,PSB Rc82,36.84,PSB Rc14,30.43,PSB Rc82,25.81,PSB Rc82,29.41,PSB Rc14,21.43,NSIC Rc134,13.33,PSB Rc18,15.63,NSIC Rc134,25,NSIC Rc128,13.95,PSB Rc18,17.24,NSIC Rc160,28.57
PSB Rc14,19.05,PSB Rc64,15.79,B10,13.04,IR 94,9.68,NSIC Rc122,11.76,PSB Rc82,21.43,NSIC Rc122,11.67,NSIC Rc128,12.5,NSIC Rc122,17.86,PSB Rc18,11.63,NSIC Rc222,13.79,NSIC Rc122,28.57
PSB Rc64,9.52,IR 22,5.26,PSB Rc82,8.7,PSB Rc14,9.68,IR 94,11.76,B10,14.29,NSIC Rc128,10,PSB Rc10,9.38,NSIC Rc160,10.71,NSIC Rc122,11.63,PSB Rc64,10.34,NSIC Rc128,21.43
Masipag,7.14,PSB Rc78,5.26,IR 60,8.7,PSB Rc28,9.68,IR 64,11.76,IR 94,7.14,PSB Rc18,8.33,IR64,9.38,NSIC Rc118,7.14,NSIC Rc222,9.3,NSIC Rc128,10.34,PSB Rc94,7.14
B10,7.14,PSB Rc94,5.26,Masipag,8.7,NSIC Rc122,6.45,Masipag,11.76,IR 60,7.14,PSB Rc10,5,Rc26,9.38,777,7.14,NSIC Rc160,9.3,PSB Rc34,6.9,PSB Rc28,7.14
PSB Rc28,4.76,PSB Rc14,5.26,PSB Rc10,4.35,IR 64,6.45,PSB Rc28,11.76,PSB Rc28,7.14,NSIC Rc160,5,NSIC Rc122,6.25,NSIC Rc128,7.14,PSB Rc64,6.98,PSB Rc82,6.9,NSIC Rc214,7.14
IR 60,4.76,PSB Rc26H,5.26,PSB Rc64,4.35,B10,6.45,NSIC Rc132H,5.88,Red Bordagol,7.14,IR64,5,PSB Rc82,6.25,Masipag,7.14,NSIC Rc214,4.65,NSIC Rc158,6.9,...,...
IR 22,2.38,PSB Rc42,5.26,NSIC Rc120,4.35,Masipag,6.45,PSB Rc26H,5.88,IR 18,7.14,Masipag,5,Red Rice,3.13,NSIC 2011 Rc21 SR,3.57,PSB Rc34,4.65,NSIC Rc138,6.9,...,...
IR 18,2.38,PSB Rc28,5.26,NSIC Rc122,4.35,IR 18,3.23,...,...,PSB Rc18,7.14,Rc26,5,NSIC Rc138,3.13,NSIC Rc120,3.57,PSB Rc82,4.65,NSIC Rc214,3.45,...,...
PSB Rc10,2.38,NSIC Rc124H,5.26,IR 18,4.35,PSB Rc26H,3.23,...,...,...,...,PSB Rc82,3.33,NSIC Rc146,3.13,PSB Rc68,3.57,NSIC Rc158,4.65,PSB Rc26,3.45,...,...
Zamboanga del Sur,,,,,,,,,,,,,,,,,,,,,,,
Jul-Dec 2006 harvest,,,,,,Jan-Jun 2007 harvest,,,,,,Jul-Dec 2011 harvest,,,,,,Jan-Jun 2012 harvest,,,,,
ALL ECOSYSTEMS,,IRRIGATED,,NON-IRRIGATED,,ALL ECOSYSTEMS,,IRRIGATED,,NON-IRRIGATED,,ALL ECOSYSTEMS,,IRRIGATED,,NON-IRRIGATED,,ALL ECOSYSTEMS,,IRRIGATED,,NON-IRRIGATED,
(n = 51),,(n = 39),,(n = 12),,(n = 50),,(n = 41),,(n = 9),,(n = 60),,(n = 45),,(n = 15),,(n = 60),,(n = 49),,(n = 11),
Name of Variety,0,Name of Variety,0,Name of Variety,0,Name of Variety,0,Name of Variety,0,Name of Variety,0,Name of Variety,0,Name of Variety,0,Name of Variety,0,Name of Variety,0,Name of Variety,0,Name of Variety,0
V10,21.57,NSIC Rc122,20.51,V10,33.33,Caber,20,Caber,24.39,NSIC Rc122,44.44,NSIC Rc158,15,Dwarf,17.78,IRM 3,40,NSIC Rc222,15,NSIC Rc222,18.37,NSIC Rc122,27.27
Masipag,19.61,Masipag,17.95,Masipag,25,NSIC Rc122,18,Masipag,21.95,Valentino,22.22,NSIC Rc222,15,NSIC Rc222,17.78,NSIC Rc158,33.33,NSIC Rc216,13.33,NSIC Rc216,14.29,IRM3,18.18
NSIC Rc122,17.65,V10,17.95,Caber,16.67,Masipag,18,NSIC Rc122,12.2,Texas,11.11,Dwarf,13.33,NSIC Rc122,11.11,Caber,6.67,NSIC Rc214,10,NSIC Rc214,10.2,NSIC Rc212,9.09
Dwarf,13.73,Dwarf,17.95,UPL 26,8.33,Dwarf,8,Dwarf,9.76,PSB Rc34,11.11,IRM 3,10,Texas,8.89,Red Bordagol,6.67,NSIC Rc122,8.33,Caber,10.2,NSIC Rc214,9.09
Caber,11.76,Caber,10.26,NSIC Rc122,8.33,Texas,6,V10,7.32,IR69726-29-1-2-2-2,11.11,NSIC Rc122,8.33,NSIC Rc158,8.89,NSIC Rc222,6.67,Texas,8.33,Texas,10.2,V10,9.09
Hybrid,3.92,Hybrid,5.13,PSB Rc34,8.33,V10,6,Texas,4.88,...,...,Texas,6.67,NSIC Rc160,8.89,PSB Rc2,6.67,Caber,8.33,Dwarf,8.16,Red Bordagol,9.09
UPL 26,1.96,NSIC Rc124H,2.56,...,...,PSB Rc34,4,IR 94,4.88,...,...,NSIC Rc160,6.67,Caber,6.67,...,...,Dwarf,6.67,NSIC Rc160,6.12,NSIC Rc216,9.09
NSIC Rc124H,1.96,IR35,2.56,...,...,Valentino,4,PSB Rc34,2.44,...,...,Caber,6.67,Masipag,4.44,...,...,NSIC Rc160,5,PSB Rc82,4.08,M3,9.09
IR35,1.96,IR 46,2.56,...,...,IR69726-29-1-2-2-2,4,NSIC Rc128,2.44,...,...,PSB Rc2,3.33,V10,4.44,...,...,V10,5,NSIC Rc122,4.08,...,...
PSB Rc34,1.96,M3,2.56,...,...,IR 94,4,IR69726-29-1-2-2-2,2.44,...,...,V10,3.33,NSIC Rc216,2.22,...,...,M3,3.33,NSIC Rc158,4.08,...,...
Zamboanga Sibugay,,,,,,,,,,,,,,,,,,,,,,,
Jul-Dec 2006 harvest,,,,,,Jan-Jun 2007 harvest,,,,,,Jul-Dec 2011 harvest,,,,,,Jan-Jun 2012 harvest,,,,,
ALL ECOSYSTEMS,,IRRIGATED,,NON-IRRIGATED,,ALL ECOSYSTEMS,,IRRIGATED,,NON-IRRIGATED,,ALL ECOSYSTEMS,,IRRIGATED,,NON-IRRIGATED,,ALL ECOSYSTEMS,,IRRIGATED,,NON-IRRIGATED,
(n = 22),,(n = 4),,(n = 18),,(n = 15),,(n = 3),,(n = 12),,(n = 25),,(n = 9),,(n = 16),,(n = 25),,(n = 6),,(n = 19),
Name of Variety,0,Name of Variety,0,Name of Variety,0,Name of Variety,0,Name of Variety,0,Name of Variety,0,Name of Variety,0,Name of Variety,0,Name of Variety,0,Name of Variety,0,Name of Variety,0,Name of Variety,0
B10,27.27,PSB Rc78,25,B10,33.33,PSB Rc82,26.67,Bio,33.33,V10,25,Rc26,28,Rc26,55.56,NSIC Rc158,18.75,NSIC Rc160,28,NSIC Rc160,33.33,PSB Rc26H,26.32
NSIC Rc122,18.18,Masipag,25,NSIC Rc122,22.22,Bio,26.67,IR 29,33.33,PSB Rc82,25,NSIC Rc158,16,NSIC Rc160,22.22,Rc26,12.5,PSB Rc26H,20,PSB Rc10,16.67,NSIC Rc160,26.32
PSB Rc82,9.09,PSB Rc82,25,PSB Rc82,5.56,V10,20,PSB Rc82,33.33,Bio,25,NSIC Rc160,16,NSIC Rc130,11.11,PSB Rc18,12.5,V26,12,NSIC Rc130,16.67,V26,15.79
Rc26,9.09,Rc26,25,Rc26,5.56,IR 29,13.33,...,...,IR 64,8.33,PSB Rc18,8,NSIC Rc158,11.11,NSIC Rc160,12.5,NSIC Rc106,4,NSIC Rc134,16.67,PSB Rc82,5.26
Bio Masipag,4.55,...,...,NSIC Rc112,5.56,NSIC Rc132H,6.67,...,...,NSIC Rc132H,8.33,PSB Rc82,4,...,...,PSB Rc82,6.25,NSIC Rc120,4,NSIC Rc106,16.67,NSIC Rc214,5.26
NSIC Rc124H,4.55,...,...,IR 29,5.56,IR 64,6.67,...,...,IR 29,8.33,PSB Rc28,4,...,...,PSB Rc28,6.25,PSB Rc82,4,...,...,PSB Rc28,5.26
PSB Rc78,4.55,...,...,Bio Masipag,5.56,...,...,...,...,...,...,NSIC Rc130,4,...,...,NSIC Rc148,6.25,NSIC Rc130,4,...,...,PSB Rc18,5.26
NSIC Rc132H,4.55,...,...,NSIC Rc124H,5.56,...,...,...,...,...,...,NSIC Rc122,4,...,...,NSIC Rc128,6.25,PSB Rc10,4,...,...,PSB Rc60,5.26
IR 29,4.55,...,...,PSB Rc90,5.56,...,...,...,...,...,...,NSIC Rc128,4,...,...,NSIC Rc134,6.25,NSIC Rc214,4,...,...,NSIC Rc120,5.26
Masipag,4.55,...,...,NSIC Rc132H,5.56,...,...,...,...,...,...,NSIC Rc134,4,...,...,NSIC Rc110,6.25,NSIC Rc134,4,...,...,...,...
Bukidnon,,,,,,,,,,,,,,,,,,,,,,,
Jul-Dec 2006 harvest,,,,,,Jan-Jun 2007 harvest,,,,,,Jul-Dec 2011 harvest,,,,,,Jan-Jun 2012 harvest,,,,,
ALL ECOSYSTEMS,,IRRIGATED,,NON-IRRIGATED,,ALL ECOSYSTEMS,,IRRIGATED,,NON-IRRIGATED,,ALL ECOSYSTEMS,,IRRIGATED,,NON-IRRIGATED,,ALL ECOSYSTEMS,,IRRIGATED,,NON-IRRIGATED,
(n = 48),,(n = 30),,(n = 18),,(n = 32),,(n = 26),,(n = 6),,(n = 81),,(n = 68),,(n = 13),,(n = 77),,(n = 71),,(n = 6),
Name of Variety,0,Name of Variety,0,Name of Variety,0,Name of Variety,0,Name of Variety,0,Name of Variety,0,Name of Variety,0,Name of Variety,0,Name of Variety,0,Name of Variety,0,Name of Variety,0,Name of Variety,0
Red Tonner,10.42,PSB Rc3,13.33,Red Tonner,27.78,PSB Rc18,12.5,PSB Rc34,11.54,PSB Rc18,33.33,NSIC Rc128,17.28,NSIC Rc128,17.65,PSB Rc18,23.08,NSIC Rc128,18.18,NSIC Rc128,19.72,PSB Rc18,33.33
PSB Rc3,10.42,IR 74,10,Masipag,11.11,Matatag 11,9.38,PSB Rc18,7.69,Red Rice,16.67,M11,13.58,M11,16.18,NSIC Rc158,23.08,PSB Rc18,14.29,PSB Rc18,12.68,Red Tonner,33.33
NSIC Rc122,6.25,UL,10,Red B 10,11.11,PSB Rc34,9.38,IR 74,7.69,D-15,16.67,PSB Rc18,9.88,IR64,8.82,Red Tonner,23.08,Red Tonner,11.69,NSIC Rc214,9.86,NSIC Rc158,16.67
UL,6.25,NSIC Rc122,10,Don Juan,5.56,IR 74,6.25,PSB Rc28,7.69,Red B 10,16.67,Red Tonner,9.88,Red Tonner,7.35,NSIC Rc128,15.38,NSIC Rc214,9.09,Red Tonner,9.86,NSIC Rc124H,16.67
Masipag,6.25,IR 62,6.67,Y-10,5.56,PSB Rc28,6.25,Matatag 11,7.69,Matatag 11,16.67,NSIC Rc158,7.41,PSB Rc18,7.35,NSIC Rc214,7.69,NSIC Rc222,9.09,NSIC Rc222,9.86,...,...
PSB Rc18,6.25,Dwarf Bordagol,6.67,Matatag 3,5.56,BPI Ri3,6.25,BPI Ri3,7.69,...,...,IR64,7.41,NSIC Rc222,4.41,NSIC Rc118,7.69,M11,3.9,M11,4.23,...,...
IR 74,6.25,NSIC Rc124H,6.67,PSB Rc3,5.56,Don Juan,6.25,Don Juan,7.69,...,...,NSIC Rc214,4.94,NSIC Rc140,4.41,...,...,PHB71,3.9,PHB71,4.23,...,...
Red B 10,4.17,PSB Rc18,6.67,B10,5.56,IR 64,6.25,IR 64,7.69,...,...,NSIC Rc148,3.7,NSIC Rc214,4.41,...,...,Farmers Seed,2.6,Farmers Seed,2.82,...,...
NSIC Rc124H,4.17,PSB Rc82,3.33,B15,5.56,Red B 10,3.13,2000 Variety,3.85,...,...,NSIC Rc140,3.7,NSIC Rc148,4.41,...,...,Red Rice,2.6,Red Rice,2.82,...,...
Dwarf Bordagol,4.17,PSB Rc14,3.33,PSB Rc18,5.56,IR28,3.13,Red V-10,3.85,...,...,NSIC Rc222,3.7,NSIC Rc158,4.41,...,...,NSIC Rc212,2.6,NSIC Rc212,2.82,...,...
Davao de Oro,,,,,,,,,,,,,,,,,,,,,,,
Jul-Dec 2006 harvest,,,,,,Jan-Jun 2007 harvest,,,,,,Jul-Dec 2011 harvest,,,,,,Jan-Jun 2012 harvest,,,,,
ALL ECOSYSTEMS,,IRRIGATED,,NON-IRRIGATED,,ALL ECOSYSTEMS,,IRRIGATED,,NON-IRRIGATED,,ALL ECOSYSTEMS,,IRRIGATED,,NON-IRRIGATED,,ALL ECOSYSTEMS,,IRRIGATED,,NON-IRRIGATED,
(n = 12),,(n = 12),,(n = 0),,(n = 12),,(n = 12),,(n = 0),,(n = 26),,(n = 22),,(n = 4),,(n = 25),,(n = 20),,(n = 5),
Name of Variety,0,Name of Variety,0,Name of Variety,0,Name of Variety,0,Name of Variety,0,Name of Variety,0,Name of Variety,0,Name of Variety,0,Name of Variety,0,Name of Variety,0,Name of Variety,0,Name of Variety,0
PSB Rc82,33.33,PSB Rc82,33.33,...,...,PSB Rc82,50,PSB Rc82,50,...,...,NSIC Rc160,30.77,NSIC Rc160,36.36,PSB Rc82,50,NSIC Rc160,24,NSIC Rc160,30,PSB Rc64,40
Masipag,16.67,Masipag,16.67,...,...,Masipag,25,Masipag,25,...,...,NSIC Rc214,11.54,NSIC Rc214,13.64,Bodo-Bodo,25,NSIC Rc214,16,NSIC Rc214,20,Bodo-Bodo,20
PSB Rc18,16.67,PSB Rc18,16.67,...,...,IR 43,8.33,IR 43,8.33,...,...,PSB Rc82,11.54,IR64,9.09,NSIC Rc128,25,NSIC Rc128,12,NSIC Rc136H,10,NSIC Rc128,20
Masipag AG-5,8.33,Masipag AG-5,8.33,...,...,NSIC Rc122,8.33,NSIC Rc122,8.33,...,...,IR64,7.69,PSB Rc64,9.09,...,...,PSB Rc64,12,PSB Rc82,10,NSIC Rc216,20
NSIC Rc116H,8.33,NSIC Rc116H,8.33,...,...,PSB Rc18,8.33,PSB Rc18,8.33,...,...,PSB Rc64,7.69,NSIC Rc168H,4.55,...,...,PSB Rc82,8,NSIC Rc128,10,...,...
IR 60,8.33,IR 60,8.33,...,...,...,...,...,...,...,...,Bodo-Bodo,7.69,NSIC Rc154,4.55,...,...,NSIC Rc136H,8,NSIC Rc158,5,...,...
IR 64,8.33,IR 64,8.33,...,...,...,...,...,...,...,...,NSIC Rc128,3.85,Bodo-Bodo,4.55,...,...,NSIC Rc216,8,PSB Rc64,5,...,...
...,...,...,...,...,...,...,...,...,...,...,...,Jolly Rice,3.85,NSIC Rc158,4.55,...,...,NSIC Rc158,4,NSIC Rc154,5,...,...
...,...,...,...,...,...,...,...,...,...,...,...,NSIC Rc154,3.85,Jolly Rice,4.55,...,...,Bodo-Bodo,4,NSIC Rc216,5,...,...
...,...,...,...,...,...,...,...,...,...,...,...,NSIC Rc158,3.85,NSIC Rc124H,4.55,...,...,NSIC Rc154,4,...,...,...,...
Davao del Norte,,,,,,,,,,,,,,,,,,,,,,,
Jul-Dec 2006 harvest,,,,,,Jan-Jun 2007 harvest,,,,,,Jul-Dec 2011 harvest,,,,,,Jan-Jun 2012 harvest,,,,,
ALL ECOSYSTEMS,,IRRIGATED,,NON-IRRIGATED,,ALL ECOSYSTEMS,,IRRIGATED,,NON-IRRIGATED,,ALL ECOSYSTEMS,,IRRIGATED,,NON-IRRIGATED,,ALL ECOSYSTEMS,,IRRIGATED,,NON-IRRIGATED,
(n = 19),,(n = 19),,(n = 0),,(n = 19),,(n = 19),,(n = 0),,(n = 34),,(n = 34),,(n = 0),,(n = 34),,(n = 34),,(n = 0),
Name of Variety,0,Name of Variety,0,Name of Variety,0,Name of Variety,0,Name of Variety,0,Name of Variety,0,Name of Variety,0,Name of Variety,0,Name of Variety,0,Name of Variety,0,Name of Variety,0,Name of Variety,0
Masipag,42.11,Masipag,42.11,...,...,PSB Rc82,36.84,PSB Rc82,36.84,...,...,PSB Rc82,41.18,PSB Rc82,41.18,...,...,NSIC Rc160,35.29,NSIC Rc160,35.29,...,...
PSB Rc82,21.05,PSB Rc82,21.05,...,...,Masipag,15.79,Masipag,15.79,...,...,NSIC Rc160,26.47,NSIC Rc160,26.47,...,...,PSB Rc82,17.65,PSB Rc82,17.65,...,...
NSIC Rc122,10.53,NSIC Rc122,10.53,...,...,PSB Rc72H,10.53,PSB Rc72H,10.53,...,...,NSIC Rc128,14.71,NSIC Rc128,14.71,...,...,NSIC Rc128,11.76,NSIC Rc128,11.76,...,...
NSIC Rc116H,10.53,NSIC Rc116H,10.53,...,...,NSIC Rc128,5.26,NSIC Rc128,5.26,...,...,PSB Rc18,5.88,PSB Rc18,5.88,...,...,NSIC Rc216,11.76,NSIC Rc216,11.76,...,...
PSB Rc18,10.53,PSB Rc18,10.53,...,...,NSIC Rc122,5.26,NSIC Rc122,5.26,...,...,NSIC Rc216,2.94,NSIC Rc216,2.94,...,...,NSIC Rc146,2.94,NSIC Rc146,2.94,...,...
PSB Rc72H,5.26,PSB Rc72H,5.26,...,...,PSB Rc10,5.26,PSB Rc10,5.26,...,...,NSIC Rc214,2.94,NSIC Rc214,2.94,...,...,PSB Rc18,2.94,PSB Rc18,2.94,...,...
...,...,...,...,...,...,PSB Rc28,5.26,PSB Rc28,5.26,...,...,NSIC Rc144,2.94,NSIC Rc144,2.94,...,...,NSIC Rc158,2.94,NSIC Rc158,2.94,...,...
...,...,...,...,...,...,NSIC Rc130,5.26,NSIC Rc130,5.26,...,...,Arigato,2.94,Arigato,2.94,...,...,Masipag,2.94,Masipag,2.94,...,...
...,...,...,...,...,...,UPL Ri7,5.26,UPL Ri7,5.26,...,...,...,...,...,...,...,...,NSIC Rc122,2.94,NSIC Rc122,2.94,...,...
...,...,...,...,...,...,NSIC Rc116H,5.26,NSIC Rc116H,5.26,...,...,...,...,...,...,...,...,NSIC Rc226,2.94,NSIC Rc226,2.94,...,...
Davao del Sur,,,,,,,,,,,,,,,,,,,,,,,
Jul-Dec 2006 harvest,,,,,,Jan-Jun 2007 harvest,,,,,,Jul-Dec 2011 harvest,,,,,,Jan-Jun 2012 harvest,,,,,
ALL ECOSYSTEMS,,IRRIGATED,,NON-IRRIGATED,,ALL ECOSYSTEMS,,IRRIGATED,,NON-IRRIGATED,,ALL ECOSYSTEMS,,IRRIGATED,,NON-IRRIGATED,,ALL ECOSYSTEMS,,IRRIGATED,,NON-IRRIGATED,
(n = 32),,(n = 31),,(n = 1),,(n = 32),,(n = 32),,(n = 0),,(n = 60),,(n = 60),,(n = 0),,(n = 60),,(n = 60),,(n = 0),
Name of Variety,0,Name of Variety,0,Name of Variety,0,Name of Variety,0,Name of Variety,0,Name of Variety,0,Name of Variety,0,Name of Variety,0,Name of Variety,0,Name of Variety,0,Name of Variety,0,Name of Variety,0
PSB Rc10,43.75,PSB Rc10,41.94,PSB Rc10,100,PSB Rc10,50,PSB Rc10,50,...,...,PSB Rc10,28.33,PSB Rc10,28.33,...,...,PSB Rc10,23.33,PSB Rc10,23.33,...,...
PSB Rc72H,15.63,PSB Rc72H,16.13,...,...,PSB Rc72H,15.63,PSB Rc72H,15.63,...,...,NSIC Rc128,25,NSIC Rc128,25,...,...,NSIC Rc128,21.67,NSIC Rc128,21.67,...,...
F1,12.5,F1,12.9,...,...,NSIC Rc116H,9.38,NSIC Rc116H,9.38,...,...,PSB Rc72H,13.33,PSB Rc72H,13.33,...,...,PSB Rc72H,10,PSB Rc72H,10,...,...
Masipag,9.38,Masipag,9.68,...,...,Masipag 1,6.25,Masipag 1,6.25,...,...,NSIC Rc222,6.67,NSIC Rc222,6.67,...,...,NSIC Rc122,6.67,NSIC Rc122,6.67,...,...
M3,6.25,M3,6.45,...,...,NSIC Rc146,3.13,NSIC Rc146,3.13,...,...,PSB Rc64,3.33,PSB Rc64,3.33,...,...,NSIC Rc130,6.67,NSIC Rc130,6.67,...,...
IR 74,3.13,IR 74,3.23,...,...,PSB Rc28,3.13,PSB Rc28,3.13,...,...,NSIC Rc122,3.33,NSIC Rc122,3.33,...,...,NSIC Rc160,6.67,NSIC Rc160,6.67,...,...
PSB Rc8,3.13,PSB Rc8,3.23,...,...,Red Rice,3.13,Red Rice,3.13,...,...,NSIC Rc118,3.33,NSIC Rc118,3.33,...,...,NSIC Rc116H,5,NSIC Rc116H,5,...,...
PSB Rc28,3.13,PSB Rc28,3.23,...,...,PSB Rc52,3.13,PSB Rc52,3.13,...,...,M3,3.33,M3,3.33,...,...,NSIC Rc142,3.33,NSIC Rc142,3.33,...,...
NSIC Rc128,3.13,NSIC Rc128,3.23,...,...,NSIC Rc122,3.13,NSIC Rc122,3.13,...,...,NSIC Rc116H,1.67,NSIC Rc116H,1.67,...,...,NSIC Rc120,3.33,NSIC Rc120,3.33,...,...
...,...,...,...,...,...,PSB Rc74,3.13,PSB Rc74,3.13,...,...,M1,1.67,M1,1.67,...,...,NSIC Rc222,3.33,NSIC Rc222,3.33,...,...
Davao Oriental,,,,,,,,,,,,,,,,,,,,,,,
Jul-Dec 2006 harvest,,,,,,Jan-Jun 2007 harvest,,,,,,Jul-Dec 2011 harvest,,,,,,Jan-Jun 2012 harvest,,,,,
ALL ECOSYSTEMS,,IRRIGATED,,NON-IRRIGATED,,ALL ECOSYSTEMS,,IRRIGATED,,NON-IRRIGATED,,ALL ECOSYSTEMS,,IRRIGATED,,NON-IRRIGATED,,ALL ECOSYSTEMS,,IRRIGATED,,NON-IRRIGATED,
(n = 60),,(n = 58),,(n = 2),,(n = 60),,(n = 58),,(n = 2),,(n = 60),,(n = 60),,(n = 0),,(n = 60),,(n = 60),,(n = 0),
Name of Variety,0,Name of Variety,0,Name of Variety,0,Name of Variety,0,Name of Variety,0,Name of Variety,0,Name of Variety,0,Name of Variety,0,Name of Variety,0,Name of Variety,0,Name of Variety,0,Name of Variety,0
PSB Rc82,26.67,PSB Rc82,25.86,PSB Rc82,50,IR 64,35,IR 64,36.21,Grt,100,NSIC Rc128,41.67,NSIC Rc128,41.67,...,...,NSIC Rc128,55,NSIC Rc128,55,...,...
IR 64,23.33,IR 64,24.14,Grt,50,NSIC Rc116H,25,NSIC Rc116H,25.86,...,...,IR64,20,IR64,20,...,...,NSIC Rc160,11.67,NSIC Rc160,11.67,...,...
NSIC Rc118,15,NSIC Rc118,15.52,...,...,PSB Rc82,11.67,PSB Rc82,12.07,...,...,NSIC Rc160,10,NSIC Rc160,10,...,...,NSIC Rc194,8.33,NSIC Rc194,8.33,...,...
NSIC Rc116H,8.33,NSIC Rc116H,8.62,...,...,PSB Rc18,11.67,PSB Rc18,12.07,...,...,NSIC Rc130,6.67,NSIC Rc130,6.67,...,...,PSB Rc18,5,PSB Rc18,5,...,...
PSB Rc18,8.33,PSB Rc18,8.62,...,...,NSIC Rc132H,6.67,NSIC Rc132H,6.9,...,...,NSIC Rc122,5,NSIC Rc122,5,...,...,IR64,5,IR64,5,...,...
PSB Rc72H,3.33,PSB Rc72H,3.45,...,...,NSIC Rc122,5,NSIC Rc122,5.17,...,...,PSB Rc82,3.33,PSB Rc82,3.33,...,...,NSIC Rc130,5,NSIC Rc130,5,...,...
Grt,3.33,NSIC Rc124H,1.72,...,...,Grt,3.33,Mestizo 64,1.72,...,...,PSB Rc18,3.33,PSB Rc18,3.33,...,...,PSB Rc82,3.33,PSB Rc82,3.33,...,...
NSIC Rc124H,1.67,F1,1.72,...,...,Mestizo 64,1.67,...,...,...,...,IR60,1.67,IR60,1.67,...,...,NSIC Rc122,1.67,NSIC Rc122,1.67,...,...
F1,1.67,IR 60,1.72,...,...,...,...,...,...,...,...,Rc401,1.67,Rc401,1.67,...,...,Grt,1.67,Grt,1.67,...,...
IR 60,1.67,Masipag,1.72,...,...,...,...,...,...,...,...,PSB Rc64,1.67,PSB Rc64,1.67,...,...,NSIC Rc214,1.67,NSIC Rc214,1.67,...,...
North Cotabato,,,,,,,,,,,,,,,,,,,,,,,
Jul-Dec 2006 harvest,,,,,,Jan-Jun 2007 harvest,,,,,,Jul-Dec 2011 harvest,,,,,,Jan-Jun 2012 harvest,,,,,
ALL ECOSYSTEMS,,IRRIGATED,,NON-IRRIGATED,,ALL ECOSYSTEMS,,IRRIGATED,,NON-IRRIGATED,,ALL ECOSYSTEMS,,IRRIGATED,,NON-IRRIGATED,,ALL ECOSYSTEMS,,IRRIGATED,,NON-IRRIGATED,
(n = 41),,(n = 30),,(n = 11),,(n = 28),,(n = 25),,(n = 3),,(n = 86),,(n = 60),,(n = 26),,(n = 68),,(n = 49),,(n = 19),
Name of Variety,0,Name of Variety,0,Name of Variety,0,Name of Variety,0,Name of Variety,0,Name of Variety,0,Name of Variety,0,Name of Variety,0,Name of Variety,0,Name of Variety,0,Name of Variety,0,Name of Variety,0
Masipag,19.51,Masipag,20,IR 74,18.18,NSIC Rc118,32.14,NSIC Rc118,36,Urab,66.67,M3,30.23,M3,31.67,M3,26.92,NSIC Rc118,33.82,NSIC Rc118,28.57,NSIC Rc118,47.37
NSIC Rc118,14.63,NSIC Rc118,16.67,Orab,18.18,IR 74,10.71,IR 74,12,Masipag,33.33,Masipag,6.98,PSB Rc82,5,NSIC Rc222,11.54,PSB Rc10,14.71,PSB Rc10,20.41,NSIC Rc158,15.79
M3,9.76,M3,13.33,Masipag,18.18,IR 64,7.14,IR 64,8,...,...,NSIC Rc222,6.98,NSIC Rc158,5,Masipag,11.54,NSIC Rc158,10.29,NSIC Rc222,8.16,Red Tonner,10.53
IR 74,7.32,PSB Rc6,10,PSB Rc10,9.09,Masipag,7.14,IR69726-29-1-2-2-2,4,...,...,NSIC Rc158,5.81,NSIC Rc118,5,NSIC Rc158,7.69,NSIC Rc222,7.35,NSIC Rc158,8.16,Barok,10.53
PSB Rc6,7.32,NSIC Rc116H,6.67,IR69726-29-1-2-2-2,9.09,Urab,7.14,BPI Ri6,4,...,...,NSIC Rc128,4.65,NSIC Rc222,5,Red Masipag,7.69,PSB Rc32,4.41,PSB Rc32,6.12,PSB Rc28,5.26
IR69726-29-1-2-2-2,4.88,IR69726-29-1-2-2-2,3.33,PSB Rc82,9.09,IR69726-29-1-2-2-2,3.57,Matatag 12,4,...,...,NSIC Rc118,3.49,M3 Barako,5,NSIC Rc128,7.69,NSIC Rc214,4.41,NSIC Rc214,6.12,NSIC Rc222,5.26
NSIC Rc116H,4.88,ML-18,3.33,Urab,9.09,BPI Ri6,3.57,Masipag,4,...,...,Red Masipag,3.49,Masipag,5,BPI Ri3,7.69,Barok,2.94,PSB Rc34,4.08,PSB Rc64,5.26
Urab,4.88,PSB Rc18,3.33,NSIC Rc118,9.09,Matatag 12,3.57,Masipag 17,4,...,...,PSB Rc10,3.49,PSB Rc32,3.33,IR32,3.85,PSB Rc34,2.94,NSIC Rc128,4.08,...,...
Orab,4.88,Urab,3.33,...,...,Masipag 17,3.57,PSB Rc20,4,...,...,PSB Rc82,3.49,NSIC Rc160,3.33,Red Rice,3.85,Red Tonner,2.94,NSIC Rc212,2.04,...,...
ML-18,2.44,IR 64,3.33,...,...,PSB Rc20,3.57,Laguna,4,...,...,M3 Barako,3.49,PSB Rc10,3.33,PSB Rc10,3.85,NSIC Rc128,2.94,NSIC Rc216,2.04,...,...
South Cotabato,,,,,,,,,,,,,,,,,,,,,,,
Jul-Dec 2006 harvest,,,,,,Jan-Jun 2007 harvest,,,,,,Jul-Dec 2011 harvest,,,,,,Jan-Jun 2012 harvest,,,,,
ALL ECOSYSTEMS,,IRRIGATED,,NON-IRRIGATED,,ALL ECOSYSTEMS,,IRRIGATED,,NON-IRRIGATED,,ALL ECOSYSTEMS,,IRRIGATED,,NON-IRRIGATED,,ALL ECOSYSTEMS,,IRRIGATED,,NON-IRRIGATED,
(n = 49),,(n = 40),,(n = 9),,(n = 25),,(n = 24),,(n = 1),,(n = 59),,(n = 50),,(n = 9),,(n = 56),,(n = 47),,(n = 9),
Name of Variety,0,Name of Variety,0,Name of Variety,0,Name of Variety,0,Name of Variety,0,Name of Variety,0,Name of Variety,0,Name of Variety,0,Name of Variety,0,Name of Variety,0,Name of Variety,0,Name of Variety,0
NSIC Rc116H,32.65,NSIC Rc116H,40,NSIC Rc132H,22.22,NSIC Rc128,16,NSIC Rc128,16.67,PSB Rc72H,100,M3,30.51,M3,30,M3,33.33,M3,30.36,M3,27.66,M3,44.44
PSB Rc14,28.57,PSB Rc14,35,311,22.22,NSIC Rc118,12,NSIC Rc116H,12.5,...,...,NSIC Rc158,11.86,NSIC Rc222,12,PSB Rc12,11.11,NSIC Rc222,16.07,NSIC Rc222,12.77,NSIC Rc222,33.33
NSIC Rc132H,4.08,Masipag,2.5,Mistiso,11.11,NSIC Rc116H,12,NSIC Rc118,12.5,...,...,NSIC Rc222,10.17,NSIC Rc158,12,NSIC Rc160,11.11,NSIC Rc216,8.93,Pedro,8.51,NSIC Rc216,22.22
PSB Rc18,4.08,F-8,2.5,Burdagol,11.11,M3,8,PSB Rc14,8.33,...,...,NSIC Rc160,6.78,ML,6,PSB Rc18,11.11,Pedro,7.14,NSIC Rc216,6.38,...,...
PSB Rc28,4.08,IR 64,2.5,PSB Rc18,11.11,Zamboanga,8,Zamboanga,8.33,...,...,NSIC Rc216,6.78,NSIC Rc160,6,NSIC Rc216,11.11,NSIC Rc160,5.36,NSIC Rc160,6.38,...,...
311,4.08,Dagohoy,2.5,PSB Rc28,11.11,PSB Rc14,8,M3,8.33,...,...,ML,5.08,NSIC Rc216,6,NSIC Rc158,11.11,NSIC Rc128,3.57,NSIC Rc128,4.26,...,...
Masipag,2.04,PSB Rc18,2.5,IR 36,11.11,R-5,4,R-5,4.17,...,...,PSB Rc18,3.39,PSB Rc28,4,Rc126,11.11,ML,3.57,ML,4.26,...,...
Mistiso,2.04,PSB Rc28,2.5,...,...,PSB Rc72H,4,IR 14,4.17,...,...,PSB Rc28,3.39,PSB Rc32,2,...,...,NSIC Rc158,3.57,NSIC Rc158,4.26,...,...
F-8,2.04,NSIC Rc128,2.5,...,...,IR 14,4,Dagohoy,4.17,...,...,NSIC Rc134,1.69,Jasmine,2,...,...,IR 42,3.57,IR 42,4.26,...,...
IR 64,2.04,BPI Ri7,2.5,...,...,NSIC Rc130,4,PSB Rc18,4.17,...,...,PSB Rc32,1.69,PSB Rc33,2,...,...,Barao,3.57,Barao,4.26,...,...
Sultan Kudarat,,,,,,,,,,,,,,,,,,,,,,,
Jul-Dec 2006 harvest,,,,,,Jan-Jun 2007 harvest,,,,,,Jul-Dec 2011 harvest,,,,,,Jan-Jun 2012 harvest,,,,,
ALL ECOSYSTEMS,,IRRIGATED,,NON-IRRIGATED,,ALL ECOSYSTEMS,,IRRIGATED,,NON-IRRIGATED,,ALL ECOSYSTEMS,,IRRIGATED,,NON-IRRIGATED,,ALL ECOSYSTEMS,,IRRIGATED,,NON-IRRIGATED,
(n = 53),,(n = 40),,(n = 13),,(n = 27),,(n = 20),,(n = 7),,(n = 60),,(n = 45),,(n = 15),,(n = 40),,(n = 40),,(n = 0),
Name of Variety,0,Name of Variety,0,Name of Variety,0,Name of Variety,0,Name of Variety,0,Name of Variety,0,Name of Variety,0,Name of Variety,0,Name of Variety,0,Name of Variety,0,Name of Variety,0,Name of Variety,0
NSIC Rc116H,33.96,Line 2,35,NSIC Rc116H,46.15,NSIC Rc116H,22.22,Masipag,30,NSIC Rc116H,57.14,M3,25,NSIC Rc122,26.67,M3,60,NSIC Rc122,22.5,NSIC Rc122,22.5,...,...
Line 2,30.19,NSIC Rc116H,30,Line 2,15.38,Masipag,22.22,Line 2,20,NSIC Rc128,14.29,NSIC Rc122,20,M3,13.33,PSB Rc18,13.33,NSIC Rc222,10,NSIC Rc222,10,...,...
PSB Rc82,11.32,PSB Rc82,15,PSB Rc18,15.38,NSIC Rc122,18.52,NSIC Rc122,20,NSIC Rc122,14.29,PSB Rc18,10,PSB Rc32,8.89,NSIC Rc158,13.33,M3,10,M3,10,...,...
PSB Rc18,5.66,NSIC Rc112,5,IR55,15.38,Line 2,14.81,NSIC Rc116H,10,PSB Rc14,14.29,NSIC Rc158,6.67,PSB Rc18,8.89,NSIC Rc222,6.67,PSB Rc32,7.5,PSB Rc32,7.5,...,...
IR55,3.77,PSB Rc30,2.5,Masipag,7.69,NSIC Rc128,3.7,Mamatag 1,10,...,...,PSB Rc32,6.67,NSIC Rc214,6.67,Line 2,6.67,NSIC Rc214,7.5,NSIC Rc214,7.5,...,...
Masipag,3.77,PSB Rc28,2.5,...,...,IR 74,3.7,PSB Rc18,5,...,...,NSIC Rc214,5,NSIC Rc158,4.44,...,...,NSIC Rc216,7.5,NSIC Rc216,7.5,...,...
NSIC Rc112,3.77,NSIC Rc122,2.5,...,...,NSIC Rc118,3.7,NSIC Rc118,5,...,...,Line 2,3.33,Arigato,4.44,...,...,Trimillion,7.5,Trimillion,7.5,...,...
PSB Rc30,1.89,PSB Rc18,2.5,...,...,Mamatag 1,3.7,IR 74,5,...,...,Arigato,3.33,NSIC Rc132H,2.22,...,...,NSIC Rc160,5,NSIC Rc160,5,...,...
PSB Rc28,1.89,Masipag,2.5,...,...,PSB Rc18,3.7,...,...,...,...,825,1.67,PSB Rc2,2.22,...,...,NSIC Rc158,5,NSIC Rc158,5,...,...
Rc11,1.89,Rc11,2.5,...,...,PSB Rc14,3.7,...,...,...,...,L2,1.67,Fancy Rice,2.22,...,...,NSIC Rc212,5,NSIC Rc212,5,...,...
Agusan del Norte,,,,,,,,,,,,,,,,,,,,,,,
Jul-Dec 2006 harvest,,,,,,Jan-Jun 2007 harvest,,,,,,Jul-Dec 2011 harvest,,,,,,Jan-Jun 2012 harvest,,,,,
ALL ECOSYSTEMS,,IRRIGATED,,NON-IRRIGATED,,ALL ECOSYSTEMS,,IRRIGATED,,NON-IRRIGATED,,ALL ECOSYSTEMS,,IRRIGATED,,NON-IRRIGATED,,ALL ECOSYSTEMS,,IRRIGATED,,NON-IRRIGATED,
(n = 25),,(n = 15),,(n = 10),,(n = 19),,(n = 11),,(n = 8),,(n = 58),,(n = 32),,(n = 26),,(n = 51),,(n = 34),,(n = 17),
Name of Variety,0,Name of Variety,0,Name of Variety,0,Name of Variety,0,Name of Variety,0,Name of Variety,0,Name of Variety,0,Name of Variety,0,Name of Variety,0,Name of Variety,0,Name of Variety,0,Name of Variety,0
PSB Rc18,36,PSB Rc18,46.67,Line 2,60,Line 2,42.11,PSB Rc18,54.55,Line 2,62.5,PSB Rc18,32.76,PSB Rc18,31.25,PSB Rc18,34.62,PSB Rc18,27.45,PSB Rc18,35.29,NSIC Rc128,29.41
Line 2,36,Line 2,20,NSIC Rc122,20,PSB Rc18,36.84,Line 2,27.27,PSB Rc82,12.5,NSIC Rc122,18.97,NSIC Rc122,15.63,NSIC Rc122,23.08,NSIC Rc122,19.61,NSIC Rc122,17.65,NSIC Rc122,23.53
NSIC Rc122,8,PSB Rc30,6.67,PSB Rc18,20,IR282,10.53,IR282,18.18,NSIC Rc130,12.5,NSIC Rc128,10.34,PSB Rc10,12.5,NSIC Rc128,11.54,NSIC Rc128,13.73,NSIC Rc160,11.76,NSIC Rc212,11.76
PSB Rc82,4,L-2,6.67,...,...,PSB Rc82,5.26,...,...,PSB Rc18,12.5,PSB Rc10,6.9,NSIC Rc160,9.38,PSB Rc82,3.85,NSIC Rc160,9.8,NSIC Rc214,8.82,PSB Rc18,11.76
NSIC Rc112,4,PSB Rc82,6.67,...,...,NSIC Rc130,5.26,...,...,...,...,NSIC Rc160,5.17,NSIC Rc128,9.38,Line 2,3.85,NSIC Rc214,5.88,B10 Red,8.82,NSIC Rc158,11.76
PSB Rc30,4,PSB Rc72H,6.67,...,...,...,...,...,...,...,...,PSB Rc82,3.45,B10 Red,6.25,BPI Ri1,3.85,B10 Red,5.88,NSIC Rc128,5.88,BPI Ri1,5.88
PSB Rc72H,4,NSIC Rc112,6.67,...,...,...,...,...,...,...,...,Line 2,3.45,Line 2,3.13,PSB Rc22,3.85,NSIC Rc158,3.92,NSIC Rc121,2.94,NSIC Rc160,5.88
L-2,4,...,...,...,...,...,...,...,...,...,...,B10 Red,3.45,BPI Ri1,3.13,Bodo-Bodo,3.85,NSIC Rc212,3.92,NSIC Rc282,2.94,...,...
...,...,...,...,...,...,...,...,...,...,...,...,BPI Ri1,3.45,PSB Rc9,3.13,Black Rice,3.85,NSIC Rc121,1.96,PSB Rc14,2.94,...,...
...,...,...,...,...,...,...,...,...,...,...,...,PSB Rc22,1.72,NSIC Rc412,3.13,NSIC Rc124H,3.85,BPI Ri1,1.96,Line 2,2.94,...,...
Agusan del Sur,,,,,,,,,,,,,,,,,,,,,,,
Jul-Dec 2006 harvest,,,,,,Jan-Jun 2007 harvest,,,,,,Jul-Dec 2011 harvest,,,,,,Jan-Jun 2012 harvest,,,,,
ALL ECOSYSTEMS,,IRRIGATED,,NON-IRRIGATED,,ALL ECOSYSTEMS,,IRRIGATED,,NON-IRRIGATED,,ALL ECOSYSTEMS,,IRRIGATED,,NON-IRRIGATED,,ALL ECOSYSTEMS,,IRRIGATED,,NON-IRRIGATED,
(n = 41),,(n = 26),,(n = 15),,(n = 41),,(n = 24),,(n = 17),,(n = 55),,(n = 35),,(n = 20),,(n = 60),,(n = 32),,(n = 28),
Name of Variety,0,Name of Variety,0,Name of Variety,0,Name of Variety,0,Name of Variety,0,Name of Variety,0,Name of Variety,0,Name of Variety,0,Name of Variety,0,Name of Variety,0,Name of Variety,0,Name of Variety,0
PSB Rc82,46.34,PSB Rc82,42.31,PSB Rc82,53.33,PSB Rc82,21.95,NSIC Rc128,16.67,PSB Rc82,47.06,NSIC Rc128,20,NSIC Rc216,25.71,NSIC Rc128,25,NSIC Rc160,15,NSIC Rc216,28.13,Bodo-Bodo,17.86
PSB Rc18,17.07,PSB Rc18,15.38,PSB Rc18,20,PSB Rc18,14.63,PSB Rc6,12.5,PSB Rc18,17.65,NSIC Rc216,18.18,NSIC Rc128,17.14,M3,25,NSIC Rc216,15,NSIC Rc160,18.75,PSB Rc18,14.29
PSB Rc14,7.32,PSB Rc14,7.69,IR 64,6.67,NSIC Rc128,9.76,PSB Rc18,12.5,IR 64,5.88,PSB Rc82,10.91,PSB Rc82,11.43,PSB Rc82,10,Bodo-Bodo,11.67,PSB Rc82,12.5,NSIC Rc214,10.71
IR 64,4.88,NSIC Rc17,3.85,PSB Rc14,6.67,PSB Rc6,7.32,NSIC Rc138,12.5,NSIC Rc132H,5.88,M3,9.09,NSIC Rc160,11.43,NSIC Rc212,10,PSB Rc82,11.67,NSIC Rc158,9.38,NSIC Rc160,10.71
NSIC Rc138,2.44,NSIC Rc122,3.85,PSB Rc28,6.67,NSIC Rc132H,7.32,NSIC Rc132H,8.33,Line 2,5.88,NSIC Rc160,9.09,PSB Rc18,8.57,Line 2,5,NSIC Rc158,6.67,NSIC Rc128,6.25,PSB Rc82,10.71
Wagwag,2.44,PSB Rc26H,3.85,NSIC Rc11,6.67,NSIC Rc138,7.32,PSB Rc82,4.17,V10,5.88,PSB Rc18,5.45,Bodo-Bodo,5.71,NSIC Rc216,5,PSB Rc18,6.67,Bodo-Bodo,6.25,M3,10.71
Rc11,2.44,NSIC Rc128,3.85,...,...,IR 64,4.88,Line 122,4.17,NSIC Rc130,5.88,NSIC Rc122,3.64,NSIC Rc158,5.71,IR64,5,NSIC Rc214,5,NSIC Rc122,3.13,Super Wagwag,3.57
PSB Rc26H,2.44,IR 64,3.85,...,...,Line 122,2.44,Taiwan,4.17,Masipag,5.88,NSIC Rc212,3.64,NSIC Rc152,2.86,NSIC Rc160,5,M3,5,NSIC Rc146,3.13,PSB Rc90,3.57
PSB Rc28,2.44,NSIC Rc138,3.85,...,...,PSB Rc42,2.44,NSIC Rc122,4.17,...,...,Bodo-Bodo,3.64,NSIC Rc122,2.86,NSIC Rc150,5,NSIC Rc128,3.33,Nsic Rc160/Psb Rc18,3.13,NSIC Rc158,3.57
Ag-10,2.44,Wagwag,3.85,...,...,NSIC Rc122,2.44,Wagwag,4.17,...,...,NSIC Rc158,3.64,PSB Rc13,2.86,NSIC Rc122,5,NSIC Rc146,3.33,NSIC Rc212,3.13,IR82/IR64,3.57
Maguindanao,,,,,,,,,,,,,,,,,,,,,,,
Jul-Dec 2006 harvest,,,,,,Jan-Jun 2007 harvest,,,,,,Jul-Dec 2011 harvest,,,,,,Jan-Jun 2012 harvest,,,,,
ALL ECOSYSTEMS,,IRRIGATED,,NON-IRRIGATED,,ALL ECOSYSTEMS,,IRRIGATED,,NON-IRRIGATED,,ALL ECOSYSTEMS,,IRRIGATED,,NON-IRRIGATED,,ALL ECOSYSTEMS,,IRRIGATED,,NON-IRRIGATED,
(n = 37),,(n = 23),,(n = 14),,(n = 11),,(n = 11),,(n = 0),,(n = 77),,(n = 58),,(n = 19),,(n = 34),,(n = 31),,(n = 3),
Name of Variety,0,Name of Variety,0,Name of Variety,0,Name of Variety,0,Name of Variety,0,Name of Variety,0,Name of Variety,0,Name of Variety,0,Name of Variety,0,Name of Variety,0,Name of Variety,0,Name of Variety,0
PSB Rc18,32.43,PSB Rc18,30.43,PSB Rc10,35.71,NSIC Rc128,45.45,NSIC Rc128,45.45,...,...,PSB Rc18,22.08,PSB Rc18,27.59,Masipag 1,47.37,Masipag 1,17.65,Masipag 1,19.35,PSB Rc64,33.33
PSB Rc10,18.92,NSIC Rc116H,21.74,PSB Rc18,35.71,PSB Rc10,36.36,PSB Rc10,36.36,...,...,Masipag 1,20.78,NSIC Rc222,17.24,NSIC Rc118,31.58,NSIC Rc118,14.71,NSIC Rc122,16.13,PSB Rc18,33.33
Masipag,16.22,Masipag,17.39,IR 74,14.29,NSIC Rc122,18.18,NSIC Rc122,18.18,...,...,NSIC Rc118,14.29,Masipag 1,12.07,M3,10.53,NSIC Rc122,14.71,Masipag 3,12.9,NSIC Rc118,33.33
NSIC Rc116H,13.51,PSB Rc10,8.7,Masipag,14.29,...,...,...,...,...,...,NSIC Rc222,12.99,Masipag,10.34,PSB Rc64,5.26,PSB Rc18,11.76,NSIC Rc118,12.9,...,...
IR 74,5.41,PSB Rc82,4.35,...,...,...,...,...,...,...,...,Masipag,7.79,NSIC Rc118,8.62,PSB Rc18,5.26,Masipag 3,11.76,PSB Rc18,9.68,...,...
PSB Rc82,2.7,BPI Ri1,4.35,...,...,...,...,...,...,...,...,M3,5.19,NSIC Rc122,5.17,...,...,Masipag,5.88,Masipag,6.45,...,...
PSB Rc74,2.7,PSB Rc28,4.35,...,...,...,...,...,...,...,...,NSIC Rc122,3.9,NSIC Rc214,3.45,...,...,NSIC Rc222,5.88,NSIC Rc222,6.45,...,...
PSB Rc28,2.7,PSB Rc74,4.35,...,...,...,...,...,...,...,...,NSIC Rc214,2.6,M3,3.45,...,...,NSIC Rc130,5.88,NSIC Rc130,6.45,...,...
PSB Rc80,2.7,PSB Rc80,4.35,...,...,...,...,...,...,...,...,Masipag 3,2.6,Masipag 3,3.45,...,...,NSIC Rc214,2.94,NSIC Rc158,3.23,...,...
BPI Ri1,2.7,...,...,...,...,...,...,...,...,...,...,PSB Rc34,1.3,PSB Rc34,1.72,...,...,NSIC Rc158,2.94,NSIC Rc155,3.23,...,...
