Philippines,Jul-Dec 2006 harvest,,,,,,,,,Jan-Jun 2007 harvest,,,,,,,,,Jul-Dec 2011 harvest,,,,,,,,,Jan-Jun 2012 harvest,,,,,,,,
Planting Month*,ALL ECOSYSTEMS,,,IRRIGATED,,,NON-IRRIGATED,,,ALL ECOSYSTEMS,,,IRRIGATED,,,NON-IRRIGATED,,,ALL ECOSYSTEMS,,,IRRIGATED,,,NON-IRRIGATED,,,ALL ECOSYSTEMS,,,IRRIGATED,,,NON-IRRIGATED,,
,"(n = 1,996)",,,"(n = 1,389)",,,(n = 607),,,"(n = 1,963)",,,"(n = 1,674)",,,(n = 289),,,"(n = 2,500)",,,"(n = 1,905)",,,(n = 595),,,"(n = 2,052)",,,"(n = 1,641)",,,(n = 411),,
,First crop,Second crop,Third crop,First crop,Second crop,Third crop,First crop,Second crop,Third crop,First crop,Second crop,Third crop,First crop,Second crop,Third crop,First crop,Second crop,Third crop,First crop,Second crop,Third crop,First crop,Second crop,Third crop,First crop,Second crop,Third crop,First crop,Second crop,Third crop,First crop,Second crop,Third crop,First crop,Second crop,Third crop
,(Percent of farmers),,,,,,,,,,,,,,,,,,,,,,,,,,,,,,,,,,,
January,16,1,0,19,1,0,10,1,0,17,2,0,18,3,0,12,2,0,16,1,0,18,1,0,9,1,0,19,2,0,21,2,0,11,1,0
February,0,3,0,1,4,0,0,1,0,0,4,0,0,4,0,0,1,0,0,3,0,0,3,0,0,1,0,0,4,0,0,5,0,0,4,0
March,0,2,0,0,2,0,0,0,0,0,2,0,0,2,0,0,0,0,0,2,0,0,3,0,0,1,0,0,3,0,0,3,0,0,1,0
April,0,3,0,0,3,0,0,2,0,0,2,0,0,2,0,0,0,0,0,3,0,0,3,0,0,3,0,0,2,0,0,3,0,0,1,0
May,0,8,4,0,10,5,0,5,3,0,6,4,0,6,4,0,2,2,0,7,4,0,7,4,0,7,3,0,6,3,0,7,3,0,3,3
June,0,2,36,0,2,37,0,3,34,0,2,34,0,2,32,0,1,43,0,2,38,0,2,40,0,2,31,0,1,43,0,1,42,0,0,46
July,0,0,37,0,0,35,0,0,41,0,0,44,0,0,44,0,0,43,0,0,37,0,0,35,0,0,42,0,0,37,0,0,36,0,0,41
August,0,0,9,0,0,8,0,0,10,0,0,8,0,0,8,0,0,7,0,0,8,0,0,8,0,0,8,0,0,8,0,0,8,0,0,5
September,0,0,7,0,0,6,0,0,7,0,0,4,0,0,5,0,0,1,0,0,5,0,0,5,0,0,4,1,0,4,1,0,5,0,0,1
October,9,0,1,9,0,1,10,0,1,10,0,1,9,0,1,14,0,0,9,0,1,7,0,1,15,0,1,7,0,0,6,0,0,13,0,0
November,15,0,0,15,0,0,14,0,0,15,0,0,14,0,0,19,0,0,16,0,0,16,0,0,16,0,0,19,0,0,17,0,0,25,0,0
December,34,0,0,40,0,0,22,0,0,36,0,0,34,0,0,45,1,0,37,0,0,40,0,0,25,0,0,44,0,0,44,0,0,43,0,0
Not applicable**,26,81,6,16,78,8,44,88,4,22,82,5,25,81,6,10,93,4,22,82,7,19,81,7,35,85,11,10,82,5,11,79,6,8,90,4
Ilocos Norte,Jul-Dec 2006 harvest,,,,,,,,,Jan-Jun 2007 harvest,,,,,,,,,Jul-Dec 2011 harvest,,,,,,,,,Jan-Jun 2012 harvest,,,,,,,,
Planting Month*,ALL ECOSYSTEMS,,,IRRIGATED,,,NON-IRRIGATED,,,ALL ECOSYSTEMS,,,IRRIGATED,,,NON-IRRIGATED,,,ALL ECOSYSTEMS,,,IRRIGATED,,,NON-IRRIGATED,,,ALL ECOSYSTEMS,,,IRRIGATED,,,NON-IRRIGATED,,
,(n = 57),,,(n = 42),,,(n = 15),,,(n = 56),,,(n = 54),,,(n = 2),,,(n = 60),,,(n = 57),,,(n = 3),,,(n = 33),,,(n = 33),,,(n = 0),,
,First crop,Second crop,Third crop,First crop,Second crop,Third crop,First crop,Second crop,Third crop,First crop,Second crop,Third crop,First crop,Second crop,Third crop,First crop,Second crop,Third crop,First crop,Second crop,Third crop,First crop,Second crop,Third crop,First crop,Second crop,Third crop,First crop,Second crop,Third crop,First crop,Second crop,Third crop,First crop,Second crop,Third crop
,(Percent of farmers),,,,,,,,,,,,,,,,,,,,,,,,,,,,,,,,,,,
January,12,0,0,17,0,0,0,0,0,13,0,0,13,0,0,0,0,0,0,7,0,0,7,0,0,0,0,0,0,0,0,0,0,0,0,0
February,0,11,0,0,14,0,0,0,0,0,7,0,0,6,0,0,50,0,0,0,0,0,0,0,0,0,0,0,24,0,0,24,0,0,0,0
March,0,0,0,0,0,0,0,0,0,0,0,0,0,0,0,0,0,0,0,2,0,0,2,0,0,0,0,0,3,0,0,3,0,0,0,0
April,0,0,0,0,0,0,0,0,0,0,2,0,0,2,0,0,0,0,0,0,0,0,0,0,0,0,0,0,0,0,0,0,0,0,0,0
May,0,2,2,0,2,2,0,0,0,0,0,7,0,0,7,0,0,0,0,0,2,0,0,0,0,0,33,0,0,0,0,0,0,0,0,0
June,0,4,54,0,5,67,0,0,20,0,2,41,0,2,41,0,0,50,0,0,72,0,0,72,0,0,67,0,0,39,0,0,39,0,0,0
July,0,0,39,0,0,24,0,0,80,0,0,45,0,0,44,0,0,50,0,0,27,0,0,28,0,0,0,0,0,61,0,0,61,0,0,0
August,0,0,0,0,0,0,0,0,0,0,0,5,0,0,6,0,0,0,0,0,0,0,0,0,0,0,0,0,0,0,0,0,0,0,0,0
September,0,0,2,0,0,2,0,0,0,0,0,2,0,0,2,0,0,0,0,0,0,0,0,0,0,0,0,3,0,0,3,0,0,0,0,0
October,21,0,0,29,0,0,0,0,0,13,0,0,13,0,0,0,0,0,12,0,0,12,0,0,0,0,0,21,0,0,21,0,0,0,0,0
November,11,0,0,14,0,0,0,0,0,16,0,0,17,0,0,0,0,0,22,0,0,23,0,0,0,0,0,24,0,0,24,0,0,0,0,0
December,4,0,0,5,0,0,0,0,0,7,0,0,7,0,0,0,0,0,3,0,0,4,0,0,0,0,0,27,0,0,27,0,0,0,0,0
Not applicable**,52,83,3,35,79,5,100,100,0,51,89,0,50,90,0,100,50,0,63,91,0,61,91,0,100,100,0,25,73,0,25,73,0,100,100,100
Pangasinan,Jul-Dec 2006 harvest,,,,,,,,,Jan-Jun 2007 harvest,,,,,,,,,Jul-Dec 2011 harvest,,,,,,,,,Jan-Jun 2012 harvest,,,,,,,,
Planting Month*,ALL ECOSYSTEMS,,,IRRIGATED,,,NON-IRRIGATED,,,ALL ECOSYSTEMS,,,IRRIGATED,,,NON-IRRIGATED,,,ALL ECOSYSTEMS,,,IRRIGATED,,,NON-IRRIGATED,,,ALL ECOSYSTEMS,,,IRRIGATED,,,NON-IRRIGATED,,
,(n = 147),,,(n = 96),,,(n = 51),,,(n = 146),,,(n = 146),,,(n = 0),,,(n = 151),,,(n = 121),,,(n = 30),,,(n = 89),,,(n = 87),,,(n = 2),,
,First crop,Second crop,Third crop,First crop,Second crop,Third crop,First crop,Second crop,Third crop,First crop,Second crop,Third crop,First crop,Second crop,Third crop,First crop,Second crop,Third crop,First crop,Second crop,Third crop,First crop,Second crop,Third crop,First crop,Second crop,Third crop,First crop,Second crop,Third crop,First crop,Second crop,Third crop,First crop,Second crop,Third crop
,(Percent of farmers),,,,,,,,,,,,,,,,,,,,,,,,,,,,,,,,,,,
January,9,1,1,14,1,2,0,0,0,6,3,0,6,3,0,0,0,0,7,2,0,9,2,0,0,0,0,22,0,0,21,0,0,100,0,0
February,0,6,0,0,9,0,0,0,0,1,4,0,1,4,0,0,0,0,0,3,0,0,3,0,0,0,0,0,7,0,0,7,0,0,0,0
March,0,1,0,0,1,0,0,0,0,0,0,0,0,0,0,0,0,0,0,1,0,0,1,0,0,0,0,0,1,0,0,1,0,0,0,0
April,0,0,0,0,0,0,0,0,0,0,0,0,0,0,0,0,0,0,0,0,0,0,0,0,0,0,0,0,1,0,0,0,0,0,50,0
May,0,1,1,0,1,1,0,0,0,0,0,0,0,0,0,0,0,0,0,5,1,0,6,2,0,0,0,0,9,0,0,8,0,0,50,0
June,0,8,32,0,11,31,0,2,33,0,1,20,0,1,20,0,0,0,0,1,30,0,2,35,0,0,13,0,1,24,0,1,24,0,0,0
July,0,1,52,0,1,51,0,0,53,0,0,73,0,0,73,0,0,0,0,1,52,0,1,50,0,0,57,0,0,62,0,0,63,0,0,0
August,0,0,5,0,0,1,0,0,12,0,0,5,0,0,5,0,0,0,0,0,7,0,0,7,0,0,3,0,0,10,0,0,9,0,0,50
September,0,0,6,0,0,9,0,0,0,0,0,1,0,0,1,0,0,0,0,0,4,0,0,5,0,0,0,0,0,3,0,0,2,0,0,50
October,6,0,3,9,0,4,0,0,2,9,0,1,9,0,1,0,0,0,5,0,0,7,0,0,0,0,0,9,0,1,9,0,1,0,0,0
November,10,0,0,14,0,0,4,0,0,8,0,0,8,0,0,0,0,0,17,0,0,14,0,0,30,0,0,21,0,0,22,0,0,0,0,0
December,29,0,0,33,0,0,22,0,0,20,1,0,20,1,0,0,0,0,27,0,0,32,0,0,7,0,0,38,0,0,39,0,0,0,0,0
Not applicable**,46,82,0,30,76,1,74,98,0,56,91,0,56,91,0,100,100,100,44,87,6,38,85,1,63,100,27,10,81,0,9,83,1,0,0,0
Cagayan,Jul-Dec 2006 harvest,,,,,,,,,Jan-Jun 2007 harvest,,,,,,,,,Jul-Dec 2011 harvest,,,,,,,,,Jan-Jun 2012 harvest,,,,,,,,
Planting Month*,ALL ECOSYSTEMS,,,IRRIGATED,,,NON-IRRIGATED,,,ALL ECOSYSTEMS,,,IRRIGATED,,,NON-IRRIGATED,,,ALL ECOSYSTEMS,,,IRRIGATED,,,NON-IRRIGATED,,,ALL ECOSYSTEMS,,,IRRIGATED,,,NON-IRRIGATED,,
,(n = 114),,,(n = 87),,,(n = 27),,,(n = 114),,,(n = 82),,,(n = 32),,,(n = 116),,,(n = 89),,,(n = 27),,,(n = 112),,,(n = 88),,,(n = 24),,
,First crop,Second crop,Third crop,First crop,Second crop,Third crop,First crop,Second crop,Third crop,First crop,Second crop,Third crop,First crop,Second crop,Third crop,First crop,Second crop,Third crop,First crop,Second crop,Third crop,First crop,Second crop,Third crop,First crop,Second crop,Third crop,First crop,Second crop,Third crop,First crop,Second crop,Third crop,First crop,Second crop,Third crop
,(Percent of farmers),,,,,,,,,,,,,,,,,,,,,,,,,,,,,,,,,,,
January,12,0,0,16,0,0,0,0,0,9,4,0,12,5,0,0,0,0,22,0,0,29,0,0,0,0,0,11,4,0,13,6,0,4,0,0
February,0,0,0,0,0,0,0,0,0,0,0,0,0,0,0,0,0,0,0,0,0,0,0,0,0,0,0,0,0,0,0,0,0,0,0,0
March,0,0,0,0,0,0,0,0,0,0,0,0,0,0,0,0,0,0,0,0,0,0,0,0,0,0,0,0,0,0,0,0,0,0,0,0
April,0,0,0,0,0,0,0,0,0,0,1,0,0,1,0,0,0,0,0,0,0,0,0,0,0,0,0,0,0,0,0,0,0,0,0,0
May,0,2,3,0,2,3,0,0,0,0,0,7,0,0,9,0,0,3,0,4,2,0,6,2,0,0,0,0,1,1,0,1,1,0,0,0
June,0,0,27,0,0,26,0,0,30,0,1,27,0,1,33,0,0,13,0,0,34,0,0,40,0,0,15,0,1,41,0,1,41,0,0,42
July,0,2,61,0,2,60,0,0,63,0,0,62,0,0,56,0,0,78,0,0,50,0,0,44,0,0,70,0,0,52,0,0,50,0,0,58
August,0,0,5,0,0,6,0,0,4,0,0,1,0,0,0,0,0,3,0,0,8,0,0,6,0,0,15,0,0,4,0,0,6,0,0,0
September,1,0,0,1,0,0,0,0,0,0,0,1,0,0,1,0,0,0,0,0,1,0,0,1,0,0,0,0,0,0,0,0,0,0,0,0
October,4,0,0,1,0,0,11,0,0,5,0,0,7,0,0,0,0,0,0,0,0,0,0,0,0,0,0,1,0,0,0,0,0,4,0,0
November,29,0,1,24,0,1,44,0,0,34,0,0,24,0,0,59,0,0,16,0,0,17,0,0,15,0,0,13,0,0,10,0,0,25,0,0
December,50,0,0,56,0,0,30,0,0,47,0,0,50,0,0,41,0,0,57,0,0,54,0,0,67,0,0,71,0,0,72,0,0,67,0,0
Not applicable**,4,96,3,2,96,4,15,100,3,5,94,2,7,93,1,0,100,3,5,96,5,0,94,7,18,100,0,4,94,2,5,92,2,0,100,0
Isabela,Jul-Dec 2006 harvest,,,,,,,,,Jan-Jun 2007 harvest,,,,,,,,,Jul-Dec 2011 harvest,,,,,,,,,Jan-Jun 2012 harvest,,,,,,,,
Planting Month*,ALL ECOSYSTEMS,,,IRRIGATED,,,NON-IRRIGATED,,,ALL ECOSYSTEMS,,,IRRIGATED,,,NON-IRRIGATED,,,ALL ECOSYSTEMS,,,IRRIGATED,,,NON-IRRIGATED,,,ALL ECOSYSTEMS,,,IRRIGATED,,,NON-IRRIGATED,,
,(n = 89),,,(n = 74),,,(n = 15),,,(n = 89),,,(n = 75),,,(n = 14),,,(n = 116),,,(n = 92),,,(n = 24),,,(n = 115),,,(n = 90),,,(n = 25),,
,First crop,Second crop,Third crop,First crop,Second crop,Third crop,First crop,Second crop,Third crop,First crop,Second crop,Third crop,First crop,Second crop,Third crop,First crop,Second crop,Third crop,First crop,Second crop,Third crop,First crop,Second crop,Third crop,First crop,Second crop,Third crop,First crop,Second crop,Third crop,First crop,Second crop,Third crop,First crop,Second crop,Third crop
,(Percent of farmers),,,,,,,,,,,,,,,,,,,,,,,,,,,,,,,,,,,
January,0,0,0,0,0,0,0,0,0,8,0,0,9,0,0,0,0,0,10,0,0,4,0,0,33,0,0,0,0,0,0,0,0,0,0,0
February,0,1,0,0,1,0,0,0,0,0,0,0,0,0,0,0,0,0,0,0,0,0,0,0,0,0,0,0,0,0,0,0,0,0,0,0
March,0,0,0,0,0,0,0,0,0,0,0,0,0,0,0,0,0,0,0,0,0,0,0,0,0,0,0,0,0,0,0,0,0,0,0,0
April,0,2,0,0,3,0,0,0,0,0,1,0,0,1,0,0,0,0,0,0,0,0,0,0,0,0,0,0,0,0,0,0,0,0,0,0
May,0,3,1,0,4,1,0,0,0,0,3,2,0,4,3,0,0,0,0,1,3,0,1,3,0,0,0,0,0,0,0,0,0,0,0,0
June,0,3,62,0,3,61,0,7,67,0,0,49,0,0,48,0,0,57,0,0,60,0,0,73,0,0,13,0,1,72,0,1,81,0,0,40
July,0,0,29,0,0,31,0,0,20,0,0,44,0,0,44,0,0,43,0,0,36,0,0,23,0,0,88,0,0,27,0,0,18,0,0,60
August,0,0,0,0,0,0,0,0,0,0,0,0,0,0,0,0,0,0,0,0,0,0,0,0,0,0,0,0,0,0,0,0,0,0,0,0
September,0,0,1,0,0,0,0,0,7,0,0,0,0,0,0,0,0,0,0,0,0,0,0,0,0,0,0,0,0,0,0,0,0,0,0,0
October,0,0,0,0,0,0,0,0,0,6,0,0,1,0,0,29,0,0,2,0,0,1,0,0,4,0,0,1,0,0,1,0,0,0,0,0
November,16,0,0,14,0,0,27,0,0,22,0,0,20,0,0,36,0,0,21,0,0,20,0,0,25,0,0,24,0,0,13,0,0,64,0,0
December,82,0,0,85,0,0,67,0,0,64,0,0,69,0,0,36,0,0,67,0,0,75,0,0,38,0,0,75,0,0,86,0,0,36,0,0
Not applicable**,2,91,7,1,89,7,6,93,6,0,96,5,1,95,5,0,100,0,0,99,1,0,99,1,0,100,0,0,99,1,0,99,1,0,100,0
Aurora,Jul-Dec 2006 harvest,,,,,,,,,Jan-Jun 2007 harvest,,,,,,,,,Jul-Dec 2011 harvest,,,,,,,,,Jan-Jun 2012 harvest,,,,,,,,
Planting Month*,ALL ECOSYSTEMS,,,IRRIGATED,,,NON-IRRIGATED,,,ALL ECOSYSTEMS,,,IRRIGATED,,,NON-IRRIGATED,,,ALL ECOSYSTEMS,,,IRRIGATED,,,NON-IRRIGATED,,,ALL ECOSYSTEMS,,,IRRIGATED,,,NON-IRRIGATED,,
,(n = 57),,,(n = 55),,,(n = 2),,,(n = 58),,,(n = 57),,,(n = 1),,,(n = 60),,,(n = 56),,,(n = 4),,,(n = 55),,,(n = 53),,,(n = 2),,
,First crop,Second crop,Third crop,First crop,Second crop,Third crop,First crop,Second crop,Third crop,First crop,Second crop,Third crop,First crop,Second crop,Third crop,First crop,Second crop,Third crop,First crop,Second crop,Third crop,First crop,Second crop,Third crop,First crop,Second crop,Third crop,First crop,Second crop,Third crop,First crop,Second crop,Third crop,First crop,Second crop,Third crop
,(Percent of farmers),,,,,,,,,,,,,,,,,,,,,,,,,,,,,,,,,,,
January,28,0,0,29,0,0,0,0,0,31,2,0,30,2,0,100,0,0,48,7,0,50,7,0,25,0,0,47,7,0,49,8,0,0,0,0
February,0,19,0,0,20,0,0,0,0,3,21,0,4,21,0,0,0,0,7,13,0,5,11,0,25,50,0,2,20,0,2,19,0,0,50,0
March,0,14,0,0,15,0,0,0,0,0,17,0,0,18,0,0,0,0,0,12,0,0,13,0,0,0,0,0,9,0,0,9,0,0,0,0
April,0,5,0,0,5,0,0,0,0,0,2,0,0,2,0,0,0,0,0,13,0,0,13,0,0,25,0,0,13,0,0,11,0,0,50,0
May,0,21,7,0,20,7,0,50,0,0,16,2,0,16,2,0,0,0,0,17,13,0,16,14,0,25,0,0,22,7,0,23,8,0,0,0
June,0,2,19,0,2,20,0,0,0,0,3,36,0,4,37,0,0,0,0,5,22,0,5,20,0,0,50,0,0,27,0,0,28,0,0,0
July,0,0,18,0,0,16,0,0,50,0,0,29,0,0,30,0,0,0,0,0,20,0,0,21,0,0,0,0,0,20,0,0,17,0,0,100
August,2,0,28,2,0,29,0,0,0,0,0,10,0,0,9,0,0,100,0,0,12,0,0,13,0,0,0,0,0,13,0,0,13,0,0,0
September,0,0,26,0,0,25,0,0,50,0,0,7,0,0,7,0,0,0,2,0,3,2,0,4,0,0,0,4,0,15,4,0,15,0,0,0
October,2,0,0,2,0,0,0,0,0,10,0,0,11,0,0,0,0,0,5,0,0,5,0,0,0,0,0,9,0,2,9,0,2,0,0,0
November,2,0,0,2,0,0,0,0,0,7,0,0,7,0,0,0,0,0,12,0,0,13,0,0,0,0,0,4,0,0,4,0,0,0,0,0
December,11,0,0,11,0,0,0,0,0,16,0,0,16,0,0,0,0,0,7,0,0,7,0,0,0,0,0,5,0,0,6,0,0,0,0,0
Not applicable**,55,39,2,54,38,3,100,50,0,33,39,16,32,37,15,0,100,0,19,33,30,18,35,28,50,0,50,29,29,16,26,30,17,100,0,0
Bulacan,Jul-Dec 2006 harvest,,,,,,,,,Jan-Jun 2007 harvest,,,,,,,,,Jul-Dec 2011 harvest,,,,,,,,,Jan-Jun 2012 harvest,,,,,,,,
Planting Month*,ALL ECOSYSTEMS,,,IRRIGATED,,,NON-IRRIGATED,,,ALL ECOSYSTEMS,,,IRRIGATED,,,NON-IRRIGATED,,,ALL ECOSYSTEMS,,,IRRIGATED,,,NON-IRRIGATED,,,ALL ECOSYSTEMS,,,IRRIGATED,,,NON-IRRIGATED,,
,(n = 77),,,(n = 35),,,(n = 42),,,(n = 77),,,(n = 77),,,(n = 0),,,(n = 86),,,(n = 45),,,(n = 41),,,(n = 37),,,(n = 37),,,(n = 0),,
,First crop,Second crop,Third crop,First crop,Second crop,Third crop,First crop,Second crop,Third crop,First crop,Second crop,Third crop,First crop,Second crop,Third crop,First crop,Second crop,Third crop,First crop,Second crop,Third crop,First crop,Second crop,Third crop,First crop,Second crop,Third crop,First crop,Second crop,Third crop,First crop,Second crop,Third crop,First crop,Second crop,Third crop
,(Percent of farmers),,,,,,,,,,,,,,,,,,,,,,,,,,,,,,,,,,,
January,8,0,0,14,0,0,2,0,0,8,0,1,8,0,1,0,0,0,14,0,0,27,0,0,0,0,0,22,0,0,22,0,0,0,0,0
February,0,0,0,0,0,0,0,0,0,0,0,0,0,0,0,0,0,0,0,0,0,0,0,0,0,0,0,0,0,0,0,0,0,0,0,0
March,0,0,0,0,0,0,0,0,0,0,0,0,0,0,0,0,0,0,0,0,0,0,0,0,0,0,0,0,0,0,0,0,0,0,0,0
April,0,0,0,0,0,0,0,0,0,0,0,0,0,0,0,0,0,0,0,0,0,0,0,0,0,0,0,0,0,0,0,0,0,0,0,0
May,0,0,0,0,0,0,0,0,0,0,0,0,0,0,0,0,0,0,0,0,0,0,0,0,0,0,0,0,3,0,0,3,0,0,0,0
June,0,0,9,0,0,14,0,0,5,0,0,1,0,0,1,0,0,0,0,8,6,0,16,7,0,0,5,0,0,16,0,0,16,0,0,0
July,0,0,73,0,0,66,0,0,79,0,0,56,0,0,56,0,0,0,0,0,48,0,0,40,0,0,56,0,0,59,0,0,59,0,0,0
August,0,0,16,0,0,14,0,0,17,0,0,42,0,0,42,0,0,0,0,0,37,0,0,36,0,0,39,0,0,22,0,0,22,0,0,0
September,0,0,3,0,0,6,0,0,0,0,0,0,0,0,0,0,0,0,0,0,0,0,0,0,0,0,0,0,0,0,0,0,0,0,0,0
October,0,0,0,0,0,0,0,0,0,0,0,0,0,0,0,0,0,0,0,0,1,0,0,2,0,0,0,0,0,0,0,0,0,0,0,0
November,5,0,0,11,0,0,0,0,0,6,0,0,6,0,0,0,0,0,7,0,0,13,0,0,0,0,0,22,0,0,22,0,0,0,0,0
December,31,0,0,63,0,0,5,0,0,31,0,0,31,0,0,0,0,0,28,2,0,53,4,0,0,0,0,57,0,0,57,0,0,0,0,0
Not applicable**,56,100,0,12,100,0,93,100,0,55,100,0,55,100,0,100,100,100,51,90,8,7,80,15,100,100,0,0,97,3,0,97,3,100,100,100
Nueva Ecija,Jul-Dec 2006 harvest,,,,,,,,,Jan-Jun 2007 harvest,,,,,,,,,Jul-Dec 2011 harvest,,,,,,,,,Jan-Jun 2012 harvest,,,,,,,,
Planting Month*,ALL ECOSYSTEMS,,,IRRIGATED,,,NON-IRRIGATED,,,ALL ECOSYSTEMS,,,IRRIGATED,,,NON-IRRIGATED,,,ALL ECOSYSTEMS,,,IRRIGATED,,,NON-IRRIGATED,,,ALL ECOSYSTEMS,,,IRRIGATED,,,NON-IRRIGATED,,
,(n = 110),,,(n = 97),,,(n = 13),,,(n = 110),,,(n = 109),,,(n = 1),,,(n = 151),,,(n = 144),,,(n = 7),,,(n = 123),,,(n = 123),,,(n = 0),,
,First crop,Second crop,Third crop,First crop,Second crop,Third crop,First crop,Second crop,Third crop,First crop,Second crop,Third crop,First crop,Second crop,Third crop,First crop,Second crop,Third crop,First crop,Second crop,Third crop,First crop,Second crop,Third crop,First crop,Second crop,Third crop,First crop,Second crop,Third crop,First crop,Second crop,Third crop,First crop,Second crop,Third crop
,(Percent of farmers),,,,,,,,,,,,,,,,,,,,,,,,,,,,,,,,,,,
January,43,1,0,48,1,0,0,0,0,43,6,0,43,6,0,0,0,0,44,0,0,47,0,0,0,0,0,59,3,0,59,3,0,0,0,0
February,0,0,0,0,0,0,0,0,0,0,0,0,0,0,0,0,0,0,0,0,0,0,0,0,0,0,0,0,2,0,0,2,0,0,0,0
March,0,0,0,0,0,0,0,0,0,0,0,1,0,0,1,0,0,0,0,0,0,0,0,0,0,0,0,0,0,0,0,0,0,0,0,0
April,0,0,0,0,0,0,0,0,0,0,0,0,0,0,0,0,0,0,0,0,0,0,0,0,0,0,0,0,1,0,0,1,0,0,0,0
May,0,4,4,0,3,3,0,8,8,0,1,0,0,1,0,0,0,0,0,0,1,0,0,1,0,0,0,0,0,2,0,0,2,0,0,0
June,0,0,5,0,0,5,0,0,8,0,1,16,0,1,16,0,0,100,0,1,18,0,1,19,0,0,0,0,0,24,0,0,24,0,0,0
July,0,0,66,0,0,69,0,0,46,1,0,54,1,0,54,0,0,0,0,0,72,0,0,70,0,0,100,0,0,67,0,0,67,0,0,0
August,0,0,21,0,0,20,0,0,31,0,0,23,0,0,23,0,0,0,0,0,9,0,0,10,0,0,0,0,0,5,0,0,5,0,0,0
September,0,0,2,0,0,2,0,0,0,0,0,2,0,0,2,0,0,0,0,0,0,0,0,0,0,0,0,0,0,1,0,0,1,0,0,0
October,3,0,0,3,0,0,0,0,0,2,0,1,2,0,1,0,0,0,0,0,1,0,0,1,0,0,0,1,0,0,1,0,0,0,0,0
November,0,0,0,0,0,0,0,0,0,0,0,0,0,0,0,0,0,0,0,0,0,0,0,0,0,0,0,7,0,0,7,0,0,0,0,0
December,25,0,0,27,0,0,8,0,0,24,0,0,23,0,0,100,0,0,36,0,0,38,0,0,0,0,0,28,0,0,28,0,0,0,0,0
Not applicable**,29,95,2,22,96,1,92,92,7,30,92,3,31,92,3,0,100,0,20,99,0,15,99,0,100,100,0,5,94,1,5,94,1,100,100,100
Pampanga,Jul-Dec 2006 harvest,,,,,,,,,Jan-Jun 2007 harvest,,,,,,,,,Jul-Dec 2011 harvest,,,,,,,,,Jan-Jun 2012 harvest,,,,,,,,
Planting Month*,ALL ECOSYSTEMS,,,IRRIGATED,,,NON-IRRIGATED,,,ALL ECOSYSTEMS,,,IRRIGATED,,,NON-IRRIGATED,,,ALL ECOSYSTEMS,,,IRRIGATED,,,NON-IRRIGATED,,,ALL ECOSYSTEMS,,,IRRIGATED,,,NON-IRRIGATED,,
,(n = 56),,,(n = 49),,,(n = 7),,,(n = 56),,,(n = 56),,,(n = 0),,,(n = 60),,,(n = 60),,,(n = 0),,,(n = 50),,,(n = 50),,,(n = 0),,
,First crop,Second crop,Third crop,First crop,Second crop,Third crop,First crop,Second crop,Third crop,First crop,Second crop,Third crop,First crop,Second crop,Third crop,First crop,Second crop,Third crop,First crop,Second crop,Third crop,First crop,Second crop,Third crop,First crop,Second crop,Third crop,First crop,Second crop,Third crop,First crop,Second crop,Third crop,First crop,Second crop,Third crop
,(Percent of farmers),,,,,,,,,,,,,,,,,,,,,,,,,,,,,,,,,,,
January,7,4,0,8,4,0,0,0,0,5,2,0,5,2,0,0,0,0,12,0,0,12,0,0,0,0,0,20,0,0,20,0,0,0,0,0
February,0,14,0,0,16,0,0,0,0,0,0,0,0,0,0,0,0,0,0,0,0,0,0,0,0,0,0,0,0,0,0,0,0,0,0,0
March,0,0,0,0,0,0,0,0,0,0,2,0,0,2,0,0,0,0,0,0,0,0,0,0,0,0,0,0,2,0,0,2,0,0,0,0
April,0,0,0,0,0,0,0,0,0,0,2,0,0,2,0,0,0,0,0,0,0,0,0,0,0,0,0,0,0,0,0,0,0,0,0,0
May,0,0,2,0,0,0,0,0,14,0,0,2,0,0,2,0,0,0,0,0,2,0,0,2,0,0,0,0,0,0,0,0,0,0,0,0
June,0,2,13,0,2,12,0,0,14,0,0,7,0,0,7,0,0,0,0,0,3,0,0,3,0,0,0,0,0,4,0,0,4,0,0,0
July,0,0,55,0,0,57,0,0,43,0,0,73,0,0,73,0,0,0,0,0,72,0,0,72,0,0,0,0,0,78,0,0,78,0,0,0
August,0,0,18,0,0,18,0,0,14,0,0,5,0,0,5,0,0,0,0,0,8,0,0,8,0,0,0,0,0,12,0,0,12,0,0,0
September,0,0,7,0,0,6,0,0,14,0,0,4,0,0,4,0,0,0,0,0,5,0,0,5,0,0,0,0,0,2,0,0,2,0,0,0
October,0,0,4,0,0,4,0,0,0,4,0,0,4,0,0,0,0,0,0,0,0,0,0,0,0,0,0,2,0,0,2,0,0,0,0,0
November,14,0,0,14,0,0,14,0,0,21,0,0,21,0,0,0,0,0,30,0,0,30,0,0,0,0,0,36,0,0,36,0,0,0,0,0
December,39,2,0,37,2,0,57,0,0,50,0,0,50,0,0,0,0,0,43,0,0,43,0,0,0,0,0,38,0,0,38,0,0,0,0,0
Not applicable**,40,78,1,41,76,3,29,100,1,20,94,9,20,94,9,100,100,100,15,100,10,15,100,10,100,100,100,4,98,4,4,98,4,100,100,100
Tarlac,Jul-Dec 2006 harvest,,,,,,,,,Jan-Jun 2007 harvest,,,,,,,,,Jul-Dec 2011 harvest,,,,,,,,,Jan-Jun 2012 harvest,,,,,,,,
Planting Month*,ALL ECOSYSTEMS,,,IRRIGATED,,,NON-IRRIGATED,,,ALL ECOSYSTEMS,,,IRRIGATED,,,NON-IRRIGATED,,,ALL ECOSYSTEMS,,,IRRIGATED,,,NON-IRRIGATED,,,ALL ECOSYSTEMS,,,IRRIGATED,,,NON-IRRIGATED,,
,(n = 76),,,(n = 57),,,(n = 19),,,(n = 76),,,(n = 76),,,(n = 0),,,(n = 86),,,(n = 77),,,(n = 9),,,(n = 45),,,(n = 45),,,(n = 0),,
,First crop,Second crop,Third crop,First crop,Second crop,Third crop,First crop,Second crop,Third crop,First crop,Second crop,Third crop,First crop,Second crop,Third crop,First crop,Second crop,Third crop,First crop,Second crop,Third crop,First crop,Second crop,Third crop,First crop,Second crop,Third crop,First crop,Second crop,Third crop,First crop,Second crop,Third crop,First crop,Second crop,Third crop
,(Percent of farmers),,,,,,,,,,,,,,,,,,,,,,,,,,,,,,,,,,,
January,0,0,3,0,0,2,0,0,5,1,1,0,1,1,0,0,0,0,0,0,0,0,0,0,0,0,0,2,2,0,2,2,0,0,0,0
February,0,0,0,0,0,0,0,0,0,0,0,0,0,0,0,0,0,0,0,0,0,0,0,0,0,0,0,0,0,0,0,0,0,0,0,0
March,0,1,0,0,2,0,0,0,0,0,0,0,0,0,0,0,0,0,0,1,0,0,1,0,0,0,0,0,0,0,0,0,0,0,0,0
April,0,0,0,0,0,0,0,0,0,0,0,0,0,0,0,0,0,0,0,0,0,0,0,0,0,0,0,0,0,0,0,0,0,0,0,0
May,0,0,0,0,0,0,0,0,0,0,0,1,0,0,1,0,0,0,0,1,6,0,1,5,0,0,11,0,0,0,0,0,0,0,0,0
June,0,0,33,0,0,37,0,0,21,0,0,32,0,0,32,0,0,0,0,0,23,0,0,19,0,0,56,0,0,27,0,0,27,0,0,0
July,0,0,61,0,0,58,0,0,68,0,0,66,0,0,66,0,0,0,0,0,69,0,0,73,0,0,33,0,0,73,0,0,73,0,0,0
August,0,0,3,0,0,2,0,0,5,0,0,1,0,0,1,0,0,0,0,0,1,0,0,1,0,0,0,0,0,0,0,0,0,0,0,0
September,0,0,1,0,0,2,0,0,0,0,0,0,0,0,0,0,0,0,0,0,0,0,0,0,0,0,0,0,0,0,0,0,0,0,0,0
October,3,0,0,4,0,0,0,0,0,3,0,0,3,0,0,0,0,0,2,0,1,1,0,1,11,0,0,2,0,0,2,0,0,0,0,0
November,17,0,0,23,0,0,0,0,0,24,0,0,24,0,0,0,0,0,20,0,0,22,0,0,0,0,0,71,0,0,71,0,0,0,0,0
December,22,0,0,30,0,0,0,0,0,26,0,0,26,0,0,0,0,0,20,0,0,22,0,0,0,0,0,20,0,0,20,0,0,0,0,0
Not applicable**,58,99,0,43,98,0,100,100,1,46,99,0,46,99,0,100,100,100,58,98,0,55,98,1,89,100,0,5,98,0,5,98,0,100,100,100
Laguna,Jul-Dec 2006 harvest,,,,,,,,,Jan-Jun 2007 harvest,,,,,,,,,Jul-Dec 2011 harvest,,,,,,,,,Jan-Jun 2012 harvest,,,,,,,,
Planting Month*,ALL ECOSYSTEMS,,,IRRIGATED,,,NON-IRRIGATED,,,ALL ECOSYSTEMS,,,IRRIGATED,,,NON-IRRIGATED,,,ALL ECOSYSTEMS,,,IRRIGATED,,,NON-IRRIGATED,,,ALL ECOSYSTEMS,,,IRRIGATED,,,NON-IRRIGATED,,
,(n = 55),,,(n = 38),,,(n = 17),,,(n = 56),,,(n = 46),,,(n = 10),,,(n = 60),,,(n = 60),,,(n = 0),,,(n = 57),,,(n = 56),,,(n = 1),,
,First crop,Second crop,Third crop,First crop,Second crop,Third crop,First crop,Second crop,Third crop,First crop,Second crop,Third crop,First crop,Second crop,Third crop,First crop,Second crop,Third crop,First crop,Second crop,Third crop,First crop,Second crop,Third crop,First crop,Second crop,Third crop,First crop,Second crop,Third crop,First crop,Second crop,Third crop,First crop,Second crop,Third crop
,(Percent of farmers),,,,,,,,,,,,,,,,,,,,,,,,,,,,,,,,,,,
January,7,0,0,5,0,0,12,0,0,14,5,0,13,2,0,20,20,0,3,3,0,3,3,0,0,0,0,12,0,0,13,0,0,0,0,0
February,0,0,0,0,0,0,0,0,0,0,2,0,0,0,0,0,10,0,0,0,0,0,0,0,0,0,0,0,2,0,0,2,0,0,0,0
March,0,0,0,0,0,0,0,0,0,0,0,0,0,0,0,0,0,0,0,0,0,0,0,0,0,0,0,0,0,0,0,0,0,0,0,0
April,0,0,0,0,0,0,0,0,0,0,0,0,0,0,0,0,0,0,0,0,0,0,0,0,0,0,0,0,0,0,0,0,0,0,0,0
May,0,2,4,0,3,5,0,0,0,0,0,0,0,0,0,0,0,0,0,2,0,0,2,0,0,0,0,0,5,5,0,5,5,0,0,0
June,0,0,36,0,0,53,0,0,0,0,0,45,0,0,48,0,0,30,0,0,42,0,0,42,0,0,0,0,0,51,0,0,50,0,0,100
July,0,0,45,0,0,39,0,0,59,0,0,48,0,0,50,0,0,40,0,0,42,0,0,42,0,0,0,0,0,19,0,0,20,0,0,0
August,0,0,4,0,0,0,0,0,12,0,0,5,0,0,0,0,0,30,0,0,13,0,0,13,0,0,0,0,0,16,0,0,16,0,0,0
September,0,0,9,0,0,0,0,0,29,0,0,2,0,0,2,0,0,0,0,0,2,0,0,2,0,0,0,0,0,4,0,0,4,0,0,0
October,0,0,0,0,0,0,0,0,0,2,0,0,0,0,0,10,0,0,0,0,0,0,0,0,0,0,0,0,0,0,0,0,0,0,0,0
November,0,0,0,0,0,0,0,0,0,5,0,0,4,0,0,10,0,0,7,0,0,7,0,0,0,0,0,5,0,0,5,0,0,0,0,0
December,75,2,0,95,0,0,29,6,0,52,2,0,59,2,0,20,0,0,87,0,0,87,0,0,0,0,0,81,0,0,80,0,0,100,0,0
Not applicable**,18,96,2,0,97,3,59,94,0,27,91,0,24,96,0,40,70,0,3,95,1,3,95,1,100,100,100,2,93,5,2,93,5,0,100,0
Quezon,Jul-Dec 2006 harvest,,,,,,,,,Jan-Jun 2007 harvest,,,,,,,,,Jul-Dec 2011 harvest,,,,,,,,,Jan-Jun 2012 harvest,,,,,,,,
Planting Month*,ALL ECOSYSTEMS,,,IRRIGATED,,,NON-IRRIGATED,,,ALL ECOSYSTEMS,,,IRRIGATED,,,NON-IRRIGATED,,,ALL ECOSYSTEMS,,,IRRIGATED,,,NON-IRRIGATED,,,ALL ECOSYSTEMS,,,IRRIGATED,,,NON-IRRIGATED,,
,(n = 51),,,(n = 39),,,(n = 12),,,(n = 52),,,(n = 32),,,(n = 20),,,(n = 60),,,(n = 34),,,(n = 26),,,(n = 59),,,(n = 29),,,(n = 30),,
,First crop,Second crop,Third crop,First crop,Second crop,Third crop,First crop,Second crop,Third crop,First crop,Second crop,Third crop,First crop,Second crop,Third crop,First crop,Second crop,Third crop,First crop,Second crop,Third crop,First crop,Second crop,Third crop,First crop,Second crop,Third crop,First crop,Second crop,Third crop,First crop,Second crop,Third crop,First crop,Second crop,Third crop
,(Percent of farmers),,,,,,,,,,,,,,,,,,,,,,,,,,,,,,,,,,,
January,12,0,0,10,0,0,17,0,0,13,0,0,16,0,0,10,0,0,0,2,0,0,3,0,0,0,0,2,0,0,3,0,0,0,0,0
February,0,2,0,0,0,0,0,8,0,0,0,0,0,0,0,0,0,0,0,5,0,0,9,0,0,0,0,0,10,0,0,17,0,0,3,0
March,0,8,0,0,10,0,0,0,0,0,6,0,0,9,0,0,0,0,0,2,0,0,3,0,0,0,0,0,3,0,0,7,0,0,0,0
April,0,0,0,0,0,0,0,0,0,0,0,0,0,0,0,0,0,0,0,3,0,0,6,0,0,0,0,0,0,0,0,0,0,0,0,0
May,0,0,8,0,0,10,0,0,0,0,2,4,0,3,6,0,0,0,0,0,17,0,0,18,0,0,15,0,0,10,0,0,17,0,0,3
June,0,2,39,0,3,46,0,0,17,0,0,42,0,0,59,0,0,15,0,0,48,0,0,41,0,0,58,0,0,56,0,0,55,0,0,57
July,0,0,37,0,0,33,0,0,50,0,2,40,0,3,16,0,0,80,0,0,28,0,0,29,0,0,27,0,0,29,0,0,17,0,0,40
August,0,0,6,0,0,5,0,0,8,0,0,8,0,0,9,0,0,5,0,0,2,0,0,3,0,0,0,0,0,2,0,0,3,0,0,0
September,0,0,6,0,0,5,0,0,8,0,0,4,0,0,6,0,0,0,2,0,0,3,0,0,0,0,0,3,0,0,7,0,0,0,0,0
October,0,0,2,0,0,0,0,0,8,0,0,0,0,0,0,0,0,0,8,0,0,12,0,0,4,0,0,5,0,0,3,0,0,7,0,0
November,20,0,0,26,0,0,0,0,0,25,0,0,28,0,0,20,0,0,28,0,0,21,0,0,38,0,0,22,0,0,10,0,0,33,0,0
December,43,0,0,51,0,0,17,0,0,50,0,0,38,0,0,70,0,0,53,0,0,53,0,0,54,0,0,58,0,0,59,0,0,57,0,0
Not applicable**,25,88,2,13,87,1,66,92,9,12,90,2,18,85,4,0,100,0,9,88,5,11,79,9,4,100,0,10,87,3,18,76,8,3,97,0
Occidental Mindoro,Jul-Dec 2006 harvest,,,,,,,,,Jan-Jun 2007 harvest,,,,,,,,,Jul-Dec 2011 harvest,,,,,,,,,Jan-Jun 2012 harvest,,,,,,,,
Planting Month*,ALL ECOSYSTEMS,,,IRRIGATED,,,NON-IRRIGATED,,,ALL ECOSYSTEMS,,,IRRIGATED,,,NON-IRRIGATED,,,ALL ECOSYSTEMS,,,IRRIGATED,,,NON-IRRIGATED,,,ALL ECOSYSTEMS,,,IRRIGATED,,,NON-IRRIGATED,,
,(n = 51),,,(n = 26),,,(n = 25),,,(n = 25),,,(n = 25),,,(n = 0),,,(n = 60),,,(n = 43),,,(n = 17),,,(n = 33),,,(n = 33),,,(n = 0),,
,First crop,Second crop,Third crop,First crop,Second crop,Third crop,First crop,Second crop,Third crop,First crop,Second crop,Third crop,First crop,Second crop,Third crop,First crop,Second crop,Third crop,First crop,Second crop,Third crop,First crop,Second crop,Third crop,First crop,Second crop,Third crop,First crop,Second crop,Third crop,First crop,Second crop,Third crop,First crop,Second crop,Third crop
,(Percent of farmers),,,,,,,,,,,,,,,,,,,,,,,,,,,,,,,,,,,
January,41,0,0,77,0,0,4,0,0,96,4,0,96,4,0,0,0,0,48,2,0,67,2,0,0,0,0,79,6,0,79,6,0,0,0,0
February,0,2,0,0,4,0,0,0,0,0,0,0,0,0,0,0,0,0,0,0,0,0,0,0,0,0,0,0,6,0,0,6,0,0,0,0
March,0,0,0,0,0,0,0,0,0,0,0,0,0,0,0,0,0,0,0,0,0,0,0,0,0,0,0,0,0,0,0,0,0,0,0,0
April,0,0,0,0,0,0,0,0,0,0,0,0,0,0,0,0,0,0,0,2,0,0,2,0,0,0,0,0,0,0,0,0,0,0,0,0
May,0,0,0,0,0,0,0,0,0,0,0,0,0,0,0,0,0,0,0,0,0,0,0,0,0,0,0,0,0,0,0,0,0,0,0,0
June,0,0,6,0,0,8,0,0,4,0,0,0,0,0,0,0,0,0,0,0,5,0,0,7,0,0,0,0,0,15,0,0,15,0,0,0
July,0,0,86,0,0,85,0,0,88,0,0,96,0,0,96,0,0,0,0,0,93,0,0,91,0,0,100,0,0,79,0,0,79,0,0,0
August,0,0,8,0,0,8,0,0,8,0,0,4,0,0,4,0,0,0,0,0,2,0,0,2,0,0,0,0,0,6,0,0,6,0,0,0
September,0,0,0,0,0,0,0,0,0,0,0,0,0,0,0,0,0,0,0,0,0,0,0,0,0,0,0,0,0,0,0,0,0,0,0,0
October,0,0,0,0,0,0,0,0,0,0,0,0,0,0,0,0,0,0,0,0,0,0,0,0,0,0,0,0,0,0,0,0,0,0,0,0
November,0,0,0,0,0,0,0,0,0,0,0,0,0,0,0,0,0,0,0,0,0,0,0,0,0,0,0,0,0,0,0,0,0,0,0,0
December,14,0,0,19,0,0,8,0,0,0,0,0,0,0,0,0,0,0,0,0,0,0,0,0,0,0,0,9,0,0,9,0,0,0,0,0
Not applicable**,45,98,0,4,96,0,88,100,0,4,96,0,4,96,0,100,100,100,52,96,0,33,96,0,100,100,0,12,88,0,12,88,0,100,100,100
Oriental Mindoro,Jul-Dec 2006 harvest,,,,,,,,,Jan-Jun 2007 harvest,,,,,,,,,Jul-Dec 2011 harvest,,,,,,,,,Jan-Jun 2012 harvest,,,,,,,,
Planting Month*,ALL ECOSYSTEMS,,,IRRIGATED,,,NON-IRRIGATED,,,ALL ECOSYSTEMS,,,IRRIGATED,,,NON-IRRIGATED,,,ALL ECOSYSTEMS,,,IRRIGATED,,,NON-IRRIGATED,,,ALL ECOSYSTEMS,,,IRRIGATED,,,NON-IRRIGATED,,
,(n = 85),,,(n = 67),,,(n = 18),,,(n = 86),,,(n = 82),,,(n = 4),,,(n = 86),,,(n = 76),,,(n = 10),,,(n = 86),,,(n = 70),,,(n = 16),,
,First crop,Second crop,Third crop,First crop,Second crop,Third crop,First crop,Second crop,Third crop,First crop,Second crop,Third crop,First crop,Second crop,Third crop,First crop,Second crop,Third crop,First crop,Second crop,Third crop,First crop,Second crop,Third crop,First crop,Second crop,Third crop,First crop,Second crop,Third crop,First crop,Second crop,Third crop,First crop,Second crop,Third crop
,(Percent of farmers),,,,,,,,,,,,,,,,,,,,,,,,,,,,,,,,,,,
January,22,2,0,22,1,0,22,6,0,28,10,0,28,11,0,25,0,0,16,1,0,17,1,0,10,0,0,19,2,0,20,3,0,13,0,0
February,1,2,0,1,3,0,0,0,0,0,0,0,0,0,0,0,0,0,0,2,0,0,3,0,0,0,0,0,3,0,0,4,0,0,0,0
March,0,2,0,0,3,0,0,0,0,0,0,0,0,0,0,0,0,0,0,1,0,0,1,0,0,0,0,0,0,0,0,0,0,0,0,0
April,0,1,0,0,0,0,0,6,0,0,0,0,0,0,0,0,0,0,0,2,0,0,3,0,0,0,0,0,0,0,0,0,0,0,0,0
May,0,1,7,0,1,6,0,0,11,0,0,0,0,0,0,0,0,0,0,2,3,0,3,4,0,0,0,0,2,3,0,3,4,0,0,0
June,0,0,35,0,0,34,0,0,39,0,0,26,0,0,24,0,0,50,0,0,43,0,0,41,0,0,60,0,0,43,0,0,40,0,0,56
July,1,0,41,1,0,45,0,0,28,0,0,73,0,0,74,0,0,50,0,0,42,0,0,42,0,0,40,0,0,45,0,0,46,0,0,44
August,0,0,13,0,0,12,0,0,17,0,0,1,0,0,1,0,0,0,0,0,8,0,0,9,0,0,0,0,0,6,0,0,7,0,0,0
September,0,0,2,0,0,1,0,0,6,0,0,0,0,0,0,0,0,0,0,0,0,0,0,0,0,0,0,0,0,0,0,0,0,0,0,0
October,8,0,0,4,0,0,22,0,0,0,0,0,0,0,0,0,0,0,7,0,0,7,0,0,10,0,0,3,0,0,3,0,0,6,0,0
November,16,0,0,15,0,0,22,0,0,6,0,0,5,0,0,25,0,0,15,0,0,17,0,0,0,0,0,15,0,0,19,0,0,0,0,0
December,38,1,0,46,1,0,6,0,0,56,0,0,56,0,0,50,0,0,53,0,0,53,0,0,60,0,0,58,0,0,53,0,0,81,0,0
Not applicable**,14,91,2,11,91,2,28,88,0,10,90,0,11,89,1,0,100,0,9,92,4,6,89,4,20,100,0,5,93,3,5,90,3,0,100,0
Albay,Jul-Dec 2006 harvest,,,,,,,,,Jan-Jun 2007 harvest,,,,,,,,,Jul-Dec 2011 harvest,,,,,,,,,Jan-Jun 2012 harvest,,,,,,,,
Planting Month*,ALL ECOSYSTEMS,,,IRRIGATED,,,NON-IRRIGATED,,,ALL ECOSYSTEMS,,,IRRIGATED,,,NON-IRRIGATED,,,ALL ECOSYSTEMS,,,IRRIGATED,,,NON-IRRIGATED,,,ALL ECOSYSTEMS,,,IRRIGATED,,,NON-IRRIGATED,,
,(n = 49),,,(n = 30),,,(n = 19),,,(n = 49),,,(n = 30),,,(n = 19),,,(n = 60),,,(n = 49),,,(n = 11),,,(n = 60),,,(n = 52),,,(n = 8),,
,First crop,Second crop,Third crop,First crop,Second crop,Third crop,First crop,Second crop,Third crop,First crop,Second crop,Third crop,First crop,Second crop,Third crop,First crop,Second crop,Third crop,First crop,Second crop,Third crop,First crop,Second crop,Third crop,First crop,Second crop,Third crop,First crop,Second crop,Third crop,First crop,Second crop,Third crop,First crop,Second crop,Third crop
,(Percent of farmers),,,,,,,,,,,,,,,,,,,,,,,,,,,,,,,,,,,
January,6,0,0,10,0,0,0,0,0,6,0,0,7,0,0,5,0,0,18,0,0,22,0,0,0,0,0,7,0,0,6,0,0,13,0,0
February,0,0,0,0,0,0,0,0,0,0,0,0,0,0,0,0,0,0,0,0,0,0,0,0,0,0,0,0,0,0,0,0,0,0,0,0
March,0,0,0,0,0,0,0,0,0,0,0,0,0,0,0,0,0,0,0,0,0,0,0,0,0,0,0,0,0,0,0,0,0,0,0,0
April,0,0,0,0,0,0,0,0,0,0,0,0,0,0,0,0,0,0,0,0,0,0,0,0,0,0,0,0,0,0,0,0,0,0,0,0
May,0,14,12,0,23,17,0,0,5,0,14,4,0,23,7,0,0,0,0,13,13,0,14,16,0,9,0,0,15,13,0,17,15,0,0,0
June,0,0,53,0,0,53,0,0,53,0,0,53,0,0,50,0,0,58,0,0,67,0,0,63,0,0,82,0,0,50,0,0,44,0,0,88
July,0,0,18,0,0,7,0,0,37,0,0,29,0,0,20,0,0,42,0,0,5,0,0,6,0,0,0,0,0,18,0,0,21,0,0,0
August,0,0,2,0,0,0,0,0,5,0,0,0,0,0,0,0,0,0,0,0,2,0,0,0,0,0,9,0,0,3,0,0,2,0,0,13
September,0,0,0,0,0,0,0,0,0,0,0,0,0,0,0,0,0,0,0,0,0,0,0,0,0,0,0,0,0,0,0,0,0,0,0,0
October,0,0,0,0,0,0,0,0,0,0,0,0,0,0,0,0,0,0,0,0,0,0,0,0,0,0,0,0,0,0,0,0,0,0,0,0
November,6,0,0,10,0,0,0,0,0,16,0,0,23,0,0,5,0,0,40,0,0,29,0,0,91,0,0,42,0,0,37,0,0,75,0,0
December,88,0,0,80,0,0,100,0,0,78,0,0,70,0,0,89,0,0,42,0,0,49,0,0,9,0,0,52,0,0,58,0,0,13,0,0
Not applicable**,0,86,15,0,77,23,0,100,0,0,86,14,0,77,23,1,100,0,0,87,13,0,86,15,0,91,9,0,85,16,0,83,18,0,100,0
Camarines Sur,Jul-Dec 2006 harvest,,,,,,,,,Jan-Jun 2007 harvest,,,,,,,,,Jul-Dec 2011 harvest,,,,,,,,,Jan-Jun 2012 harvest,,,,,,,,
Planting Month*,ALL ECOSYSTEMS,,,IRRIGATED,,,NON-IRRIGATED,,,ALL ECOSYSTEMS,,,IRRIGATED,,,NON-IRRIGATED,,,ALL ECOSYSTEMS,,,IRRIGATED,,,NON-IRRIGATED,,,ALL ECOSYSTEMS,,,IRRIGATED,,,NON-IRRIGATED,,
,(n = 90),,,(n = 71),,,(n = 19),,,(n = 90),,,(n = 82),,,(n = 8),,,(n = 116),,,(n = 89),,,(n = 27),,,(n = 115),,,(n = 76),,,(n = 39),,
,First crop,Second crop,Third crop,First crop,Second crop,Third crop,First crop,Second crop,Third crop,First crop,Second crop,Third crop,First crop,Second crop,Third crop,First crop,Second crop,Third crop,First crop,Second crop,Third crop,First crop,Second crop,Third crop,First crop,Second crop,Third crop,First crop,Second crop,Third crop,First crop,Second crop,Third crop,First crop,Second crop,Third crop
,(Percent of farmers),,,,,,,,,,,,,,,,,,,,,,,,,,,,,,,,,,,
January,18,0,0,21,0,0,5,0,0,21,0,0,23,0,0,0,0,0,22,2,0,11,1,0,56,4,0,33,3,0,34,3,0,31,3,0
February,0,0,0,0,0,0,0,0,0,0,0,0,0,0,0,0,0,0,0,1,0,0,0,0,0,4,0,0,6,0,0,5,0,0,8,0
March,0,1,0,0,1,0,0,0,0,0,0,0,0,0,0,0,0,0,0,0,0,0,0,0,0,0,0,0,1,0,0,0,0,0,3,0
April,0,1,0,0,1,0,0,0,0,0,1,0,0,1,0,0,0,0,0,2,0,0,2,0,0,0,0,0,3,0,0,4,0,0,0,0
May,0,28,3,0,25,3,0,37,5,0,10,9,0,10,6,0,13,38,0,9,7,0,8,8,0,15,4,0,5,2,0,8,3,0,0,0
June,0,1,42,0,0,44,0,5,37,0,0,53,0,0,56,0,0,25,0,0,58,0,0,67,0,0,26,0,0,67,0,0,68,0,0,64
July,0,0,21,0,0,23,0,0,16,0,0,24,0,0,24,0,0,25,0,0,15,0,0,13,0,0,19,0,0,19,0,0,11,0,0,36
August,0,0,4,0,0,6,0,0,0,0,0,3,0,0,4,0,0,0,0,0,10,0,0,2,0,0,37,0,0,4,0,0,7,0,0,0
September,1,1,8,0,1,6,5,0,16,0,0,0,0,0,0,0,0,0,2,0,5,0,0,6,7,0,4,0,0,6,0,0,9,0,0,0
October,6,0,0,4,0,0,11,0,0,3,0,0,2,0,0,13,0,0,8,0,0,10,0,0,0,0,0,0,0,0,0,0,0,0,0,0
November,17,0,1,8,0,0,47,0,5,17,0,0,16,0,0,25,0,0,12,0,0,13,0,0,7,0,0,11,0,0,13,0,0,8,0,0
December,47,0,0,56,0,0,11,0,0,58,0,0,57,0,0,63,0,0,53,0,0,63,0,0,19,0,0,46,0,0,45,0,0,49,0,0
Not applicable**,11,68,21,11,72,18,21,58,21,1,89,11,2,89,10,0,87,12,3,86,5,3,89,4,11,77,10,10,82,2,8,80,2,12,86,0
Iloilo,Jul-Dec 2006 harvest,,,,,,,,,Jan-Jun 2007 harvest,,,,,,,,,Jul-Dec 2011 harvest,,,,,,,,,Jan-Jun 2012 harvest,,,,,,,,
Planting Month*,ALL ECOSYSTEMS,,,IRRIGATED,,,NON-IRRIGATED,,,ALL ECOSYSTEMS,,,IRRIGATED,,,NON-IRRIGATED,,,ALL ECOSYSTEMS,,,IRRIGATED,,,NON-IRRIGATED,,,ALL ECOSYSTEMS,,,IRRIGATED,,,NON-IRRIGATED,,
,(n = 88),,,(n = 41),,,(n = 47),,,(n = 86),,,(n = 68),,,(n = 18),,,(n = 116),,,(n = 62),,,(n = 54),,,(n = 58),,,(n = 29),,,(n = 29),,
,First crop,Second crop,Third crop,First crop,Second crop,Third crop,First crop,Second crop,Third crop,First crop,Second crop,Third crop,First crop,Second crop,Third crop,First crop,Second crop,Third crop,First crop,Second crop,Third crop,First crop,Second crop,Third crop,First crop,Second crop,Third crop,First crop,Second crop,Third crop,First crop,Second crop,Third crop,First crop,Second crop,Third crop
,(Percent of farmers),,,,,,,,,,,,,,,,,,,,,,,,,,,,,,,,,,,
January,2,3,0,2,0,0,2,6,0,8,0,0,10,0,0,0,0,0,3,1,0,5,2,0,0,0,0,10,0,0,17,0,0,3,0,0
February,2,3,0,5,5,0,0,2,0,2,5,0,3,6,0,0,0,0,0,0,0,0,0,0,0,0,0,0,3,0,0,7,0,0,0,0
March,0,0,0,0,0,0,0,0,0,0,0,0,0,0,0,0,0,0,0,0,0,0,0,0,0,0,0,0,0,0,0,0,0,0,0,0
April,0,0,1,0,0,2,0,0,0,0,0,0,0,0,0,0,0,0,0,3,0,0,3,0,0,2,0,0,0,0,0,0,0,0,0,0
May,0,7,3,0,7,2,0,6,4,0,1,3,0,0,3,0,6,6,0,3,1,0,2,2,0,6,0,0,9,3,0,10,0,0,7,7
June,0,16,50,0,20,51,0,13,49,0,23,51,0,25,47,0,17,67,0,20,50,0,21,60,0,19,39,0,5,72,0,10,69,0,0,76
July,0,2,17,0,2,12,0,2,21,0,0,20,0,0,24,0,0,6,0,0,20,0,0,11,0,0,30,0,0,5,0,0,3,0,0,7
August,0,1,5,0,0,2,0,2,6,0,0,1,0,0,1,0,0,0,0,0,4,0,0,3,0,0,6,0,0,2,0,0,3,0,0,0
September,2,0,14,2,0,17,2,0,11,1,0,15,1,0,15,0,0,17,0,0,19,0,0,18,0,0,20,2,0,5,0,0,7,3,0,3
October,51,0,9,59,0,12,45,0,6,43,1,9,34,1,10,78,0,6,50,0,5,44,0,6,57,0,4,76,0,10,69,0,14,83,0,7
November,3,0,0,0,0,0,6,0,0,5,0,0,6,0,0,0,0,0,16,0,0,27,0,0,4,0,0,5,0,0,7,0,0,3,0,0
December,0,0,0,0,0,0,0,0,0,1,0,0,0,0,0,6,0,0,10,0,0,18,0,0,2,0,0,2,0,0,3,0,0,0,0,0
Not applicable**,40,68,1,32,66,2,45,69,3,40,70,1,46,68,0,16,77,0,21,73,1,6,72,0,37,73,1,5,83,3,4,73,4,8,93,0
Bohol,Jul-Dec 2006 harvest,,,,,,,,,Jan-Jun 2007 harvest,,,,,,,,,Jul-Dec 2011 harvest,,,,,,,,,Jan-Jun 2012 harvest,,,,,,,,
Planting Month*,ALL ECOSYSTEMS,,,IRRIGATED,,,NON-IRRIGATED,,,ALL ECOSYSTEMS,,,IRRIGATED,,,NON-IRRIGATED,,,ALL ECOSYSTEMS,,,IRRIGATED,,,NON-IRRIGATED,,,ALL ECOSYSTEMS,,,IRRIGATED,,,NON-IRRIGATED,,
,(n = 75),,,(n = 22),,,(n = 53),,,(n = 76),,,(n = 61),,,(n = 15),,,(n = 86),,,(n = 36),,,(n = 50),,,(n = 86),,,(n = 32),,,(n = 54),,
,First crop,Second crop,Third crop,First crop,Second crop,Third crop,First crop,Second crop,Third crop,First crop,Second crop,Third crop,First crop,Second crop,Third crop,First crop,Second crop,Third crop,First crop,Second crop,Third crop,First crop,Second crop,Third crop,First crop,Second crop,Third crop,First crop,Second crop,Third crop,First crop,Second crop,Third crop,First crop,Second crop,Third crop
,(Percent of farmers),,,,,,,,,,,,,,,,,,,,,,,,,,,,,,,,,,,
January,35,0,1,14,0,0,43,0,2,21,0,0,25,0,0,7,0,0,6,0,0,14,0,0,0,0,0,10,0,0,22,0,0,4,0,0
February,0,0,0,0,0,0,0,0,0,0,0,0,0,0,0,0,0,0,1,0,0,3,0,0,0,0,0,0,0,0,0,0,0,0,0,0
March,0,0,0,0,0,0,0,0,0,0,0,0,0,0,0,0,0,0,0,0,0,0,0,0,0,0,0,0,0,0,0,0,0,0,0,0
April,0,0,0,0,0,0,0,0,0,0,0,0,0,0,0,0,0,0,0,1,0,0,0,0,0,2,0,0,0,0,0,0,0,0,0,0
May,0,0,0,0,0,0,0,0,0,0,0,0,0,0,0,0,0,0,0,1,2,0,0,3,0,2,2,0,0,0,0,0,0,0,0,0
June,0,0,41,0,0,50,0,0,38,0,0,22,0,0,16,0,0,47,0,0,43,0,0,42,0,0,44,0,0,21,0,0,3,0,0,31
July,0,0,36,0,0,9,0,0,47,0,0,61,0,0,62,0,0,53,0,0,41,0,0,31,0,0,48,0,0,64,0,0,63,0,0,65
August,0,0,20,0,0,41,0,0,11,0,0,17,0,0,21,0,0,0,0,0,8,0,0,17,0,0,2,0,0,15,0,0,34,0,0,4
September,0,0,1,0,0,0,0,0,2,0,0,0,0,0,0,0,0,0,0,0,0,0,0,0,0,0,0,0,0,0,0,0,0,0,0,0
October,0,0,0,0,0,0,0,0,0,0,0,0,0,0,0,0,0,0,7,0,0,6,0,0,8,0,0,1,0,0,0,0,0,2,0,0
November,11,0,0,0,0,0,15,0,0,0,0,0,0,0,0,0,0,0,8,0,0,6,0,0,10,0,0,12,0,0,3,0,0,17,0,0
December,55,0,0,86,0,0,42,0,0,78,1,0,74,2,0,93,0,0,74,0,0,64,0,0,82,0,0,77,0,0,75,0,0,78,0,0
Not applicable**,0,100,1,0,100,0,0,100,0,1,99,0,1,98,1,0,100,0,4,98,6,7,100,7,0,96,4,0,100,0,0,100,0,0,100,0
Leyte,Jul-Dec 2006 harvest,,,,,,,,,Jan-Jun 2007 harvest,,,,,,,,,Jul-Dec 2011 harvest,,,,,,,,,Jan-Jun 2012 harvest,,,,,,,,
Planting Month*,ALL ECOSYSTEMS,,,IRRIGATED,,,NON-IRRIGATED,,,ALL ECOSYSTEMS,,,IRRIGATED,,,NON-IRRIGATED,,,ALL ECOSYSTEMS,,,IRRIGATED,,,NON-IRRIGATED,,,ALL ECOSYSTEMS,,,IRRIGATED,,,NON-IRRIGATED,,
,(n = 79),,,(n = 52),,,(n = 27),,,(n = 79),,,(n = 55),,,(n = 24),,,(n = 86),,,(n = 71),,,(n = 15),,,(n = 83),,,(n = 69),,,(n = 14),,
,First crop,Second crop,Third crop,First crop,Second crop,Third crop,First crop,Second crop,Third crop,First crop,Second crop,Third crop,First crop,Second crop,Third crop,First crop,Second crop,Third crop,First crop,Second crop,Third crop,First crop,Second crop,Third crop,First crop,Second crop,Third crop,First crop,Second crop,Third crop,First crop,Second crop,Third crop,First crop,Second crop,Third crop
,(Percent of farmers),,,,,,,,,,,,,,,,,,,,,,,,,,,,,,,,,,,
January,47,0,0,56,0,0,30,0,0,29,4,0,29,4,0,29,4,0,29,0,0,35,0,0,0,0,0,31,0,0,35,0,0,14,0,0
February,1,3,0,2,4,0,0,0,0,0,10,0,0,15,0,0,0,0,0,8,0,0,10,0,0,0,0,0,7,0,0,9,0,0,0,0
March,0,1,0,0,2,0,0,0,0,0,4,0,0,5,0,0,0,0,0,0,0,0,0,0,0,0,0,0,0,0,0,0,0,0,0,0
April,0,0,0,0,0,0,0,0,0,0,0,0,0,0,0,0,0,0,0,0,0,0,0,0,0,0,0,0,0,0,0,0,0,0,0,0
May,0,0,0,0,0,0,0,0,0,0,0,0,0,0,0,0,0,0,0,0,0,0,0,0,0,0,0,0,0,0,0,0,0,0,0,0
June,0,0,48,0,0,40,0,0,63,0,0,15,0,0,15,0,0,17,0,1,21,0,1,23,0,0,13,0,0,45,0,0,41,0,0,64
July,0,0,42,0,0,46,0,0,33,0,0,63,0,0,55,0,0,83,0,0,74,0,0,73,0,0,80,0,0,48,0,0,51,0,0,36
August,0,0,9,0,0,12,0,0,4,0,0,18,0,0,25,0,0,0,0,0,3,0,0,3,0,0,7,0,0,7,0,0,9,0,0,0
September,0,0,1,0,0,2,0,0,0,0,0,4,0,0,5,0,0,0,0,0,0,0,0,0,0,0,0,0,0,0,0,0,0,0,0,0
October,0,0,0,0,0,0,0,0,0,0,0,0,0,0,0,0,0,0,0,0,0,0,0,0,0,0,0,0,0,0,0,0,0,0,0,0
November,0,0,0,0,0,0,0,0,0,4,0,0,4,0,0,4,0,0,0,0,0,0,0,0,0,0,0,1,0,0,0,0,0,7,0,0
December,48,0,0,37,0,0,70,0,0,49,0,0,44,0,0,63,0,0,63,0,0,55,0,0,100,0,0,60,0,0,57,0,0,79,0,0
Not applicable**,4,96,0,5,94,0,0,100,0,18,82,0,23,76,0,4,96,0,8,91,2,10,89,1,0,100,0,8,93,0,8,91,0,0,100,0
Northern Samar,Jul-Dec 2006 harvest,,,,,,,,,Jan-Jun 2007 harvest,,,,,,,,,Jul-Dec 2011 harvest,,,,,,,,,Jan-Jun 2012 harvest,,,,,,,,
Planting Month*,ALL ECOSYSTEMS,,,IRRIGATED,,,NON-IRRIGATED,,,ALL ECOSYSTEMS,,,IRRIGATED,,,NON-IRRIGATED,,,ALL ECOSYSTEMS,,,IRRIGATED,,,NON-IRRIGATED,,,ALL ECOSYSTEMS,,,IRRIGATED,,,NON-IRRIGATED,,
,(n = 50),,,(n = 26),,,(n = 24),,,(n = 50),,,(n = 17),,,(n = 33),,,(n = 60),,,(n = 27),,,(n = 33),,,(n = 59),,,(n = 27),,,(n = 32),,
,First crop,Second crop,Third crop,First crop,Second crop,Third crop,First crop,Second crop,Third crop,First crop,Second crop,Third crop,First crop,Second crop,Third crop,First crop,Second crop,Third crop,First crop,Second crop,Third crop,First crop,Second crop,Third crop,First crop,Second crop,Third crop,First crop,Second crop,Third crop,First crop,Second crop,Third crop,First crop,Second crop,Third crop
,(Percent of farmers),,,,,,,,,,,,,,,,,,,,,,,,,,,,,,,,,,,
January,0,0,0,0,0,0,0,0,0,0,0,0,0,0,0,0,0,0,2,0,0,0,0,0,3,0,0,0,0,0,0,0,0,0,0,0
February,0,0,0,0,0,0,0,0,0,0,0,0,0,0,0,0,0,0,0,0,0,0,0,0,0,0,0,0,0,0,0,0,0,0,0,0
March,0,2,0,0,4,0,0,0,0,0,0,0,0,0,0,0,0,0,0,0,0,0,0,0,0,0,0,0,0,0,0,0,0,0,0,0
April,0,2,0,0,4,0,0,0,0,0,0,0,0,0,0,0,0,0,0,0,0,0,0,0,0,0,0,0,0,0,0,0,0,0,0,0
May,0,4,4,0,8,4,0,0,4,0,0,0,0,0,0,0,0,0,0,0,0,0,0,0,0,0,0,0,0,0,0,0,0,0,0,0
June,0,2,82,0,4,77,0,0,88,0,0,82,0,0,88,0,0,79,0,0,55,0,0,85,0,0,30,0,0,76,0,0,93,0,0,63
July,0,0,4,0,0,4,0,0,4,0,0,16,0,0,12,0,0,18,0,0,42,0,0,15,0,0,64,0,0,22,0,0,7,0,0,34
August,0,0,0,0,0,0,0,0,0,0,0,2,0,0,0,0,0,3,0,0,0,0,0,0,0,0,0,0,0,2,0,0,0,0,0,3
September,2,0,2,0,0,0,4,0,4,0,0,0,0,0,0,0,0,0,0,0,0,0,0,0,0,0,0,0,0,0,0,0,0,0,0,0
October,2,0,0,0,0,0,4,0,0,0,0,0,0,0,0,0,0,0,0,0,0,0,0,0,0,0,0,0,0,0,0,0,0,0,0,0
November,66,0,0,85,0,0,46,0,0,18,0,0,35,0,0,9,0,0,53,0,0,26,0,0,76,0,0,37,0,0,11,0,0,59,0,0
December,30,0,0,15,0,0,46,0,0,82,0,0,65,0,0,91,0,0,45,0,0,74,0,0,21,0,0,63,0,0,89,0,0,41,0,0
Not applicable**,0,90,8,0,80,15,0,100,0,0,100,0,0,100,0,0,100,0,0,100,3,0,100,0,0,100,6,0,100,0,0,100,0,0,100,0
Zamboanga del Norte,Jul-Dec 2006 harvest,,,,,,,,,Jan-Jun 2007 harvest,,,,,,,,,Jul-Dec 2011 harvest,,,,,,,,,Jan-Jun 2012 harvest,,,,,,,,
Planting Month*,ALL ECOSYSTEMS,,,IRRIGATED,,,NON-IRRIGATED,,,ALL ECOSYSTEMS,,,IRRIGATED,,,NON-IRRIGATED,,,ALL ECOSYSTEMS,,,IRRIGATED,,,NON-IRRIGATED,,,ALL ECOSYSTEMS,,,IRRIGATED,,,NON-IRRIGATED,,
,(n = 42),,,(n = 19),,,(n = 23),,,(n = 42),,,(n = 28),,,(n = 14),,,(n = 60),,,(n = 32),,,(n = 28),,,(n = 43),,,(n = 29),,,(n = 14),,
,First crop,Second crop,Third crop,First crop,Second crop,Third crop,First crop,Second crop,Third crop,First crop,Second crop,Third crop,First crop,Second crop,Third crop,First crop,Second crop,Third crop,First crop,Second crop,Third crop,First crop,Second crop,Third crop,First crop,Second crop,Third crop,First crop,Second crop,Third crop,First crop,Second crop,Third crop,First crop,Second crop,Third crop
,(Percent of farmers),,,,,,,,,,,,,,,,,,,,,,,,,,,,,,,,,,,
January,0,0,0,0,0,0,0,0,0,0,0,0,0,0,0,0,0,0,2,0,0,3,0,0,0,0,0,0,0,0,0,0,0,0,0,0
February,0,0,0,0,0,0,0,0,0,0,2,0,0,4,0,0,0,0,0,0,0,0,0,0,0,0,0,0,0,0,0,0,0,0,0,0
March,0,0,0,0,0,0,0,0,0,0,0,0,0,0,0,0,0,0,0,0,0,0,0,0,0,0,0,0,0,0,0,0,0,0,0,0
April,0,0,0,0,0,0,0,0,0,0,12,0,0,18,0,0,0,0,0,8,0,0,16,0,0,0,0,0,0,0,0,0,0,0,0,0
May,0,14,2,0,32,5,0,0,0,0,2,14,0,4,21,0,0,0,0,22,0,0,22,0,0,21,0,0,16,2,0,24,3,0,0,0
June,0,12,33,0,5,47,0,17,22,0,0,50,0,0,43,0,0,64,0,2,38,0,0,38,0,4,39,0,0,60,0,0,72,0,0,36
July,0,0,40,0,0,11,0,0,65,0,0,19,0,0,11,0,0,36,0,0,30,0,0,25,0,0,36,0,0,21,0,0,0,0,0,64
August,0,0,0,0,0,0,0,0,0,0,0,2,0,0,4,0,0,0,0,0,0,0,0,0,0,0,0,0,0,0,0,0,0,0,0,0
September,0,0,10,0,0,5,0,0,13,0,0,0,0,0,0,0,0,0,0,0,12,0,0,16,0,0,7,0,0,0,0,0,0,0,0,0
October,5,0,0,5,0,0,4,0,0,26,0,0,25,0,0,29,0,0,18,0,2,6,0,0,32,0,4,0,0,0,0,0,0,0,0,0
November,43,0,0,37,0,0,48,0,0,40,0,0,36,0,0,50,0,0,15,0,0,19,0,0,11,0,0,21,0,0,28,0,0,7,0,0
December,36,0,0,53,0,0,22,0,0,24,0,0,25,0,0,21,0,0,45,0,0,56,0,0,32,0,0,79,0,0,72,0,0,93,0,0
Not applicable**,16,74,15,5,63,32,26,83,0,10,84,15,14,74,21,0,100,0,20,68,18,16,62,21,25,75,14,0,84,17,0,76,25,0,100,0
Zamboanga del Sur,Jul-Dec 2006 harvest,,,,,,,,,Jan-Jun 2007 harvest,,,,,,,,,Jul-Dec 2011 harvest,,,,,,,,,Jan-Jun 2012 harvest,,,,,,,,
Planting Month*,ALL ECOSYSTEMS,,,IRRIGATED,,,NON-IRRIGATED,,,ALL ECOSYSTEMS,,,IRRIGATED,,,NON-IRRIGATED,,,ALL ECOSYSTEMS,,,IRRIGATED,,,NON-IRRIGATED,,,ALL ECOSYSTEMS,,,IRRIGATED,,,NON-IRRIGATED,,
,(n = 51),,,(n = 39),,,(n = 12),,,(n = 51),,,(n = 42),,,(n = 9),,,(n = 60),,,(n = 45),,,(n = 15),,,(n = 60),,,(n = 49),,,(n = 11),,
,First crop,Second crop,Third crop,First crop,Second crop,Third crop,First crop,Second crop,Third crop,First crop,Second crop,Third crop,First crop,Second crop,Third crop,First crop,Second crop,Third crop,First crop,Second crop,Third crop,First crop,Second crop,Third crop,First crop,Second crop,Third crop,First crop,Second crop,Third crop,First crop,Second crop,Third crop,First crop,Second crop,Third crop
,(Percent of farmers),,,,,,,,,,,,,,,,,,,,,,,,,,,,,,,,,,,
January,4,0,0,5,0,0,0,0,0,29,0,2,19,0,2,78,0,0,3,0,0,2,0,0,7,0,0,18,0,0,22,0,0,0,0,0
February,2,0,0,3,0,0,0,0,0,0,10,0,0,12,0,0,0,0,0,0,0,0,0,0,0,0,0,0,2,0,0,2,0,0,0,0
March,0,2,0,0,3,0,0,0,0,0,4,0,0,5,0,0,0,0,0,5,0,0,4,0,0,7,0,0,8,0,0,10,0,0,0,0
April,0,4,0,0,5,0,0,0,0,0,0,0,0,0,0,0,0,0,0,2,0,0,2,0,0,0,0,0,2,0,0,2,0,0,0,0
May,0,24,8,0,26,5,0,17,17,0,14,2,0,17,0,0,0,11,0,15,7,0,16,9,0,13,0,0,22,3,0,16,4,0,45,0
June,0,4,49,0,3,49,0,8,50,0,0,49,0,0,43,0,0,78,0,0,57,0,0,62,0,0,40,0,0,50,0,0,61,0,0,0
July,0,0,12,0,0,13,0,0,8,0,2,24,0,0,29,0,11,0,0,0,17,0,0,7,0,0,47,0,0,17,0,0,8,0,0,55
August,2,0,0,3,0,0,0,0,0,0,0,6,0,0,7,0,0,0,0,0,0,0,0,0,0,0,0,0,0,3,0,0,4,0,0,0
September,2,0,2,3,0,3,0,0,0,8,0,2,10,0,2,0,0,0,0,0,5,0,0,7,0,0,0,0,0,2,0,0,2,0,0,0
October,27,2,4,26,0,3,33,8,8,22,0,0,26,0,0,0,0,0,15,0,0,9,0,0,33,0,0,13,0,0,6,0,0,45,0,0
November,24,0,0,26,0,0,17,0,0,16,0,2,19,0,0,0,0,11,33,0,0,27,0,0,53,0,0,32,0,0,27,0,0,55,0,0
December,22,0,0,28,0,0,0,0,0,10,0,0,10,0,0,11,0,0,43,0,0,58,0,0,0,0,0,28,0,0,35,0,0,0,0,0
Not applicable**,17,64,25,6,63,27,50,67,17,15,70,13,16,66,17,11,89,0,6,78,14,4,78,15,7,80,13,9,66,25,10,70,21,0,55,45
Zamboanga Sibugay,Jul-Dec 2006 harvest,,,,,,,,,Jan-Jun 2007 harvest,,,,,,,,,Jul-Dec 2011 harvest,,,,,,,,,Jan-Jun 2012 harvest,,,,,,,,
Planting Month*,ALL ECOSYSTEMS,,,IRRIGATED,,,NON-IRRIGATED,,,ALL ECOSYSTEMS,,,IRRIGATED,,,NON-IRRIGATED,,,ALL ECOSYSTEMS,,,IRRIGATED,,,NON-IRRIGATED,,,ALL ECOSYSTEMS,,,IRRIGATED,,,NON-IRRIGATED,,
,(n = 22),,,(n = 4),,,(n = 18),,,(n = 22),,,(n = 10),,,(n = 12),,,(n = 26),,,(n = 9),,,(n = 17),,,(n = 25),,,(n = 6),,,(n = 19),,
,First crop,Second crop,Third crop,First crop,Second crop,Third crop,First crop,Second crop,Third crop,First crop,Second crop,Third crop,First crop,Second crop,Third crop,First crop,Second crop,Third crop,First crop,Second crop,Third crop,First crop,Second crop,Third crop,First crop,Second crop,Third crop,First crop,Second crop,Third crop,First crop,Second crop,Third crop,First crop,Second crop,Third crop
,(Percent of farmers),,,,,,,,,,,,,,,,,,,,,,,,,,,,,,,,,,,
January,0,0,0,0,0,0,0,0,0,0,0,0,0,0,0,0,0,0,4,0,0,11,0,0,0,0,0,4,0,0,17,0,0,0,0,0
February,0,0,0,0,0,0,0,0,0,0,0,0,0,0,0,0,0,0,0,0,0,0,0,0,0,0,0,0,0,0,0,0,0,0,0,0
March,0,5,0,0,0,0,0,6,0,0,0,0,0,0,0,0,0,0,0,0,0,0,0,0,0,0,0,0,0,0,0,0,0,0,0,0
April,0,0,0,0,0,0,0,0,0,0,0,0,0,0,0,0,0,0,0,4,0,0,0,0,0,6,0,0,4,0,0,0,0,0,5,0
May,0,32,14,0,25,25,0,33,11,0,32,5,0,30,10,0,33,0,0,27,4,0,0,0,0,41,6,0,16,12,0,0,0,0,21,16
June,0,0,55,0,0,50,0,0,56,0,5,45,0,0,40,0,8,50,0,0,58,0,0,100,0,0,35,0,0,68,0,0,100,0,0,58
July,0,0,0,0,0,0,0,0,0,0,0,5,0,0,10,0,0,0,0,0,4,0,0,0,0,0,6,0,0,0,0,0,0,0,0,0
August,0,0,0,0,0,0,0,0,0,0,0,9,0,0,10,0,0,8,0,0,0,0,0,0,0,0,0,0,0,0,0,0,0,0,0,0
September,0,0,0,0,0,0,0,0,0,0,0,0,0,0,0,0,0,0,0,0,4,0,0,0,0,0,6,0,0,4,0,0,0,0,0,5
October,36,0,0,25,0,0,39,0,0,50,0,0,50,0,0,50,0,0,23,0,0,11,0,0,29,0,0,24,0,0,0,0,0,32,0,0
November,41,0,0,25,0,0,44,0,0,41,0,0,30,0,0,50,0,0,46,0,0,33,0,0,53,0,0,64,0,0,83,0,0,58,0,0
December,23,0,0,50,0,0,17,0,0,5,0,0,10,0,0,0,0,0,23,0,0,44,0,0,12,0,0,4,0,0,0,0,0,5,0,0
Not applicable**,0,63,31,0,75,25,0,61,33,4,63,36,10,70,30,0,59,42,4,69,30,1,100,0,6,53,47,4,80,16,0,100,0,5,74,21
Bukidnon,Jul-Dec 2006 harvest,,,,,,,,,Jan-Jun 2007 harvest,,,,,,,,,Jul-Dec 2011 harvest,,,,,,,,,Jan-Jun 2012 harvest,,,,,,,,
Planting Month*,ALL ECOSYSTEMS,,,IRRIGATED,,,NON-IRRIGATED,,,ALL ECOSYSTEMS,,,IRRIGATED,,,NON-IRRIGATED,,,ALL ECOSYSTEMS,,,IRRIGATED,,,NON-IRRIGATED,,,ALL ECOSYSTEMS,,,IRRIGATED,,,NON-IRRIGATED,,
,(n = 48),,,(n = 30),,,(n = 18),,,(n = 48),,,(n = 42),,,(n = 6),,,(n = 86),,,(n = 73),,,(n = 13),,,(n = 77),,,(n = 71),,,(n = 6),,
,First crop,Second crop,Third crop,First crop,Second crop,Third crop,First crop,Second crop,Third crop,First crop,Second crop,Third crop,First crop,Second crop,Third crop,First crop,Second crop,Third crop,First crop,Second crop,Third crop,First crop,Second crop,Third crop,First crop,Second crop,Third crop,First crop,Second crop,Third crop,First crop,Second crop,Third crop,First crop,Second crop,Third crop
,(Percent of farmers),,,,,,,,,,,,,,,,,,,,,,,,,,,,,,,,,,,
January,6,0,0,7,0,0,6,0,0,21,0,0,24,0,0,0,0,0,7,0,0,8,0,0,0,0,0,3,13,0,3,14,0,0,0,0
February,0,4,0,0,3,0,0,6,0,0,2,0,0,2,0,0,0,0,0,13,0,0,15,0,0,0,0,0,4,0,0,4,0,0,0,0
March,0,0,0,0,0,0,0,0,0,0,0,0,0,0,0,0,0,0,0,9,0,0,8,0,0,15,0,0,4,0,0,4,0,0,0,0
April,0,25,0,0,7,0,0,56,0,0,0,0,0,0,0,0,0,0,0,14,0,0,12,0,0,23,0,0,21,0,0,18,0,0,50,0
May,0,13,23,0,20,33,0,0,6,0,33,15,0,38,17,0,0,0,0,16,13,0,15,14,0,23,8,0,5,6,0,6,7,0,0,0
June,0,0,33,0,0,37,0,0,28,0,0,50,0,0,43,0,0,100,0,0,36,0,0,38,0,0,23,0,0,44,0,0,44,0,0,50
July,0,0,4,0,0,3,0,0,6,0,0,2,0,0,2,0,0,0,0,0,9,0,0,8,0,0,15,0,0,12,0,0,13,0,0,0
August,0,0,4,0,0,3,0,0,6,0,0,0,0,0,0,0,0,0,1,0,12,1,0,11,0,0,15,0,0,14,0,0,13,0,0,33
September,0,0,33,0,0,23,0,0,50,0,0,33,0,0,38,0,0,0,3,0,15,4,0,11,0,0,38,5,0,14,6,0,14,0,0,17
October,27,0,0,33,0,0,17,0,0,35,0,0,26,0,0,100,0,0,31,0,0,33,0,0,23,0,0,25,0,0,27,0,0,0,0,0
November,29,0,0,33,0,0,22,0,0,31,0,0,36,0,0,0,0,0,22,0,0,23,0,0,15,0,0,17,0,0,14,0,0,50,0,0
December,6,0,0,10,0,0,0,0,0,0,0,0,0,0,0,0,0,0,12,0,0,14,0,0,0,0,0,13,0,0,14,0,0,0,0,0
Not applicable**,32,58,3,17,70,1,55,38,4,13,65,0,14,60,0,0,100,0,24,48,15,17,50,18,62,39,1,37,53,10,36,54,9,50,50,0
Davao de Oro,Jul-Dec 2006 harvest,,,,,,,,,Jan-Jun 2007 harvest,,,,,,,,,Jul-Dec 2011 harvest,,,,,,,,,Jan-Jun 2012 harvest,,,,,,,,
Planting Month*,ALL ECOSYSTEMS,,,IRRIGATED,,,NON-IRRIGATED,,,ALL ECOSYSTEMS,,,IRRIGATED,,,NON-IRRIGATED,,,ALL ECOSYSTEMS,,,IRRIGATED,,,NON-IRRIGATED,,,ALL ECOSYSTEMS,,,IRRIGATED,,,NON-IRRIGATED,,
,(n = 12),,,(n = 12),,,(n = 0),,,(n = 12),,,(n = 12),,,(n = 0),,,(n = 26),,,(n = 22),,,(n = 4),,,(n = 25),,,(n = 20),,,(n = 5),,
,First crop,Second crop,Third crop,First crop,Second crop,Third crop,First crop,Second crop,Third crop,First crop,Second crop,Third crop,First crop,Second crop,Third crop,First crop,Second crop,Third crop,First crop,Second crop,Third crop,First crop,Second crop,Third crop,First crop,Second crop,Third crop,First crop,Second crop,Third crop,First crop,Second crop,Third crop,First crop,Second crop,Third crop
,(Percent of farmers),,,,,,,,,,,,,,,,,,,,,,,,,,,,,,,,,,,
January,8,0,0,8,0,0,0,0,0,8,0,0,8,0,0,0,0,0,8,0,0,0,0,0,50,0,0,4,0,0,5,0,0,0,0,0
February,0,0,0,0,0,0,0,0,0,0,0,0,0,0,0,0,0,0,0,0,0,0,0,0,0,0,0,0,0,0,0,0,0,0,0,0
March,0,0,0,0,0,0,0,0,0,0,0,0,0,0,0,0,0,0,0,0,0,0,0,0,0,0,0,0,0,0,0,0,0,0,0,0
April,0,0,0,0,0,0,0,0,0,0,0,0,0,0,0,0,0,0,0,0,0,0,0,0,0,0,0,0,0,0,0,0,0,0,0,0
May,0,0,0,0,0,0,0,0,0,0,0,0,0,0,0,0,0,0,0,0,0,0,0,0,0,0,0,0,0,0,0,0,0,0,0,0
June,0,0,83,0,0,83,0,0,0,0,8,67,0,8,67,0,0,0,0,0,92,0,0,95,0,0,75,0,0,96,0,0,95,0,0,100
July,0,0,17,0,0,17,0,0,0,0,0,25,0,0,25,0,0,0,0,0,8,0,0,5,0,0,25,0,0,4,0,0,5,0,0,0
August,0,0,0,0,0,0,0,0,0,0,0,0,0,0,0,0,0,0,0,0,0,0,0,0,0,0,0,0,0,0,0,0,0,0,0,0
September,0,0,0,0,0,0,0,0,0,0,0,0,0,0,0,0,0,0,0,0,0,0,0,0,0,0,0,0,0,0,0,0,0,0,0,0
October,0,0,0,0,0,0,0,0,0,0,0,0,0,0,0,0,0,0,0,0,0,0,0,0,0,0,0,0,0,0,0,0,0,0,0,0
November,17,8,0,17,8,0,0,0,0,17,0,0,17,0,0,0,0,0,0,0,0,0,0,0,0,0,0,0,0,0,0,0,0,0,0,0
December,67,0,0,67,0,0,0,0,0,75,0,0,75,0,0,0,0,0,92,0,0,100,0,0,50,0,0,96,0,0,95,0,0,100,0,0
Not applicable**,8,92,0,8,92,0,100,100,100,0,92,8,0,92,8,100,100,100,0,100,0,0,100,0,0,100,0,0,100,0,0,100,0,0,100,0
Davao del Norte,Jul-Dec 2006 harvest,,,,,,,,,Jan-Jun 2007 harvest,,,,,,,,,Jul-Dec 2011 harvest,,,,,,,,,Jan-Jun 2012 harvest,,,,,,,,
Planting Month*,ALL ECOSYSTEMS,,,IRRIGATED,,,NON-IRRIGATED,,,ALL ECOSYSTEMS,,,IRRIGATED,,,NON-IRRIGATED,,,ALL ECOSYSTEMS,,,IRRIGATED,,,NON-IRRIGATED,,,ALL ECOSYSTEMS,,,IRRIGATED,,,NON-IRRIGATED,,
,(n = 19),,,(n = 19),,,(n = 0),,,(n = 19),,,(n = 19),,,(n = 0),,,(n = 34),,,(n = 34),,,(n = 0),,,(n = 34),,,(n = 34),,,(n = 0),,
,First crop,Second crop,Third crop,First crop,Second crop,Third crop,First crop,Second crop,Third crop,First crop,Second crop,Third crop,First crop,Second crop,Third crop,First crop,Second crop,Third crop,First crop,Second crop,Third crop,First crop,Second crop,Third crop,First crop,Second crop,Third crop,First crop,Second crop,Third crop,First crop,Second crop,Third crop,First crop,Second crop,Third crop
,(Percent of farmers),,,,,,,,,,,,,,,,,,,,,,,,,,,,,,,,,,,
January,0,0,0,0,0,0,0,0,0,0,0,0,0,0,0,0,0,0,15,0,0,15,0,0,0,0,0,0,0,0,0,0,0,0,0,0
February,0,0,0,0,0,0,0,0,0,0,5,0,0,5,0,0,0,0,0,6,0,0,6,0,0,0,0,0,0,0,0,0,0,0,0,0
March,0,11,0,0,11,0,0,0,0,0,0,0,0,0,0,0,0,0,0,0,0,0,0,0,0,0,0,0,0,0,0,0,0,0,0,0
April,0,0,0,0,0,0,0,0,0,0,0,0,0,0,0,0,0,0,0,0,0,0,0,0,0,0,0,0,0,0,0,0,0,0,0,0
May,0,5,11,0,5,11,0,0,0,0,21,0,0,21,0,0,0,0,0,3,0,0,3,0,0,0,0,0,6,12,0,6,12,0,0,0
June,0,0,79,0,0,79,0,0,0,0,0,74,0,0,74,0,0,0,0,0,79,0,0,79,0,0,0,0,0,74,0,0,74,0,0,0
July,0,0,5,0,0,5,0,0,0,0,0,5,0,0,5,0,0,0,0,0,18,0,0,18,0,0,0,0,0,9,0,0,9,0,0,0
August,0,0,0,0,0,0,0,0,0,0,0,0,0,0,0,0,0,0,0,0,0,0,0,0,0,0,0,0,0,0,0,0,0,0,0,0
September,0,0,0,0,0,0,0,0,0,0,0,0,0,0,0,0,0,0,0,0,0,0,0,0,0,0,0,0,0,0,0,0,0,0,0,0
October,0,0,0,0,0,0,0,0,0,0,0,0,0,0,0,0,0,0,0,0,0,0,0,0,0,0,0,0,0,0,0,0,0,0,0,0
November,26,0,0,26,0,0,0,0,0,37,0,0,37,0,0,0,0,0,15,0,0,15,0,0,0,0,0,9,0,0,9,0,0,0,0,0
December,74,0,0,74,0,0,0,0,0,58,0,0,58,0,0,0,0,0,65,0,0,65,0,0,0,0,0,91,0,0,91,0,0,0,0,0
Not applicable**,0,84,5,0,84,5,100,100,100,5,74,21,5,74,21,100,100,100,5,91,3,5,91,3,100,100,100,0,94,5,0,94,5,100,100,100
Davao del Sur,Jul-Dec 2006 harvest,,,,,,,,,Jan-Jun 2007 harvest,,,,,,,,,Jul-Dec 2011 harvest,,,,,,,,,Jan-Jun 2012 harvest,,,,,,,,
Planting Month*,ALL ECOSYSTEMS,,,IRRIGATED,,,NON-IRRIGATED,,,ALL ECOSYSTEMS,,,IRRIGATED,,,NON-IRRIGATED,,,ALL ECOSYSTEMS,,,IRRIGATED,,,NON-IRRIGATED,,,ALL ECOSYSTEMS,,,IRRIGATED,,,NON-IRRIGATED,,
,(n = 32),,,(n = 31),,,(n = 1),,,(n = 32),,,(n = 32),,,(n = 0),,,(n = 60),,,(n = 60),,,(n = 0),,,(n = 60),,,(n = 60),,,(n = 0),,
,First crop,Second crop,Third crop,First crop,Second crop,Third crop,First crop,Second crop,Third crop,First crop,Second crop,Third crop,First crop,Second crop,Third crop,First crop,Second crop,Third crop,First crop,Second crop,Third crop,First crop,Second crop,Third crop,First crop,Second crop,Third crop,First crop,Second crop,Third crop,First crop,Second crop,Third crop,First crop,Second crop,Third crop
,(Percent of farmers),,,,,,,,,,,,,,,,,,,,,,,,,,,,,,,,,,,
January,19,0,0,19,0,0,0,0,0,13,0,0,13,0,0,0,0,0,2,0,0,2,0,0,0,0,0,3,0,0,3,0,0,0,0,0
February,0,6,0,0,6,0,0,0,0,0,9,0,0,9,0,0,0,0,0,3,0,0,3,0,0,0,0,2,0,0,2,0,0,0,0,0
March,0,22,0,0,23,0,0,0,0,0,16,0,0,16,0,0,0,0,0,0,0,0,0,0,0,0,0,0,0,0,0,0,0,0,0,0
April,0,19,0,0,19,0,0,0,0,0,6,0,0,6,0,0,0,0,0,0,0,0,0,0,0,0,0,0,0,0,0,0,0,0,0,0
May,0,25,16,0,26,13,0,0,100,0,19,16,0,19,16,0,0,0,0,20,18,0,20,18,0,0,0,0,10,7,0,10,7,0,0,0
June,0,0,31,0,0,32,0,0,0,0,0,31,0,0,31,0,0,0,0,0,38,0,0,38,0,0,0,0,3,63,0,3,63,0,0,0
July,0,0,9,0,0,10,0,0,0,0,0,22,0,0,22,0,0,0,0,0,28,0,0,28,0,0,0,0,0,13,0,0,13,0,0,0
August,0,0,9,0,0,10,0,0,0,0,0,6,0,0,6,0,0,0,0,0,0,0,0,0,0,0,0,0,0,3,0,0,3,0,0,0
September,0,0,16,0,0,16,0,0,0,0,0,6,0,0,6,0,0,0,0,0,0,0,0,0,0,0,0,0,0,0,0,0,0,0,0,0
October,3,0,0,3,0,0,0,0,0,0,0,0,0,0,0,0,0,0,3,0,0,3,0,0,0,0,0,3,0,2,3,0,2,0,0,0
November,6,0,0,6,0,0,0,0,0,31,0,0,31,0,0,0,0,0,27,0,0,27,0,0,0,0,0,30,0,0,30,0,0,0,0,0
December,56,0,0,55,0,0,100,0,0,41,0,0,41,0,0,0,0,0,67,0,0,67,0,0,0,0,0,62,0,0,62,0,0,0,0,0
Not applicable**,16,28,19,17,26,19,0,100,0,15,50,19,15,50,19,100,100,100,1,77,16,1,77,16,100,100,100,0,87,12,0,87,12,100,100,100
Davao Oriental,Jul-Dec 2006 harvest,,,,,,,,,Jan-Jun 2007 harvest,,,,,,,,,Jul-Dec 2011 harvest,,,,,,,,,Jan-Jun 2012 harvest,,,,,,,,
Planting Month*,ALL ECOSYSTEMS,,,IRRIGATED,,,NON-IRRIGATED,,,ALL ECOSYSTEMS,,,IRRIGATED,,,NON-IRRIGATED,,,ALL ECOSYSTEMS,,,IRRIGATED,,,NON-IRRIGATED,,,ALL ECOSYSTEMS,,,IRRIGATED,,,NON-IRRIGATED,,
,(n = 59),,,(n = 57),,,(n = 2),,,(n = 60),,,(n = 58),,,(n = 2),,,(n = 60),,,(n = 60),,,(n = 0),,,(n = 60),,,(n = 60),,,(n = 0),,
,First crop,Second crop,Third crop,First crop,Second crop,Third crop,First crop,Second crop,Third crop,First crop,Second crop,Third crop,First crop,Second crop,Third crop,First crop,Second crop,Third crop,First crop,Second crop,Third crop,First crop,Second crop,Third crop,First crop,Second crop,Third crop,First crop,Second crop,Third crop,First crop,Second crop,Third crop,First crop,Second crop,Third crop
,(Percent of farmers),,,,,,,,,,,,,,,,,,,,,,,,,,,,,,,,,,,
January,29,2,0,30,2,0,0,0,0,25,0,0,26,0,0,0,0,0,55,0,0,55,0,0,0,0,0,48,0,0,48,0,0,0,0,0
February,0,3,0,0,4,0,0,0,0,0,2,0,0,2,0,0,0,0,0,2,0,0,2,0,0,0,0,0,7,0,0,7,0,0,0,0
March,0,0,0,0,0,0,0,0,0,0,3,0,0,3,0,0,0,0,0,0,0,0,0,0,0,0,0,0,0,0,0,0,0,0,0,0
April,0,0,0,0,0,0,0,0,0,0,0,0,0,0,0,0,0,0,0,2,0,0,2,0,0,0,0,0,0,0,0,0,0,0,0,0
May,0,15,2,0,16,0,0,0,50,0,0,2,0,0,2,0,0,0,0,0,0,0,0,0,0,0,0,0,0,0,0,0,0,0,0,0
June,0,0,42,0,0,42,0,0,50,0,2,47,0,2,48,0,0,0,0,0,72,0,0,72,0,0,0,0,2,23,0,2,23,0,0,0
July,0,0,39,0,0,40,0,0,0,0,0,47,0,0,45,0,0,100,0,0,20,0,0,20,0,0,0,0,0,65,0,0,65,0,0,0
August,0,0,2,0,0,2,0,0,0,0,0,3,0,0,3,0,0,0,0,0,0,0,0,0,0,0,0,0,0,8,0,0,8,0,0,0
September,0,0,0,0,0,0,0,0,0,0,0,0,0,0,0,0,0,0,0,0,0,0,0,0,0,0,0,0,0,2,0,0,2,0,0,0
October,0,0,0,0,0,0,0,0,0,0,0,0,0,0,0,0,0,0,0,0,0,0,0,0,0,0,0,0,0,0,0,0,0,0,0,0
November,7,0,0,5,0,0,50,0,0,0,0,0,0,0,0,0,0,0,0,0,0,0,0,0,0,0,0,2,0,0,2,0,0,0,0,0
December,58,0,0,58,0,0,50,0,0,73,0,0,72,0,0,100,0,0,42,0,0,42,0,0,0,0,0,43,0,0,43,0,0,0,0,0
Not applicable**,6,80,15,7,78,16,0,100,0,2,93,1,2,93,2,0,100,0,3,96,8,3,96,8,100,100,100,7,91,2,7,91,2,100,100,100
North Cotabato,Jul-Dec 2006 harvest,,,,,,,,,Jan-Jun 2007 harvest,,,,,,,,,Jul-Dec 2011 harvest,,,,,,,,,Jan-Jun 2012 harvest,,,,,,,,
Planting Month*,ALL ECOSYSTEMS,,,IRRIGATED,,,NON-IRRIGATED,,,ALL ECOSYSTEMS,,,IRRIGATED,,,NON-IRRIGATED,,,ALL ECOSYSTEMS,,,IRRIGATED,,,NON-IRRIGATED,,,ALL ECOSYSTEMS,,,IRRIGATED,,,NON-IRRIGATED,,
,(n = 41),,,(n = 30),,,(n = 11),,,(n = 40),,,(n = 37),,,(n = 3),,,(n = 86),,,(n = 60),,,(n = 26),,,(n = 68),,,(n = 49),,,(n = 19),,
,First crop,Second crop,Third crop,First crop,Second crop,Third crop,First crop,Second crop,Third crop,First crop,Second crop,Third crop,First crop,Second crop,Third crop,First crop,Second crop,Third crop,First crop,Second crop,Third crop,First crop,Second crop,Third crop,First crop,Second crop,Third crop,First crop,Second crop,Third crop,First crop,Second crop,Third crop,First crop,Second crop,Third crop
,(Percent of farmers),,,,,,,,,,,,,,,,,,,,,,,,,,,,,,,,,,,
January,7,0,0,10,0,0,0,0,0,15,0,0,16,0,0,0,0,0,5,0,0,7,0,0,0,0,0,4,0,0,6,0,0,0,0,0
February,0,10,0,0,13,0,0,0,0,3,0,0,3,0,0,0,0,0,0,9,0,0,13,0,0,0,0,0,6,0,0,6,0,0,5,0
March,0,5,0,0,7,0,0,0,0,0,10,0,0,11,0,0,0,0,0,7,0,0,10,0,0,0,0,0,13,0,0,12,0,0,16,0
April,0,17,0,0,23,0,0,0,0,0,13,0,0,14,0,0,0,0,0,37,0,0,43,0,0,23,0,0,18,0,0,24,0,0,0,0
May,0,24,5,0,33,7,0,0,0,0,20,3,0,22,3,0,0,0,0,15,2,0,5,0,0,38,8,0,12,13,0,14,8,0,5,26
June,0,0,22,0,0,13,0,0,45,0,0,40,0,0,32,0,0,100,0,0,13,0,0,10,0,0,19,0,1,18,0,2,18,0,0,16
July,0,0,22,0,0,13,0,0,45,0,0,25,0,0,27,0,0,0,0,0,17,0,0,22,0,0,8,0,0,28,0,0,20,0,0,47
August,0,0,15,0,0,20,0,0,0,0,0,8,0,0,8,0,0,0,0,0,27,0,0,30,0,0,19,0,0,4,0,0,4,0,0,5
September,0,0,29,0,0,37,0,0,9,3,0,13,3,0,14,0,0,0,0,0,19,0,0,23,0,0,8,15,0,10,20,0,14,0,0,0
October,20,0,0,13,0,0,36,0,0,20,0,0,19,0,0,33,0,0,19,0,0,10,0,0,38,0,0,15,0,0,4,0,0,42,0,0
November,22,0,0,23,0,0,18,0,0,23,0,0,19,0,0,67,0,0,9,0,0,12,0,0,4,0,0,29,0,0,33,0,0,21,0,0
December,10,0,0,13,0,0,0,0,0,10,0,0,11,0,0,0,0,0,10,0,0,13,0,0,4,0,0,16,0,0,16,0,0,16,0,0
Not applicable**,41,44,7,41,24,10,46,100,1,26,57,11,29,53,16,0,100,0,57,32,22,58,29,15,54,39,38,21,50,27,21,42,36,21,74,6
South Cotabato,Jul-Dec 2006 harvest,,,,,,,,,Jan-Jun 2007 harvest,,,,,,,,,Jul-Dec 2011 harvest,,,,,,,,,Jan-Jun 2012 harvest,,,,,,,,
Planting Month*,ALL ECOSYSTEMS,,,IRRIGATED,,,NON-IRRIGATED,,,ALL ECOSYSTEMS,,,IRRIGATED,,,NON-IRRIGATED,,,ALL ECOSYSTEMS,,,IRRIGATED,,,NON-IRRIGATED,,,ALL ECOSYSTEMS,,,IRRIGATED,,,NON-IRRIGATED,,
,(n = 49),,,(n = 40),,,(n = 9),,,(n = 49),,,(n = 48),,,(n = 1),,,(n = 60),,,(n = 51),,,(n = 9),,,(n = 56),,,(n = 47),,,(n = 9),,
,First crop,Second crop,Third crop,First crop,Second crop,Third crop,First crop,Second crop,Third crop,First crop,Second crop,Third crop,First crop,Second crop,Third crop,First crop,Second crop,Third crop,First crop,Second crop,Third crop,First crop,Second crop,Third crop,First crop,Second crop,Third crop,First crop,Second crop,Third crop,First crop,Second crop,Third crop,First crop,Second crop,Third crop
,(Percent of farmers),,,,,,,,,,,,,,,,,,,,,,,,,,,,,,,,,,,
January,12,2,0,13,3,0,11,0,0,4,4,0,4,4,0,0,0,0,23,0,0,27,0,0,0,0,0,16,0,0,19,0,0,0,0,0
February,0,4,0,0,5,0,0,0,0,0,45,0,0,46,0,0,0,0,2,5,0,2,6,0,0,0,0,0,4,0,0,4,0,0,0,0
March,0,4,0,0,5,0,0,0,0,0,0,0,0,0,0,0,0,0,0,17,0,0,20,0,0,0,0,0,13,0,0,15,0,0,0,0
April,0,18,0,0,23,0,0,0,0,0,6,10,0,4,10,0,100,0,0,3,0,0,2,0,0,11,0,0,4,0,0,4,0,0,0,0
May,0,20,16,0,23,20,0,11,0,0,18,39,0,19,40,0,0,0,0,47,0,0,55,0,0,0,0,0,55,0,0,64,0,0,11,0
June,0,2,37,0,0,33,0,11,56,0,0,10,0,0,10,0,0,0,0,8,20,0,8,10,0,11,78,0,5,20,0,6,6,0,0,89
July,0,0,0,0,0,0,0,0,0,0,6,0,0,6,0,0,0,0,0,0,5,0,0,6,0,0,0,0,0,5,0,0,6,0,0,0
August,0,0,10,0,0,8,0,0,22,0,0,8,0,0,8,0,0,0,0,0,12,0,0,14,0,0,0,0,0,13,0,0,15,0,0,0
September,4,0,18,5,0,18,0,0,22,2,0,27,2,0,25,0,0,100,0,0,43,0,0,49,0,0,11,0,0,48,0,0,55,0,0,11
October,55,0,0,60,0,0,33,0,0,47,0,0,48,0,0,0,0,0,30,0,7,22,0,6,78,0,11,32,0,0,23,0,0,78,0,0
November,10,0,0,10,0,0,11,0,0,16,0,0,17,0,0,0,0,0,0,0,0,0,0,0,0,0,0,2,0,0,0,0,0,11,0,0
December,4,2,0,5,0,0,0,11,0,2,0,0,2,0,0,0,0,0,2,0,0,2,0,0,0,0,0,2,0,0,2,0,0,0,0,0
Not applicable**,15,48,19,7,41,21,45,67,0,29,21,6,27,21,7,100,0,0,43,20,13,47,9,15,22,78,0,48,19,14,56,7,18,11,89,0
Sultan Kudarat,Jul-Dec 2006 harvest,,,,,,,,,Jan-Jun 2007 harvest,,,,,,,,,Jul-Dec 2011 harvest,,,,,,,,,Jan-Jun 2012 harvest,,,,,,,,
Planting Month*,ALL ECOSYSTEMS,,,IRRIGATED,,,NON-IRRIGATED,,,ALL ECOSYSTEMS,,,IRRIGATED,,,NON-IRRIGATED,,,ALL ECOSYSTEMS,,,IRRIGATED,,,NON-IRRIGATED,,,ALL ECOSYSTEMS,,,IRRIGATED,,,NON-IRRIGATED,,
,(n = 53),,,(n = 40),,,(n = 13),,,(n = 45),,,(n = 38),,,(n = 7),,,(n = 60),,,(n = 45),,,(n = 15),,,(n = 40),,,(n = 40),,,(n = 0),,
,First crop,Second crop,Third crop,First crop,Second crop,Third crop,First crop,Second crop,Third crop,First crop,Second crop,Third crop,First crop,Second crop,Third crop,First crop,Second crop,Third crop,First crop,Second crop,Third crop,First crop,Second crop,Third crop,First crop,Second crop,Third crop,First crop,Second crop,Third crop,First crop,Second crop,Third crop,First crop,Second crop,Third crop
,(Percent of farmers),,,,,,,,,,,,,,,,,,,,,,,,,,,,,,,,,,,
January,6,0,0,8,0,0,0,0,0,9,2,0,11,3,0,0,0,0,3,2,0,4,2,0,0,0,0,5,0,0,5,0,0,0,0,0
February,0,0,0,0,0,0,0,0,0,0,0,0,0,0,0,0,0,0,0,0,0,0,0,0,0,0,0,0,8,0,0,8,0,0,0,0
March,0,0,0,0,0,0,0,0,0,0,7,0,0,8,0,0,0,0,0,13,0,0,18,0,0,0,0,0,13,0,0,13,0,0,0,0
April,0,15,0,0,13,0,0,23,0,0,13,0,0,16,0,0,0,0,0,2,0,0,2,0,0,0,0,0,5,3,0,5,3,0,0,0
May,0,15,15,0,15,13,0,15,23,0,11,11,0,13,13,0,0,0,0,28,22,0,29,18,0,27,33,0,13,3,0,13,3,0,0,0
June,0,0,40,0,0,48,0,0,15,0,0,36,0,0,34,0,0,57,0,3,27,0,4,27,0,0,27,0,0,55,0,0,55,0,0,0
July,0,0,13,0,0,13,0,0,15,0,0,22,0,0,18,0,0,43,0,0,3,0,0,2,0,0,7,0,0,3,0,0,3,0,0,0
August,0,0,0,0,0,0,0,0,0,0,0,13,0,0,16,0,0,0,0,0,15,0,0,18,0,0,7,0,0,20,0,0,20,0,0,0
September,0,0,21,0,0,15,0,0,38,0,0,2,0,0,3,0,0,0,2,0,8,2,0,11,0,0,0,5,0,0,5,0,0,0,0,0
October,32,0,0,25,0,0,54,0,0,47,0,0,45,0,0,57,0,0,40,0,0,27,0,0,80,0,0,20,0,0,20,0,0,0,0,0
November,42,0,0,55,0,0,0,0,0,36,0,0,37,0,0,43,0,0,30,0,0,36,0,0,13,0,0,50,0,0,50,0,0,0,0,0
December,4,0,0,5,0,0,0,0,0,7,0,0,8,0,0,0,0,0,2,0,0,2,0,0,0,0,0,0,0,0,0,0,0,0,0,0
Not applicable**,16,70,11,7,72,11,46,62,9,1,67,16,0,60,16,0,100,0,23,52,25,29,45,24,7,73,26,20,61,16,20,61,16,100,100,100
Agusan del Norte,Jul-Dec 2006 harvest,,,,,,,,,Jan-Jun 2007 harvest,,,,,,,,,Jul-Dec 2011 harvest,,,,,,,,,Jan-Jun 2012 harvest,,,,,,,,
Planting Month*,ALL ECOSYSTEMS,,,IRRIGATED,,,NON-IRRIGATED,,,ALL ECOSYSTEMS,,,IRRIGATED,,,NON-IRRIGATED,,,ALL ECOSYSTEMS,,,IRRIGATED,,,NON-IRRIGATED,,,ALL ECOSYSTEMS,,,IRRIGATED,,,NON-IRRIGATED,,
,(n = 25),,,(n = 15),,,(n = 10),,,(n = 25),,,(n = 17),,,(n = 8),,,(n = 60),,,(n = 32),,,(n = 28),,,(n = 51),,,(n = 34),,,(n = 17),,
,First crop,Second crop,Third crop,First crop,Second crop,Third crop,First crop,Second crop,Third crop,First crop,Second crop,Third crop,First crop,Second crop,Third crop,First crop,Second crop,Third crop,First crop,Second crop,Third crop,First crop,Second crop,Third crop,First crop,Second crop,Third crop,First crop,Second crop,Third crop,First crop,Second crop,Third crop,First crop,Second crop,Third crop
,(Percent of farmers),,,,,,,,,,,,,,,,,,,,,,,,,,,,,,,,,,,
January,36,12,0,40,13,0,30,10,0,16,32,0,18,35,0,13,25,0,22,5,0,28,6,0,14,4,0,35,2,0,38,0,0,29,6,0
February,4,24,0,7,27,0,0,20,0,0,0,0,0,0,0,0,0,0,2,15,0,3,16,0,0,14,0,0,10,0,0,12,0,0,6,0
March,0,4,0,0,7,0,0,0,0,0,4,0,0,6,0,0,0,0,0,7,0,0,9,0,0,4,0,0,16,0,0,24,0,0,0,0
April,0,4,0,0,0,0,0,10,0,0,12,0,0,18,0,0,0,0,0,8,0,0,6,0,0,11,0,0,0,0,0,0,0,0,0,0
May,0,0,4,0,0,7,0,0,0,0,12,0,0,18,0,0,0,0,0,3,8,0,3,13,0,4,4,0,6,0,0,9,0,0,0,0
June,0,0,12,0,0,20,0,0,0,0,0,8,0,0,0,0,0,25,0,2,23,0,3,16,0,0,32,0,0,25,0,0,24,0,0,29
July,0,0,36,0,0,40,0,0,30,0,0,32,0,0,35,0,0,25,0,0,27,0,0,41,0,0,11,0,0,51,0,0,41,0,0,71
August,0,0,32,0,0,27,0,0,40,0,0,16,0,0,24,0,0,0,0,0,7,0,0,9,0,0,4,0,0,16,0,0,24,0,0,0
September,0,0,8,0,0,7,0,0,10,0,0,20,0,0,29,0,0,0,0,0,5,0,0,6,0,0,4,0,0,8,0,0,12,0,0,0
October,0,0,0,0,0,0,0,0,0,0,0,0,0,0,0,0,0,0,0,0,0,0,0,0,0,0,0,0,0,0,0,0,0,0,0,0
November,0,0,0,0,0,0,0,0,0,0,4,0,0,6,0,0,0,0,8,0,0,16,0,0,0,0,0,2,0,0,3,0,0,0,0,0
December,12,4,0,7,0,0,20,10,0,8,12,0,0,0,0,25,38,0,25,2,0,16,0,0,36,4,0,35,0,0,24,0,0,59,0,0
Not applicable**,48,52,8,46,53,0,50,50,20,76,24,24,82,17,12,62,37,50,43,58,30,37,57,15,50,59,45,28,66,0,35,55,0,12,88,0
Agusan del Sur,Jul-Dec 2006 harvest,,,,,,,,,Jan-Jun 2007 harvest,,,,,,,,,Jul-Dec 2011 harvest,,,,,,,,,Jan-Jun 2012 harvest,,,,,,,,
Planting Month*,ALL ECOSYSTEMS,,,IRRIGATED,,,NON-IRRIGATED,,,ALL ECOSYSTEMS,,,IRRIGATED,,,NON-IRRIGATED,,,ALL ECOSYSTEMS,,,IRRIGATED,,,NON-IRRIGATED,,,ALL ECOSYSTEMS,,,IRRIGATED,,,NON-IRRIGATED,,
,(n = 41),,,(n = 26),,,(n = 15),,,(n = 41),,,(n = 24),,,(n = 17),,,(n = 60),,,(n = 36),,,(n = 24),,,(n = 60),,,(n = 32),,,(n = 28),,
,First crop,Second crop,Third crop,First crop,Second crop,Third crop,First crop,Second crop,Third crop,First crop,Second crop,Third crop,First crop,Second crop,Third crop,First crop,Second crop,Third crop,First crop,Second crop,Third crop,First crop,Second crop,Third crop,First crop,Second crop,Third crop,First crop,Second crop,Third crop,First crop,Second crop,Third crop,First crop,Second crop,Third crop
,(Percent of farmers),,,,,,,,,,,,,,,,,,,,,,,,,,,,,,,,,,,
January,51,0,0,38,0,0,73,0,0,59,10,0,50,13,0,71,6,0,55,7,0,39,6,0,79,8,0,47,2,0,38,0,0,57,4,0
February,0,15,0,0,15,0,0,13,0,0,7,0,0,8,0,0,6,0,0,8,0,0,11,0,0,4,0,0,27,0,0,19,0,0,36,0
March,0,0,0,0,0,0,0,0,0,0,0,0,0,0,0,0,0,0,0,2,0,0,3,0,0,0,0,0,2,0,0,3,0,0,0,0
April,0,0,0,0,0,0,0,0,0,0,0,0,0,0,0,0,0,0,0,0,0,0,0,0,0,0,0,0,0,0,0,0,0,0,0,0
May,0,0,0,0,0,0,0,0,0,0,0,0,0,0,0,0,0,0,0,3,0,0,3,0,0,4,0,0,0,0,0,0,0,0,0,0
June,0,2,37,0,0,31,0,7,47,0,0,22,0,0,25,0,0,18,0,0,55,0,0,50,0,0,63,0,0,17,0,0,19,0,0,14
July,0,0,46,0,0,54,0,0,33,0,0,73,0,0,75,0,0,71,0,0,32,0,0,36,0,0,25,0,0,52,0,0,63,0,0,39
August,0,0,15,0,0,15,0,0,13,0,0,5,0,0,0,0,0,12,0,0,5,0,0,6,0,0,4,0,0,30,0,0,16,0,0,46
September,0,0,0,0,0,0,0,0,0,0,0,0,0,0,0,0,0,0,0,0,2,0,0,3,0,0,0,0,0,0,0,0,0,0,0,0
October,0,0,2,0,0,0,0,0,7,0,0,0,0,0,0,0,0,0,2,0,0,0,0,0,4,0,0,0,0,0,0,0,0,0,0,0
November,0,0,0,0,0,0,0,0,0,0,0,0,0,0,0,0,0,0,0,0,0,0,0,0,0,0,0,0,0,0,0,0,0,0,0,0
December,29,2,0,42,4,0,7,0,0,24,0,0,29,0,0,18,0,0,23,0,0,39,0,0,0,0,0,25,0,0,44,0,0,4,0,0
Not applicable**,20,81,0,20,81,0,20,80,0,17,83,0,21,79,0,11,88,0,20,80,6,22,77,5,17,84,8,28,69,1,18,78,2,39,60,1
Maguindanao,Jul-Dec 2006 harvest,,,,,,,,,Jan-Jun 2007 harvest,,,,,,,,,Jul-Dec 2011 harvest,,,,,,,,,Jan-Jun 2012 harvest,,,,,,,,
Planting Month*,ALL ECOSYSTEMS,,,IRRIGATED,,,NON-IRRIGATED,,,ALL ECOSYSTEMS,,,IRRIGATED,,,NON-IRRIGATED,,,ALL ECOSYSTEMS,,,IRRIGATED,,,NON-IRRIGATED,,,ALL ECOSYSTEMS,,,IRRIGATED,,,NON-IRRIGATED,,
,(n = 37),,,(n = 23),,,(n = 14),,,(n = 37),,,(n = 37),,,(n = 0),,,(n = 77),,,(n = 58),,,(n = 19),,,(n = 34),,,(n = 31),,,(n = 3),,
,First crop,Second crop,Third crop,First crop,Second crop,Third crop,First crop,Second crop,Third crop,First crop,Second crop,Third crop,First crop,Second crop,Third crop,First crop,Second crop,Third crop,First crop,Second crop,Third crop,First crop,Second crop,Third crop,First crop,Second crop,Third crop,First crop,Second crop,Third crop,First crop,Second crop,Third crop,First crop,Second crop,Third crop
,(Percent of farmers),,,,,,,,,,,,,,,,,,,,,,,,,,,,,,,,,,,
January,16,0,3,17,0,0,14,0,7,32,0,0,32,0,0,0,0,0,1,0,0,0,0,0,5,0,0,3,0,0,3,0,0,0,0,0
February,5,0,0,9,0,0,0,0,0,0,0,0,0,0,0,0,0,0,0,0,0,0,0,0,0,0,0,0,0,0,0,0,0,0,0,0
March,0,0,0,0,0,0,0,0,0,0,11,0,0,11,0,0,0,0,0,12,0,0,14,0,0,5,0,0,21,0,0,19,0,0,33,0
April,0,0,0,0,0,0,0,0,0,0,0,0,0,0,0,0,0,0,0,0,0,0,0,0,0,0,0,0,6,0,0,6,0,0,0,0
May,0,51,3,0,61,4,0,36,0,0,38,0,0,38,0,0,0,0,0,1,0,0,2,0,0,0,0,0,3,0,0,3,0,0,0,0
June,0,0,41,0,0,43,0,0,36,0,0,51,0,0,51,0,0,0,0,1,44,0,2,55,0,0,11,0,0,56,0,0,61,0,0,0
July,0,0,11,0,0,4,0,0,21,0,0,8,0,0,8,0,0,0,0,0,32,0,0,19,0,0,74,0,0,15,0,0,10,0,0,67
August,0,3,19,0,4,22,0,0,14,0,0,3,0,0,3,0,0,0,0,0,18,0,0,22,0,0,5,0,0,21,0,0,19,0,0,33
September,0,0,16,0,0,17,0,0,14,0,0,32,0,0,32,0,0,0,0,0,3,0,0,0,0,0,11,0,0,6,0,0,6,0,0,0
October,3,0,0,4,0,0,0,0,0,5,0,0,5,0,0,0,0,0,0,0,0,0,0,0,0,0,0,0,0,0,0,0,0,0,0,0
November,22,0,0,30,0,0,7,0,0,19,0,0,19,0,0,0,0,0,45,0,0,60,0,0,0,0,0,59,0,0,61,0,0,33,0,0
December,8,0,0,9,0,0,7,0,0,19,0,0,19,0,0,0,0,0,13,0,0,5,0,0,37,0,0,12,0,0,10,0,0,33,0,0
Not applicable**,46,46,7,31,35,10,72,64,8,25,51,6,25,51,6,100,100,100,41,86,3,35,82,4,58,95,0,26,70,2,26,72,4,34,67,0
