Philippines,Jul-Dec 2006 harvest,,,Jan-Jun 2007 harvest,,,Jul-Dec 2011 harvest,,,Jan-Jun 2012 harvest,,
Active Ingredients*,ALL ECOSYSTEMS,IRRIGATED,NON-IRRIGATED,ALL ECOSYSTEMS,IRRIGATED,NON-IRRIGATED,ALL ECOSYSTEMS,IRRIGATED,NON-IRRIGATED,ALL ECOSYSTEMS,IRRIGATED,NON-IRRIGATED
,"(n = 1,662)","(n = 1,208)",(n = 454),"(n = 1,250)","(n = 1,036)",(n = 214),"(n = 2,295)","(n = 1,786)",(n = 509),"(n = 1,928)","(n = 1,560)",(n = 368)
,(Percent of farmers),,,,,,,,,,,
Herbicides,,,,,,,,,,,,
"2,4-D IBE",--,--,--,--,--,--,23.27,21.44,29.67,22.51,21.15,28.26
Butachlor,--,--,--,--,--,--,11.9,12.32,10.41,15.66,15.38,16.85
Butachlor + propanil,--,--,--,0.08,0.1,--,13.2,14.17,9.82,13.23,14.23,8.97
Bispyribac sodium,--,--,--,--,--,--,14.64,15.01,13.36,10.43,11.09,7.61
"Butachlor + 2,4-D IBE",--,--,--,--,--,--,8.41,7.95,10.02,9.02,8.97,9.24
Pretilachlor,--,--,--,--,--,--,9.02,9.35,7.86,8.61,8.78,7.88
Oxadiazon,--,--,--,--,--,--,2.92,2.18,5.5,2.49,1.6,6.25
Butachlor + safener,--,--,--,--,--,--,2.79,3.08,1.77,2.96,3.27,1.63
Cyhalofop butyl,--,--,--,--,--,--,2.05,2.07,1.96,2.18,1.86,3.53
Fenoxaprop p-ethyl,--,--,--,--,--,--,3.27,3.19,3.54,1.24,1.35,0.82
Pyribenzoxim,--,--,--,--,--,--,2.09,2.24,1.57,2.75,3.14,1.09
MCPA,--,--,--,--,--,--,1.66,1.46,2.36,1.19,1.28,0.82
Glyphosate IPA,0.18,0.25,--,--,--,--,1.61,1.74,1.18,0.83,0.96,0.27
"2,4-Damine",--,--,--,0.08,0.1,--,0.87,0.62,1.77,0.88,0.83,1.09
Metsulfuron methyl +,0.06,--,0.22,--,--,--,1,1.18,0.39,1.24,1.41,0.54
Insecticides,,,,,,,,,,,,
Cypermethrin,46.75,44.37,53.08,65.36,64.38,70.56,62.48,61.03,67.58,58.09,57.24,61.68
Lambdacyhalothrin,14.2,13.08,17.18,14.64,12.36,25.7,20.78,19.15,26.52,8.97,8.27,11.96
Chlorpyrifos + BPMC,9.15,10.43,5.73,11.92,12.84,7.48,13.99,15.34,9.23,11.57,12.5,7.61
Betacypermethrin,5.29,5.38,5.07,6.4,6.37,6.54,7.36,7.61,6.48,6.95,7.12,6.25
Cartap hydrochloride,3.07,3.15,2.86,4.8,5.31,2.34,6.8,7.45,4.52,7.42,7.44,7.34
Deltamethrin,3.79,4.55,1.76,4.16,4.54,2.34,4.1,4.2,3.73,4.2,3.59,6.79
Methomyl,1.02,1.24,0.44,1.36,1.16,2.34,4.84,4.26,6.88,6.38,6.35,6.52
Imazalil,15.64,18.29,8.59,--,--,--,--,--,--,--,--,--
Phentoate + BPMC,2.29,2.32,2.2,2.8,3.28,0.47,5.4,5.77,4.13,3.58,3.53,3.8
Chlorpyrifos,3.31,4.06,1.32,3.68,3.96,2.8,3.62,3.98,2.36,2.13,2.12,2.17
Carbofuran,1.93,1.99,1.76,2.64,2.99,0.93,2.7,2.69,2.75,3.27,3.65,1.63
Diazinon,2.05,1.41,3.74,2.4,2.51,2.34,2.31,2.35,2.16,2.18,2.12,2.45
Betacyfluthrin,2.59,3.31,0.66,2.8,3.38,--,2.22,2.3,1.96,2.23,2.37,1.63
Ethofenprox,2.17,2.81,0.44,2.8,3.19,0.93,2.09,2.52,0.59,0.93,1.15,--
Imidacloprid+beta+cyfluthrin,--,--,--,--,--,--,2.61,2.91,1.57,3.27,3.4,2.72
Malathion,0.6,0.58,0.66,0.96,0.97,0.93,1.92,2.13,1.18,1.61,1.35,2.72
BPMC,1.68,1.99,0.88,1.76,2.03,0.47,0.78,0.9,0.39,1.19,1.41,0.27
MIPC,0.96,0.91,1.1,1.52,1.83,--,1.35,1.34,1.38,1.24,1.41,0.54
Fipronil,0.18,--,0.66,1.12,1.35,--,1.35,1.68,0.2,1.61,1.92,0.27
Chlorpyrifos + cypermthrin,1.2,1.41,0.66,0.96,0.97,0.93,0.52,0.34,1.18,0.47,0.51,0.27
Isoprocarb,0.72,0.83,0.44,0.64,0.77,--,1.09,1.23,0.59,1.35,1.67,--
Endosulfan,0.6,0.75,0.22,0.48,0.39,0.93,0.87,0.62,1.77,0.83,0.9,0.54
Thiamethoxam,--,--,--,1.92,2.32,--,1,1.12,0.59,0.47,0.45,0.54
Molluscicides,,,,,,,,,,,,
Niclosamide ethanolamine salt,5.66,6.13,4.41,17.44,17.86,15.42,--,--,--,21.06,22.12,16.58
Niclosamide,15.16,17.72,8.37,4.32,5.02,0.93,--,--,--,17.32,17.82,15.22
Metaldehyde,7.28,7.53,6.61,11.44,12.64,5.61,--,--,--,15.98,15.58,17.66
Rodenticides,,,,,,,,,,,,
Zinc phosphide,8.24,8.2,8.37,9.2,8.98,10.28,13.16,11.76,18.07,17.22,15.77,23.37
Coumatetralyl,2.11,2.24,1.76,3.28,3.57,1.87,4.05,3.75,5.11,3.32,3.14,4.08
Fungicide,,,,,,,,,,,,
Copper hydroxide,1.81,1.9,1.54,1.52,1.64,0.93,4.4,4.7,3.34,1.82,1.99,1.09
Mancozeb,1.56,1.82,0.88,2,1.93,2.34,3.62,3.92,2.55,2.02,2.37,0.54
Thiophanate methyl,0.54,0.41,0.88,2.16,2.32,1.4,3.01,3.53,1.18,2.02,2.37,0.54
Difenoconazole + propiconazole,--,--,--,0.16,0.19,--,2.7,2.86,2.16,2.85,2.82,2.99
Chlorothalonil,0.96,1.24,0.22,0.88,1.06,--,0.61,0.78,--,0.88,1.09,--
Ilocos Norte,Jul-Dec 2006 harvest,,,Jan-Jun 2007 harvest,,,Jul-Dec 2011 harvest,,,Jan-Jun 2012 harvest,,
Active Ingredients*,ALL ECOSYSTEMS,IRRIGATED,NON-IRRIGATED,ALL ECOSYSTEMS,IRRIGATED,NON-IRRIGATED,ALL ECOSYSTEMS,IRRIGATED,NON-IRRIGATED,ALL ECOSYSTEMS,IRRIGATED,NON-IRRIGATED
,(n = 29),(n = 24),(n = 5),(n = 10),(n = 9),(n = 1),(n = 53),(n = 50),(n = 3),(n = 17),(n = 17),(n = 0)
,(Percent of farmers),,,,,,,,,,,
Insecticides,,,,,,,,,,,,
Chlorpyrifos + BPMC,37.93,37.5,40,40,44.44,--,33.96,34,33.33,29.41,29.41,--
Cypermethrin,20.69,25,--,30,22.22,100,26.42,26,33.33,5.88,5.88,--
Lambdacyhalothrin,20.69,20.83,20,20,22.22,--,7.55,8,--,29.41,29.41,--
Methomyl,10.34,8.33,20,--,--,--,1.89,2,--,5.88,5.88,--
Carbaryl,3.45,--,20,--,--,--,--,--,--,--,--,--
Carbofuran,--,--,--,10,11.11,--,--,--,--,--,--,--
Molluscicides,,,,,,,,,,,,
Niclosamide,3.45,4.17,--,10,11.11,--,--,--,--,29.41,29.41,--
Niclosamide ethanolamine salt,--,--,--,--,--,--,--,--,--,11.76,11.76,--
Rodenticides,,,,,,,,,,,,
Coumatetralyl,6.9,4.17,20,--,--,--,--,--,--,5.88,5.88,--
Herbicides,,,,,,,,,,,,
Bispyribac sodium,--,--,--,--,--,--,20.75,22,--,--,--,--
"2,4-D IBE",--,--,--,--,--,--,7.55,8,--,5.88,5.88,--
Pangasinan,Jul-Dec 2006 harvest,,,Jan-Jun 2007 harvest,,,Jul-Dec 2011 harvest,,,Jan-Jun 2012 harvest,,
Active Ingredients*,ALL ECOSYSTEMS,IRRIGATED,NON-IRRIGATED,ALL ECOSYSTEMS,IRRIGATED,NON-IRRIGATED,ALL ECOSYSTEMS,IRRIGATED,NON-IRRIGATED,ALL ECOSYSTEMS,IRRIGATED,NON-IRRIGATED
,(n = 111),(n = 83),(n = 28),(n = 67),(n = 67),(n = 0),(n = 136),(n = 115),(n = 21),(n = 82),(n = 81),(n = 1)
,(Percent of farmers),,,,,,,,,,,
Insecticides,,,,,,,,,,,,
Cypermethrin,39.64,39.76,39.29,40.3,40.3,--,34.56,39.13,9.52,41.46,41.98,--
Chlorpyrifos + BPMC,13.51,16.87,3.57,26.87,26.87,--,26.47,26.96,23.81,12.2,12.35,--
Betacypermethrin,14.41,14.46,14.29,19.4,19.4,--,8.09,8.7,4.76,21.95,22.22,--
Imidacloprid+beta+cyfluthrin,--,--,--,--,--,--,4.41,5.22,--,4.88,3.7,100
Lambdacyhalothrin,9.91,12.05,3.57,4.48,4.48,--,5.88,5.22,9.52,3.66,3.7,--
Methomyl,4.5,4.82,3.57,1.49,1.49,--,5.15,6.09,--,2.44,2.47,--
Carbofuran,6.31,1.2,21.43,--,--,--,--,--,--,1.22,1.23,--
Fenvalerate,6.31,6.02,7.14,2.99,2.99,--,--,--,--,--,--,--
Chlorpyrifos,--,--,--,--,--,--,4.41,2.61,14.29,1.22,1.23,--
Deltamethrin,5.41,7.23,--,2.99,2.99,--,1.47,1.74,--,--,--,--
Esfenvalerate,0.9,--,3.57,--,--,--,1.47,0.87,4.76,2.44,2.47,--
Fipronil,2.7,--,10.71,--,--,--,0.74,0.87,--,--,--,--
Cartap hydrochloride,0.9,1.2,--,1.49,1.49,--,1.47,1.74,--,2.44,2.47,--
Phentoate + BPMC,--,--,--,--,--,--,5.88,6.96,--,--,--,--
Propineb,3.6,3.61,3.57,--,--,--,--,--,--,--,--,--
Thiamethoxam,--,--,--,2.99,2.99,--,1.47,1.74,--,--,--,--
Diazinon,1.8,1.2,3.57,--,--,--,--,--,--,--,--,--
Molluscicides,,,,,,,,,,,,
Niclosamide ethanolamine salt,3.6,4.82,--,13.43,13.43,--,--,--,--,53.66,53.09,100
Metaldehyde,9.01,10.84,3.57,16.42,16.42,--,--,--,--,8.54,8.64,--
Niclosamide,1.8,2.41,--,1.49,1.49,--,--,--,--,2.44,2.47,--
Rodenticides,,,,,,,,,,,,
Coumatetralyl,--,--,--,13.43,13.43,--,1.47,0.87,4.76,--,--,--
Zinc phosphide,--,--,--,--,--,--,0.74,0.87,--,9.76,9.88,--
Warfarin,5.41,7.23,--,--,--,--,--,--,--,--,--,--
Fungicide,,,,,,,,,,,,
Copper hydroxide,2.7,3.61,--,2.99,2.99,--,4.41,3.48,9.52,--,--,--
Mancozeb,0.9,1.2,--,--,--,--,4.41,3.48,9.52,1.22,1.23,--
Thiodiazole copper,1.8,2.41,--,2.99,2.99,--,--,--,--,--,--,--
Thiophanate methyl,--,--,--,--,--,--,2.94,3.48,--,--,--,--
Propineb,--,--,--,--,--,--,2.94,3.48,--,--,--,--
Herbicides,,,,,,,,,,,,
"2,4-D IBE",--,--,--,--,--,--,41.18,40,47.62,26.83,27.16,--
Butachlor + propanil,--,--,--,--,--,--,0.74,0.87,--,1.22,--,100
Bispyribac sodium,--,--,--,--,--,--,13.24,13.04,14.29,12.2,12.35,--
Butachlor,--,--,--,--,--,--,10.29,12.17,--,10.98,11.11,--
Pyribenzoxim,--,--,--,--,--,--,2.21,1.74,4.76,6.1,6.17,--
MCPA,--,--,--,--,--,--,2.21,1.74,4.76,--,--,--
Fenoxaprop p-ethyl,--,--,--,--,--,--,2.21,2.61,--,1.22,1.23,--
Cagayan,Jul-Dec 2006 harvest,,,Jan-Jun 2007 harvest,,,Jul-Dec 2011 harvest,,,Jan-Jun 2012 harvest,,
Active Ingredients*,ALL ECOSYSTEMS,IRRIGATED,NON-IRRIGATED,ALL ECOSYSTEMS,IRRIGATED,NON-IRRIGATED,ALL ECOSYSTEMS,IRRIGATED,NON-IRRIGATED,ALL ECOSYSTEMS,IRRIGATED,NON-IRRIGATED
,(n = 100),(n = 77),(n = 23),(n = 94),(n = 68),(n = 26),(n = 111),(n = 87),(n = 24),(n = 110),(n = 86),(n = 24)
,(Percent of farmers),,,,,,,,,,,
Insecticides,,,,,,,,,,,,
Cypermethrin,54,50.65,65.22,80.85,75,96.15,80.18,78.16,87.5,83.64,80.23,95.83
Lambdacyhalothrin,10,12.99,--,15.96,22.06,--,16.22,19.54,4.17,4.55,5.81,--
Chlorpyrifos + BPMC,3,3.9,--,4.26,2.94,7.69,5.41,4.6,8.33,6.36,4.65,12.5
Chlorpyrifos,1,1.3,--,--,--,--,1.8,--,8.33,3.64,4.65,--
Deltamethrin,1,1.3,--,1.06,1.47,--,5.41,6.9,--,0.91,1.16,--
Imidacloprid+beta+cyfluthrin,--,--,--,--,--,--,3.6,3.45,4.17,1.82,2.33,--
Malathion,--,--,--,1.06,--,3.85,0.9,--,4.17,0.91,--,4.17
Chlorpyrifos + cypermthrin,2,2.6,--,2.13,2.94,--,0.9,1.15,--,0.91,1.16,--
Carbofuran,1,1.3,--,--,--,--,1.8,2.3,--,1.82,2.33,--
Methomyl,1,1.3,--,--,--,--,0.9,1.15,--,0.91,--,4.17
Betacypermethrin,--,--,--,--,--,--,1.8,2.3,--,1.82,2.33,--
Chlorantrailiprole,--,--,--,--,--,--,1.8,1.15,4.17,--,--,--
Molluscicides,,,,,,,,,,,,
Niclosamide,60,66.23,39.13,5.32,7.35,--,--,--,--,71.82,74.42,62.5
Niclosamide ethanolamine salt,16,10.39,34.78,36.17,35.29,38.46,--,--,--,24.55,22.09,33.33
Metaldehyde,2,--,8.7,1.06,--,3.85,--,--,--,1.82,2.33,--
Rodenticides,,,,,,,,,,,,
Zinc phosphide,3,3.9,--,2.13,2.94,--,0.9,--,4.17,4.55,5.81,--
Coumatetralyl,1,1.3,--,--,--,--,4.5,4.6,4.17,3.64,3.49,4.17
Fungicide,,,,,,,,,,,,
Thiophanate methyl,--,--,--,1.06,1.47,--,0.9,--,4.17,--,--,--
Mancozeb,2,2.6,--,--,--,--,--,--,--,0.91,1.16,--
Herbicides,,,,,,,,,,,,
"2,4-D IBE",--,--,--,--,--,--,14.41,13.79,16.67,20,18.6,25
Pretilachlor,--,--,--,--,--,--,18.02,17.24,20.83,15.45,18.6,4.17
Butachlor,--,--,--,--,--,--,13.51,13.79,12.5,13.64,15.12,8.33
Metsulfuron methyl +,--,--,--,--,--,--,1.8,2.3,--,1.82,1.16,4.17
Butachlor + propanil,--,--,--,--,--,--,1.8,2.3,--,0.91,1.16,--
Butachlor + safener,--,--,--,--,--,--,2.7,3.45,--,--,--,--
Isabela,Jul-Dec 2006 harvest,,,Jan-Jun 2007 harvest,,,Jul-Dec 2011 harvest,,,Jan-Jun 2012 harvest,,
Active Ingredients*,ALL ECOSYSTEMS,IRRIGATED,NON-IRRIGATED,ALL ECOSYSTEMS,IRRIGATED,NON-IRRIGATED,ALL ECOSYSTEMS,IRRIGATED,NON-IRRIGATED,ALL ECOSYSTEMS,IRRIGATED,NON-IRRIGATED
,(n = 79),(n = 64),(n = 15),(n = 79),(n = 66),(n = 13),(n = 115),(n = 91),(n = 24),(n = 113),(n = 89),(n = 24)
,(Percent of farmers),,,,,,,,,,,
Herbicides,,,,,,,,,,,,
Butachlor,--,--,--,--,--,--,29.57,25.27,45.83,26.55,26.97,25
"2,4-D IBE",--,--,--,--,--,--,16.52,20.88,--,28.32,23.6,45.83
Bispyribac sodium,--,--,--,--,--,--,16.52,18.68,8.33,16.81,19.1,8.33
Pretilachlor,--,--,--,--,--,--,9.57,9.89,8.33,13.27,12.36,16.67
Butachlor + safener,--,--,--,--,--,--,13.04,10.99,20.83,8.85,10.11,4.17
"Butachlor + 2,4-D IBE",--,--,--,--,--,--,4.35,5.49,--,7.96,10.11,--
Bensulfuron methyl,--,--,--,--,--,--,5.22,5.49,4.17,3.54,4.49,--
Butachlor + propanil,--,--,--,--,--,--,3.48,4.4,--,5.31,6.74,--
Metsulfuron methyl +,1.27,--,6.67,--,--,--,1.74,2.2,--,2.65,3.37,--
Pyribenzoxim,--,--,--,--,--,--,1.74,2.2,--,2.65,3.37,--
Cyhalofop butyl,--,--,--,--,--,--,--,--,--,3.54,4.49,--
Insecticides,,,,,,,,,,,,
Cypermethrin,49.37,48.44,53.33,59.49,56.06,76.92,40,45.05,20.83,37.17,38.2,33.33
Lambdacyhalothrin,13.92,7.81,40,8.86,7.58,15.38,18.26,10.99,45.83,10.62,7.87,20.83
Betacypermethrin,13.92,15.63,6.67,6.33,6.06,7.69,18.26,20.88,8.33,16.81,16.85,16.67
Phentoate + BPMC,8.86,9.38,6.67,3.8,4.55,--,18.26,17.58,20.83,16.81,12.36,33.33
Isoprocarb,5.06,6.25,--,1.27,1.52,--,6.96,8.79,--,8.85,11.24,--
Chlorpyrifos + cypermthrin,3.8,3.13,6.67,3.8,3.03,7.69,2.61,2.2,4.17,3.54,3.37,4.17
Carbofuran,6.33,6.25,6.67,2.53,3.03,--,0.87,1.1,--,4.42,5.62,--
Methomyl,5.06,6.25,--,3.8,4.55,--,2.61,3.3,--,0.88,1.12,--
Chlorpyrifos,2.53,3.13,--,2.53,3.03,--,1.74,2.2,--,1.77,2.25,--
Chlorpyrifos + BPMC,5.06,6.25,--,1.27,1.52,--,--,--,--,1.77,2.25,--
Triazophos,2.53,1.56,6.67,1.27,1.52,--,0.87,1.1,--,--,--,--
BPMC,2.53,3.13,--,2.53,3.03,--,--,--,--,--,--,--
Cartap hydrochloride,2.53,3.13,--,1.27,1.52,--,--,--,--,0.88,1.12,--
Betacyfluthrin,1.27,1.56,--,1.27,1.52,--,0.87,1.1,--,0.88,1.12,--
Methamidophos,1.27,1.56,--,2.53,3.03,--,--,--,--,--,--,--
Fipronil,--,--,--,1.27,1.52,--,0.87,1.1,--,0.88,1.12,--
Molluscicides,,,,,,,,,,,,
Niclosamide ethanolamine salt,39.24,43.75,20,37.97,37.88,38.46,--,--,--,62.83,69.66,37.5
Niclosamide,43.04,42.19,46.67,15.19,18.18,--,--,--,--,18.58,16.85,25
Metaldehyde,17.72,14.06,33.33,21.52,18.18,38.46,--,--,--,22.12,20.22,29.17
Rodenticides,,,,,,,,,,,,
Coumatetralyl,16.46,18.75,6.67,11.39,12.12,7.69,13.91,9.89,29.17,17.7,17.98,16.67
Zinc phosphide,6.33,6.25,6.67,8.86,10.61,--,4.35,5.49,--,24.78,26.97,16.67
Fungicide,,,,,,,,,,,,
Copper hydroxide,8.86,10.94,--,10.13,12.12,--,8.7,10.99,--,1.77,2.25,--
Difenoconazole + propiconazole,--,--,--,--,--,--,10.43,13.19,--,7.96,10.11,--
Thiophanate methyl,--,--,--,--,--,--,3.48,4.4,--,4.42,5.62,--
Edifenphos,1.27,1.56,--,1.27,--,7.69,1.74,2.2,--,--,--,--
Benomyl,1.27,1.56,--,1.27,1.52,--,0.87,1.1,--,--,--,--
Aurora,Jul-Dec 2006 harvest,,,Jan-Jun 2007 harvest,,,Jul-Dec 2011 harvest,,,Jan-Jun 2012 harvest,,
Active Ingredients*,ALL ECOSYSTEMS,IRRIGATED,NON-IRRIGATED,ALL ECOSYSTEMS,IRRIGATED,NON-IRRIGATED,ALL ECOSYSTEMS,IRRIGATED,NON-IRRIGATED,ALL ECOSYSTEMS,IRRIGATED,NON-IRRIGATED
,(n = 55),(n = 53),(n = 2),(n = 46),(n = 45),(n = 1),(n = 59),(n = 55),(n = 4),(n = 55),(n = 53),(n = 2)
,(Percent of farmers),,,,,,,,,,,
Herbicides,,,,,,,,,,,,
Bispyribac sodium,--,--,--,--,--,--,59.32,58.18,75,78.18,77.36,100
Butachlor,--,--,--,--,--,--,1.69,1.82,--,40,39.62,50
Pretilachlor,--,--,--,--,--,--,25.42,27.27,--,14.55,13.21,50
Butachlor + safener,--,--,--,--,--,--,22.03,20,50,12.73,13.21,--
MCPA,--,--,--,--,--,--,5.08,3.64,25,10.91,9.43,50
Butachlor + propanil,--,--,--,--,--,--,10.17,9.09,25,5.45,5.66,--
"2,4-D IBE",--,--,--,--,--,--,8.47,9.09,--,18.18,18.87,--
Cyhalofop butyl,--,--,--,--,--,--,3.39,1.82,25,9.09,9.43,--
Imazalil,9.09,9.43,--,--,--,--,--,--,--,--,--,--
Fenoxaprop p-ethyl,--,--,--,--,--,--,8.47,9.09,--,--,--,--
Pyribenzoxim,--,--,--,--,--,--,--,--,--,5.45,5.66,--
Insecticides,,,,,,,,,,,,
Cypermethrin,52.73,50.94,100,54.35,53.33,100,38.98,41.82,--,30.91,32.08,--
Betacyfluthrin,10.91,9.43,50,10.87,11.11,--,18.64,14.55,75,18.18,16.98,50
Methomyl,3.64,3.77,--,6.52,6.67,--,25.42,23.64,50,38.18,39.62,--
Chlorpyrifos + BPMC,3.64,3.77,--,4.35,2.22,100,5.08,5.45,--,10.91,9.43,50
Deltamethrin,14.55,15.09,--,19.57,20,--,20.34,18.18,50,7.27,7.55,--
Lambdacyhalothrin,--,--,--,4.35,4.44,--,25.42,25.45,25,14.55,15.09,--
Chlorpyrifos,9.09,9.43,--,--,--,--,18.64,18.18,25,--,--,--
Phentoate + BPMC,7.27,7.55,--,13.04,13.33,--,10.17,10.91,--,3.64,3.77,--
Carbofuran,--,--,--,--,--,--,5.08,3.64,25,7.27,7.55,--
Cartap hydrochloride,--,--,--,--,--,--,3.39,3.64,--,9.09,9.43,--
Betacypermethrin,1.82,1.89,--,2.17,2.22,--,--,--,--,3.64,3.77,--
Imidacloprid+beta+cyfluthrin,--,--,--,--,--,--,--,--,--,7.27,7.55,--
Unidentified,--,--,--,--,--,--,6.78,7.27,--,--,--,--
BPMC,1.82,1.89,--,2.17,2.22,--,--,--,--,1.82,1.89,--
Esfenvalerate,1.82,1.89,--,2.17,2.22,--,--,--,--,1.82,1.89,--
Imazalil,5.45,5.66,--,--,--,--,--,--,--,--,--,--
MIPC,--,--,--,--,--,--,1.69,1.82,--,3.64,3.77,--
Chlorpyrifos + cypermthrin,--,--,--,4.35,4.44,--,--,--,--,--,--,--
Malathion,--,--,--,--,--,--,1.69,1.82,--,1.82,1.89,--
Diazinon,--,--,--,--,--,--,3.39,3.64,--,--,--,--
Molluscicides,,,,,,,,,,,,
Metaldehyde,9.09,9.43,--,19.57,20,--,--,--,--,45.45,43.4,100
Niclosamide,7.27,7.55,--,4.35,4.44,--,--,--,--,14.55,15.09,--
Imazalil,1.82,--,50,--,--,--,--,--,--,--,--,--
Niclosamide ethanolamine salt,1.82,1.89,--,2.17,2.22,--,--,--,--,3.64,3.77,--
Rodenticides,,,,,,,,,,,,
Zinc phosphide,5.45,3.77,50,--,--,--,1.69,1.82,--,3.64,3.77,--
Coumatetralyl,1.82,1.89,--,--,--,--,3.39,3.64,--,--,--,--
Fungicide,,,,,,,,,,,,
Thiophanate methyl,--,--,--,--,--,--,22.03,20,50,--,--,--
Mancozeb,--,--,--,--,--,--,8.47,7.27,25,5.45,5.66,--
Copper hydroxide,--,--,--,--,--,--,8.47,9.09,--,3.64,3.77,--
Edifenphos,1.82,1.89,--,4.35,4.44,--,--,--,--,1.82,1.89,--
Difenoconazole + propiconazole,--,--,--,--,--,--,1.69,1.82,--,5.45,5.66,--
Imazalil,5.45,5.66,--,--,--,--,--,--,--,--,--,--
Isoprothiolane,--,--,--,--,--,--,5.08,5.45,--,--,--,--
Hexaconazole,--,--,--,--,--,--,1.69,1.82,--,1.82,1.89,--
Dimethomorph + mancozeb,--,--,--,--,--,--,3.39,3.64,--,--,--,--
Copper oxychloride,--,--,--,--,--,--,3.39,3.64,--,--,--,--
Captan,--,--,--,--,--,--,3.39,3.64,--,--,--,--
Bulacan,Jul-Dec 2006 harvest,,,Jan-Jun 2007 harvest,,,Jul-Dec 2011 harvest,,,Jan-Jun 2012 harvest,,
Active Ingredients*,ALL ECOSYSTEMS,IRRIGATED,NON-IRRIGATED,ALL ECOSYSTEMS,IRRIGATED,NON-IRRIGATED,ALL ECOSYSTEMS,IRRIGATED,NON-IRRIGATED,ALL ECOSYSTEMS,IRRIGATED,NON-IRRIGATED
,(n = 56),(n = 27),(n = 29),(n = 22),(n = 22),(n = 0),(n = 79),(n = 43),(n = 36),(n = 37),(n = 37),(n = 0)
,(Percent of farmers),,,,,,,,,,,
Insecticides,,,,,,,,,,,,
Cypermethrin,25,18.52,31.03,45.45,45.45,--,53.16,58.14,47.22,37.84,37.84,--
Chlorpyrifos + BPMC,16.07,25.93,6.9,27.27,27.27,--,22.78,32.56,11.11,21.62,21.62,--
MIPC,16.07,22.22,10.34,13.64,13.64,--,5.06,2.33,8.33,5.41,5.41,--
Carbofuran,1.79,3.7,--,9.09,9.09,--,11.39,4.65,19.44,13.51,13.51,--
Lambdacyhalothrin,8.93,3.7,13.79,4.55,4.55,--,3.8,2.33,5.56,--,--,--
Isoprocarb,1.79,--,3.45,4.55,4.55,--,6.33,6.98,5.56,2.7,2.7,--
Deltamethrin,--,--,--,4.55,4.55,--,2.53,2.33,2.78,5.41,5.41,--
Betacypermethrin,3.57,3.7,3.45,--,--,--,1.27,2.33,--,5.41,5.41,--
Chlorantrailiprole,--,--,--,--,--,--,7.59,2.33,13.89,--,--,--
Betacyfluthrin,1.79,--,3.45,--,--,--,1.27,--,2.78,5.41,5.41,--
Ethofenprox,1.79,--,3.45,4.55,4.55,--,1.27,2.33,--,--,--,--
Carbaryl,1.79,3.7,--,--,--,--,1.27,--,2.78,2.7,2.7,--
Chlorpyrifos,--,--,--,--,--,--,5.06,9.3,--,--,--,--
Profenofos,3.57,--,6.9,--,--,--,1.27,2.33,--,--,--,--
Cartap hydrochloride,--,--,--,--,--,--,3.8,2.33,5.56,--,--,--
Malathion,1.79,--,3.45,--,--,--,1.27,--,2.78,--,--,--
Methomyl,--,--,--,--,--,--,2.53,2.33,2.78,--,--,--
Molluscicides,,,,,,,,,,,,
Niclosamide ethanolamine salt,10.71,18.52,3.45,50,50,--,--,--,--,27.03,27.03,--
Niclosamide,8.93,3.7,13.79,13.64,13.64,--,--,--,--,18.92,18.92,--
Metaldehyde,1.79,--,3.45,18.18,18.18,--,--,--,--,24.32,24.32,--
Rodenticides,,,,,,,,,,,,
Zinc phosphide,1.79,3.7,--,18.18,18.18,--,1.27,2.33,--,--,--,--
Coumatetralyl,5.36,3.7,6.9,4.55,4.55,--,2.53,4.65,--,--,--,--
Fungicide,,,,,,,,,,,,
Copper hydroxide,3.57,3.7,3.45,--,--,--,2.53,4.65,--,5.41,5.41,--
Thiophanate methyl,7.14,7.41,6.9,--,--,--,--,--,--,--,--,--
Mancozeb,1.79,--,3.45,--,--,--,3.8,6.98,--,--,--,--
Copper oxide,--,--,--,--,--,--,3.8,6.98,--,--,--,--
Herbicides,,,,,,,,,,,,
Bispyribac sodium,--,--,--,--,--,--,32.91,37.21,27.78,16.22,16.22,--
Pretilachlor,--,--,--,--,--,--,13.92,20.93,5.56,29.73,29.73,--
"2,4-D IBE",--,--,--,--,--,--,18.99,9.3,30.56,8.11,8.11,--
Butachlor,--,--,--,--,--,--,15.19,4.65,27.78,8.11,8.11,--
Cyhalofop butyl,--,--,--,--,--,--,8.86,16.28,--,16.22,16.22,--
Bensulfuron methyl,--,--,--,--,--,--,8.86,9.3,8.33,13.51,13.51,--
Pyribenzoxim,--,--,--,--,--,--,6.33,2.33,11.11,2.7,2.7,--
Butachlor + propanil,--,--,--,--,--,--,2.53,--,5.56,5.41,5.41,--
Glyphosate IPA,--,--,--,--,--,--,2.53,4.65,--,2.7,2.7,--
Metsulfuron methyl +,--,--,--,--,--,--,3.8,6.98,--,--,--,--
MCPA,--,--,--,--,--,--,1.27,2.33,--,2.7,2.7,--
"Thiobencarb + 2,4-D Ibe",--,--,--,--,--,--,2.53,4.65,--,--,--,--
Fenoxaprop p-ethyl,--,--,--,--,--,--,2.53,4.65,--,--,--,--
Nueva Ecija,Jul-Dec 2006 harvest,,,Jan-Jun 2007 harvest,,,Jul-Dec 2011 harvest,,,Jan-Jun 2012 harvest,,
Active Ingredients*,ALL ECOSYSTEMS,IRRIGATED,NON-IRRIGATED,ALL ECOSYSTEMS,IRRIGATED,NON-IRRIGATED,ALL ECOSYSTEMS,IRRIGATED,NON-IRRIGATED,ALL ECOSYSTEMS,IRRIGATED,NON-IRRIGATED
,(n = 91),(n = 81),(n = 10),(n = 75),(n = 74),(n = 1),(n = 149),(n = 142),(n = 7),(n = 120),(n = 120),(n = 0)
,(Percent of farmers),,,,,,,,,,,
Herbicides,,,,,,,,,,,,
Bispyribac sodium,--,--,--,--,--,--,28.86,26.76,71.43,20.83,20.83,--
Butachlor + propanil,--,--,--,--,--,--,20.81,21.13,14.29,27.5,27.5,--
Butachlor,--,--,--,--,--,--,17.45,17.61,14.29,16.67,16.67,--
MCPA,--,--,--,--,--,--,10.74,9.15,42.86,6.67,6.67,--
"2,4-D IBE",--,--,--,--,--,--,13.42,13.38,14.29,13.33,13.33,--
Cyhalofop butyl,--,--,--,--,--,--,6.71,6.34,14.29,--,--,--
Pyribenzoxim,--,--,--,--,--,--,2.01,2.11,--,7.5,7.5,--
Fenoxaprop p-ethyl,--,--,--,--,--,--,2.68,2.82,--,2.5,2.5,--
Glyphosate IPA,1.1,1.23,--,--,--,--,3.36,3.52,--,--,--,--
Butachlor + safener,--,--,--,--,--,--,--,--,--,4.17,4.17,--
Pretilachlor,--,--,--,--,--,--,1.34,1.41,--,1.67,1.67,--
"Butachlor + 2,4-D IBE",--,--,--,--,--,--,1.34,1.41,--,1.67,1.67,--
Insecticides,,,,,,,,,,,,
Cypermethrin,34.07,35.8,20,26.67,27.03,--,41.61,42.96,14.29,38.33,38.33,--
Chlorpyrifos + BPMC,18.68,18.52,20,21.33,21.62,--,30.87,30.99,28.57,25,25,--
Betacypermethrin,15.38,16.05,10,8,8.11,--,10.74,11.27,--,11.67,11.67,--
MIPC,3.3,2.47,10,9.33,9.46,--,8.72,9.15,--,11.67,11.67,--
Isoprocarb,4.4,3.7,10,2.67,2.7,--,2.68,2.82,--,6.67,6.67,--
Lambdacyhalothrin,2.2,2.47,--,5.33,5.41,--,11.41,11.97,--,1.67,1.67,--
Chlorpyrifos,4.4,3.7,10,6.67,6.76,--,--,--,--,2.5,2.5,--
Betacyfluthrin,3.3,3.7,--,5.33,5.41,--,2.68,2.82,--,4.17,4.17,--
Chlorantrailiprole,--,--,--,--,--,--,4.03,3.52,14.29,1.67,1.67,--
Carbofuran,1.1,1.23,--,6.67,6.76,--,2.68,2.82,--,1.67,1.67,--
Methomyl,1.1,1.23,--,--,--,--,0.67,--,14.29,1.67,1.67,--
Carbosulfan,--,--,--,--,--,--,1.34,0.7,14.29,--,--,--
Profenofos,2.2,1.23,10,--,--,--,1.34,1.41,--,--,--,--
Cartap hydrochloride,--,--,--,6.67,6.76,--,--,--,--,--,--,--
Triazophos,1.1,--,10,--,--,--,0.67,0.7,--,--,--,--
Thiamethoxam,--,--,--,--,--,--,2.68,2.82,--,1.67,1.67,--
Malathion,--,--,--,1.33,1.35,--,2.01,2.11,--,0.83,0.83,--
Deltamethrin,3.3,3.7,--,--,--,--,0.67,0.7,--,--,--,--
Esfenvalerate,--,--,--,1.33,1.35,--,--,--,--,1.67,1.67,--
Molluscicides,,,,,,,,,,,,
Metaldehyde,18.68,18.52,20,48,48.65,--,--,--,--,31.67,31.67,--
Niclosamide ethanolamine salt,12.09,12.35,10,22.67,22.97,--,--,--,--,32.5,32.5,--
Niclosamide,9.89,11.11,--,6.67,6.76,--,--,--,--,19.17,19.17,--
Rodenticides,,,,,,,,,,,,
Zinc phosphide,17.58,19.75,--,10.67,10.81,--,3.36,3.52,--,21.67,21.67,--
Coumatetralyl,2.2,2.47,--,2.67,2.7,--,3.36,3.52,--,--,--,--
Fungicide,,,,,,,,,,,,
Difenoconazole + propiconazole,--,--,--,--,--,--,4.7,4.23,14.29,8.33,8.33,--
Mancozeb,5.49,6.17,--,1.33,1.35,--,1.34,0.7,14.29,1.67,1.67,--
Copper hydroxide,1.1,1.23,--,--,--,--,2.01,1.41,14.29,--,--,--
Pampanga,Jul-Dec 2006 harvest,,,Jan-Jun 2007 harvest,,,Jul-Dec 2011 harvest,,,Jan-Jun 2012 harvest,,
Active Ingredients*,ALL ECOSYSTEMS,IRRIGATED,NON-IRRIGATED,ALL ECOSYSTEMS,IRRIGATED,NON-IRRIGATED,ALL ECOSYSTEMS,IRRIGATED,NON-IRRIGATED,ALL ECOSYSTEMS,IRRIGATED,NON-IRRIGATED
,(n = 43),(n = 38),(n = 5),(n = 30),(n = 30),(n = 0),(n = 49),(n = 49),(n = 0),(n = 43),(n = 43),(n = 0)
,(Percent of farmers),,,,,,,,,,,
Insecticides,,,,,,,,,,,,
Cypermethrin,41.86,42.11,40,30,30,--,24.49,24.49,--,18.6,18.6,--
Lambdacyhalothrin,32.56,31.58,40,36.67,36.67,--,28.57,28.57,--,4.65,4.65,--
Chlorpyrifos + BPMC,16.28,18.42,--,6.67,6.67,--,38.78,38.78,--,37.21,37.21,--
Carbofuran,4.65,5.26,--,13.33,13.33,--,4.08,4.08,--,9.3,9.3,--
Carbaryl,2.33,--,20,--,--,--,--,--,--,--,--,--
Chlorpyrifos,2.33,2.63,--,3.33,3.33,--,--,--,--,--,--,--
Isoprocarb,--,--,--,3.33,3.33,--,--,--,--,--,--,--
Molluscicides,,,,,,,,,,,,
Niclosamide ethanolamine salt,--,--,--,--,--,--,--,--,--,13.95,13.95,--
Methyldehyde + niclosamide,6.98,7.89,--,--,--,--,--,--,--,--,--,--
Niclosamide,--,--,--,--,--,--,--,--,--,6.98,6.98,--
Metaldehyde,--,--,--,6.67,6.67,--,--,--,--,--,--,--
Rodenticides,,,,,,,,,,,,
Coumatetralyl,--,--,--,10,10,--,--,--,--,--,--,--
Zinc phosphide,--,--,--,3.33,3.33,--,--,--,--,2.33,2.33,--
Fungicide,,,,,,,,,,,,
Mancozeb,--,--,--,3.33,3.33,--,16.33,16.33,--,16.28,16.28,--
Copper hydroxide,--,--,--,--,--,--,14.29,14.29,--,6.98,6.98,--
Thiophanate methyl,--,--,--,--,--,--,14.29,14.29,--,--,--,--
Difenoconazole + propiconazole,--,--,--,--,--,--,8.16,8.16,--,2.33,2.33,--
Herbicides,,,,,,,,,,,,
"2,4-D IBE",--,--,--,--,--,--,36.73,36.73,--,30.23,30.23,--
Bispyribac sodium,--,--,--,--,--,--,36.73,36.73,--,16.28,16.28,--
Pretilachlor,--,--,--,--,--,--,4.08,4.08,--,13.95,13.95,--
Butachlor,--,--,--,--,--,--,8.16,8.16,--,9.3,9.3,--
Cyhalofop butyl,--,--,--,--,--,--,10.2,10.2,--,6.98,6.98,--
Glyphosate IPA,--,--,--,--,--,--,2.04,2.04,--,13.95,13.95,--
Butachlor + propanil,--,--,--,--,--,--,10.2,10.2,--,2.33,2.33,--
Fenoxaprop p-ethyl,--,--,--,--,--,--,2.04,2.04,--,2.33,2.33,--
Tarlac,Jul-Dec 2006 harvest,,,Jan-Jun 2007 harvest,,,Jul-Dec 2011 harvest,,,Jan-Jun 2012 harvest,,
Active Ingredients*,ALL ECOSYSTEMS,IRRIGATED,NON-IRRIGATED,ALL ECOSYSTEMS,IRRIGATED,NON-IRRIGATED,ALL ECOSYSTEMS,IRRIGATED,NON-IRRIGATED,ALL ECOSYSTEMS,IRRIGATED,NON-IRRIGATED
,(n = 48),(n = 44),(n = 4),(n = 30),(n = 30),(n = 0),(n = 79),(n = 72),(n = 7),(n = 42),(n = 42),(n = 0)
,(Percent of farmers),,,,,,,,,,,
Insecticides,,,,,,,,,,,,
Cypermethrin,43.75,43.18,50,56.67,56.67,--,44.3,47.22,14.29,42.86,42.86,--
Chlorpyrifos + BPMC,12.5,11.36,25,26.67,26.67,--,30.38,30.56,28.57,7.14,7.14,--
Betacypermethrin,8.33,6.82,25,16.67,16.67,--,7.59,8.33,--,9.52,9.52,--
Betacyfluthrin,10.42,11.36,--,16.67,16.67,--,1.27,1.39,--,--,--,--
Lambdacyhalothrin,2.08,2.27,--,--,--,--,10.13,8.33,28.57,2.38,2.38,--
Imazalil,22.92,25,--,--,--,--,--,--,--,--,--,--
Chlorpyrifos,2.08,2.27,--,--,--,--,--,--,--,2.38,2.38,--
Malathion,2.08,2.27,--,--,--,--,1.27,1.39,--,--,--,--
Deltamethrin,2.08,2.27,--,--,--,--,1.27,1.39,--,--,--,--
Molluscicides,,,,,,,,,,,,
Niclosamide ethanolamine salt,--,--,--,--,--,--,--,--,--,14.29,14.29,--
Metaldehyde,2.08,2.27,--,--,--,--,--,--,--,4.76,4.76,--
Rodenticides,,,,,,,,,,,,
Zinc phosphide,--,--,--,--,--,--,2.53,2.78,--,11.9,11.9,--
Coumatetralyl,--,--,--,3.33,3.33,--,--,--,--,--,--,--
Herbicides,,,,,,,,,,,,
Butachlor,--,--,--,--,--,--,12.66,12.5,14.29,30.95,30.95,--
Pretilachlor,--,--,--,--,--,--,12.66,11.11,28.57,11.9,11.9,--
"2,4-D IBE",--,--,--,--,--,--,16.46,18.06,--,16.67,16.67,--
Fenoxaprop p-ethyl,--,--,--,--,--,--,8.86,6.94,28.57,2.38,2.38,--
Butachlor + propanil,--,--,--,--,--,--,7.59,8.33,--,7.14,7.14,--
Pyribenzoxim,--,--,--,--,--,--,2.53,2.78,--,9.52,9.52,--
Bispyribac sodium,--,--,--,--,--,--,--,--,--,7.14,7.14,--
Sethoxydim,--,--,--,--,--,--,1.27,1.39,--,2.38,2.38,--
Fungicide,,,,,,,,,,,,
Thiodiazole copper,--,--,--,--,--,--,2.53,1.39,14.29,--,--,--
Copper hydroxide,--,--,--,--,--,--,3.8,4.17,--,4.76,4.76,--
Mancozeb,--,--,--,--,--,--,5.06,5.56,--,--,--,--
Laguna,Jul-Dec 2006 harvest,,,Jan-Jun 2007 harvest,,,Jul-Dec 2011 harvest,,,Jan-Jun 2012 harvest,,
Active Ingredients*,ALL ECOSYSTEMS,IRRIGATED,NON-IRRIGATED,ALL ECOSYSTEMS,IRRIGATED,NON-IRRIGATED,ALL ECOSYSTEMS,IRRIGATED,NON-IRRIGATED,ALL ECOSYSTEMS,IRRIGATED,NON-IRRIGATED
,(n = 51),(n = 35),(n = 16),(n = 41),(n = 32),(n = 9),(n = 55),(n = 55),(n = 0),(n = 54),(n = 53),(n = 1)
,(Percent of farmers),,,,,,,,,,,
Insecticides,,,,,,,,,,,,
Cypermethrin,7.84,5.71,12.5,19.51,12.5,44.44,34.55,34.55,--,31.48,30.19,100
Chlorpyrifos + BPMC,23.53,17.14,37.5,26.83,18.75,55.56,18.18,18.18,--,16.67,16.98,--
Lambdacyhalothrin,21.57,8.57,50,17.07,12.5,33.33,32.73,32.73,--,3.7,3.77,--
Deltamethrin,17.65,25.71,--,19.51,25,--,16.36,16.36,--,18.52,18.87,--
Imazalil,23.53,31.43,6.25,--,--,--,--,--,--,--,--,--
Carbofuran,1.96,2.86,--,2.44,3.13,--,7.27,7.27,--,11.11,11.32,--
Chlorpyrifos,--,--,--,--,--,--,--,--,--,11.11,11.32,--
Betacypermethrin,1.96,2.86,--,2.44,3.13,--,1.82,1.82,--,--,--,--
Malathion,--,--,--,4.88,6.25,--,--,--,--,--,--,--
Molluscicides,,,,,,,,,,,,
Niclosamide ethanolamine salt,--,--,--,26.83,34.38,--,--,--,--,18.52,16.98,100
Niclosamide,21.57,20,25,--,--,--,--,--,--,40.74,41.51,--
Metaldehyde,5.88,8.57,--,12.2,15.63,--,--,--,--,12.96,13.21,--
Imazalil,7.84,2.86,18.75,--,--,--,--,--,--,--,--,--
Rodenticides,,,,,,,,,,,,
Coumatetralyl,7.84,8.57,6.25,19.51,25,--,12.73,12.73,--,9.26,9.43,--
Zinc phosphide,3.92,5.71,--,2.44,3.13,--,--,--,--,--,--,--
Fungicide,,,,,,,,,,,,
Chlorothalonil,5.88,8.57,--,--,--,--,--,--,--,--,--,--
Imazalil,1.96,--,6.25,--,--,--,--,--,--,--,--,--
Tebuconazole,--,--,--,--,--,--,1.82,1.82,--,1.85,1.89,--
Herbicides,,,,,,,,,,,,
Butachlor,--,--,--,--,--,--,23.64,23.64,--,24.07,22.64,100
"Butachlor + 2,4-D IBE",--,--,--,--,--,--,30.91,30.91,--,33.33,33.96,--
"2,4-D IBE",--,--,--,--,--,--,14.55,14.55,--,12.96,13.21,--
Metsulfuron methyl +,--,--,--,--,--,--,--,--,--,3.7,3.77,--
Quezon,Jul-Dec 2006 harvest,,,Jan-Jun 2007 harvest,,,Jul-Dec 2011 harvest,,,Jan-Jun 2012 harvest,,
Active Ingredients*,ALL ECOSYSTEMS,IRRIGATED,NON-IRRIGATED,ALL ECOSYSTEMS,IRRIGATED,NON-IRRIGATED,ALL ECOSYSTEMS,IRRIGATED,NON-IRRIGATED,ALL ECOSYSTEMS,IRRIGATED,NON-IRRIGATED
,(n = 40),(n = 31),(n = 9),(n = 32),(n = 17),(n = 15),(n = 48),(n = 27),(n = 21),(n = 54),(n = 27),(n = 27)
,(Percent of farmers),,,,,,,,,,,
Herbicides,,,,,,,,,,,,
Butachlor,--,--,--,--,--,--,29.17,33.33,23.81,27.78,18.52,37.04
"2,4-D IBE",--,--,--,--,--,--,20.83,14.81,28.57,24.07,7.41,40.74
Butachlor + propanil,--,--,--,--,--,--,14.58,25.93,--,11.11,14.81,7.41
Pyribenzoxim,--,--,--,--,--,--,4.17,3.7,4.76,1.85,3.7,--
Diuron,--,--,--,--,--,--,2.08,3.7,--,1.85,3.7,--
Insecticides,,,,,,,,,,,,
Lambdacyhalothrin,20,22.58,11.11,21.88,11.76,33.33,35.42,33.33,38.1,7.41,7.41,7.41
Cypermethrin,17.5,6.45,55.56,6.25,5.88,6.67,14.58,14.81,14.29,11.11,11.11,11.11
Deltamethrin,12.5,16.13,--,28.13,41.18,13.33,16.67,25.93,4.76,3.7,3.7,3.7
Chlorpyrifos + BPMC,15,19.35,--,9.38,--,20,14.58,22.22,4.76,11.11,11.11,11.11
Malathion,2.5,--,11.11,3.13,--,6.67,--,--,--,3.7,--,7.41
Imazalil,10,9.68,11.11,--,--,--,--,--,--,--,--,--
MIPC,5,3.23,11.11,--,--,--,--,--,--,1.85,3.7,--
Carbofuran,--,--,--,6.25,5.88,6.67,--,--,--,1.85,3.7,--
Isopropyl alcohol,--,--,--,--,--,--,2.08,3.7,--,1.85,3.7,--
Chlorpyrifos,--,--,--,--,--,--,--,--,--,3.7,3.7,3.7
Endosulfan,--,--,--,3.13,--,6.67,--,--,--,--,--,--
Ethofenprox,--,--,--,3.13,--,6.67,--,--,--,--,--,--
Avermectin,--,--,--,3.13,5.88,--,--,--,--,--,--,--
Pymetrozine,--,--,--,--,--,--,2.08,--,4.76,--,--,--
Cartap hydrochloride,--,--,--,--,--,--,2.08,--,4.76,--,--,--
Molluscicides,,,,,,,,,,,,
Metaldehyde,15,16.13,11.11,34.38,52.94,13.33,--,--,--,40.74,51.85,29.63
Niclosamide,12.5,16.13,--,--,--,--,--,--,--,18.52,11.11,25.93
Niclosamide ethanolamine salt,5,6.45,--,9.38,5.88,13.33,--,--,--,1.85,--,3.7
Imazalil,5,6.45,--,--,--,--,--,--,--,--,--,--
Rodenticides,,,,,,,,,,,,
Zinc phosphide,7.5,9.68,--,18.75,23.53,13.33,8.33,11.11,4.76,27.78,33.33,22.22
Coumatetralyl,--,--,--,--,--,--,18.75,33.33,--,5.56,11.11,--
Warfarin,--,--,--,3.13,--,6.67,--,--,--,1.85,3.7,--
Fungicide,,,,,,,,,,,,
Chlorothalonil,--,--,--,3.13,5.88,--,--,--,--,--,--,--
Azoxystrobin,--,--,--,3.13,5.88,--,--,--,--,--,--,--
Iprovalicarb + propineb,--,--,--,3.13,5.88,--,--,--,--,--,--,--
Occidental Mindoro,Jul-Dec 2006 harvest,,,Jan-Jun 2007 harvest,,,Jul-Dec 2011 harvest,,,Jan-Jun 2012 harvest,,
Active Ingredients*,ALL ECOSYSTEMS,IRRIGATED,NON-IRRIGATED,ALL ECOSYSTEMS,IRRIGATED,NON-IRRIGATED,ALL ECOSYSTEMS,IRRIGATED,NON-IRRIGATED,ALL ECOSYSTEMS,IRRIGATED,NON-IRRIGATED
,(n = 51),(n = 26),(n = 25),(n = 22),(n = 21),(n = 1),(n = 60),(n = 43),(n = 17),(n = 33),(n = 33),(n = 0)
,(Percent of farmers),,,,,,,,,,,
Insecticides,,,,,,,,,,,,
Cypermethrin,47.06,50,44,90.91,95.24,--,63.33,62.79,64.71,93.94,93.94,--
Chlorpyrifos + BPMC,17.65,23.08,12,9.09,9.52,--,33.33,37.21,23.53,12.12,12.12,--
Phentoate + BPMC,11.76,--,24,--,--,--,11.67,11.63,11.76,6.06,6.06,--
Deltamethrin,7.84,3.85,12,9.09,9.52,--,3.33,4.65,--,3.03,3.03,--
Chlorpyrifos,7.84,7.69,8,--,--,--,--,--,--,3.03,3.03,--
Lambdacyhalothrin,3.92,3.85,4,--,--,--,1.67,2.33,--,6.06,6.06,--
BPMC,3.92,3.85,4,--,--,--,5,4.65,5.88,--,--,--
MIPC,1.96,3.85,--,--,--,--,1.67,2.33,--,3.03,3.03,--
Imazalil,3.92,3.85,4,--,--,--,--,--,--,--,--,--
Cartap hydrochloride,--,--,--,--,--,--,--,--,--,3.03,3.03,--
Molluscicides,,,,,,,,,,,,
Niclosamide,39.22,57.69,20,31.82,33.33,--,--,--,--,66.67,66.67,--
Metaldehyde,--,--,--,4.55,--,100,--,--,--,3.03,3.03,--
Niclosamide ethanolamine salt,--,--,--,40.91,42.86,--,--,--,--,6.06,6.06,--
Imazalil,3.92,7.69,--,--,--,--,--,--,--,--,--,--
Rodenticides,,,,,,,,,,,,
Zinc phosphide,3.92,3.85,4,--,--,--,--,--,--,12.12,12.12,--
Coumatetralyl,--,--,--,--,--,--,--,--,--,3.03,3.03,--
Fungicide,,,,,,,,,,,,
Copper hydroxide,--,--,--,--,--,--,10,11.63,5.88,12.12,12.12,--
Edifenphos,7.84,3.85,12,--,--,--,--,--,--,--,--,--
Dimethomorph,--,--,--,4.55,4.76,--,--,--,--,--,--,--
Copper oxide,--,--,--,4.55,4.76,--,--,--,--,--,--,--
Mancozeb,--,--,--,--,--,--,3.33,4.65,--,--,--,--
Thiophanate methyl,--,--,--,--,--,--,--,--,--,3.03,3.03,--
Herbicides,,,,,,,,,,,,
Butachlor,--,--,--,--,--,--,30,37.21,11.76,24.24,24.24,--
"Butachlor + 2,4-D IBE",--,--,--,--,--,--,26.67,23.26,35.29,--,--,--
"2,4-D IBE",--,--,--,--,--,--,11.67,4.65,29.41,9.09,9.09,--
Pretilachlor,--,--,--,--,--,--,8.33,4.65,17.65,9.09,9.09,--
Bispyribac sodium,--,--,--,--,--,--,6.67,2.33,17.65,--,--,--
Glufosinate ammonium,--,--,--,--,--,--,--,--,--,3.03,3.03,--
Oriental Mindoro,Jul-Dec 2006 harvest,,,Jan-Jun 2007 harvest,,,Jul-Dec 2011 harvest,,,Jan-Jun 2012 harvest,,
Active Ingredients*,ALL ECOSYSTEMS,IRRIGATED,NON-IRRIGATED,ALL ECOSYSTEMS,IRRIGATED,NON-IRRIGATED,ALL ECOSYSTEMS,IRRIGATED,NON-IRRIGATED,ALL ECOSYSTEMS,IRRIGATED,NON-IRRIGATED
,(n = 72),(n = 60),(n = 12),(n = 65),(n = 62),(n = 3),(n = 81),(n = 72),(n = 9),(n = 84),(n = 69),(n = 15)
,(Percent of farmers),,,,,,,,,,,
Herbicides,,,,,,,,,,,,
Bispyribac sodium,--,--,--,--,--,--,25.93,23.61,44.44,21.43,21.74,20
Pretilachlor,--,--,--,--,--,--,20.99,18.06,44.44,21.43,18.84,33.33
Butachlor,--,--,--,--,--,--,19.75,22.22,--,20.24,18.84,26.67
"2,4-D IBE",--,--,--,--,--,--,12.35,13.89,--,15.48,15.94,13.33
"Butachlor + 2,4-D IBE",--,--,--,--,--,--,13.58,15.28,--,13.1,14.49,6.67
"2,4-Damine",--,--,--,1.54,1.61,--,8.64,8.33,11.11,5.95,5.8,6.67
Fenoxaprop p-ethyl,--,--,--,--,--,--,8.64,9.72,--,3.57,4.35,--
Butachlor + propanil,--,--,--,--,--,--,6.17,6.94,--,3.57,4.35,--
MCPA,--,--,--,--,--,--,3.7,4.17,--,1.19,1.45,--
Penoxsulam+cyhalofop-butyl,--,--,--,--,--,--,4.94,5.56,--,--,--,--
Insecticides,,,,,,,,,,,,
Cypermethrin,58.33,58.33,58.33,96.92,96.77,100,70.37,69.44,77.78,77.38,76.81,80
Chlorpyrifos + BPMC,16.67,20,--,21.54,22.58,--,14.81,16.67,--,13.1,14.49,6.67
Lambdacyhalothrin,12.5,15,--,7.69,8.06,--,20.99,23.61,--,3.57,4.35,--
Betacypermethrin,--,--,--,1.54,1.61,--,9.88,11.11,--,9.52,10.14,6.67
Imazalil,15.28,15,16.67,--,--,--,--,--,--,--,--,--
Chlorpyrifos,--,--,--,4.62,4.84,--,6.17,6.94,--,2.38,1.45,6.67
Chlorpyrifos + cypermthrin,6.94,8.33,--,1.54,1.61,--,--,--,--,--,--,--
Cartap hydrochloride,--,--,--,--,--,--,2.47,2.78,--,2.38,1.45,6.67
BPMC,2.78,3.33,--,1.54,1.61,--,--,--,--,1.19,1.45,--
Carbofuran,2.78,3.33,--,1.54,1.61,--,1.23,1.39,--,--,--,--
Methomyl,--,--,--,--,--,--,1.23,1.39,--,3.57,4.35,--
Imidacloprid+beta+cyfluthrin,--,--,--,--,--,--,2.47,2.78,--,2.38,2.9,--
Deltamethrin,--,--,--,--,--,--,--,--,--,2.38,1.45,6.67
Temephos,1.39,--,8.33,--,--,--,--,--,--,--,--,--
Betacyfluthrin,4.17,5,--,--,--,--,--,--,--,--,--,--
Molluscicides,,,,,,,,,,,,
Metaldehyde,16.67,15,25,20,19.35,33.33,--,--,--,39.29,39.13,40
Niclosamide,26.39,26.67,25,--,--,--,--,--,--,34.52,33.33,40
Niclosamide ethanolamine salt,--,--,--,18.46,19.35,--,--,--,--,23.81,26.09,13.33
Methyldehyde + niclosamide,2.78,3.33,--,--,--,--,--,--,--,--,--,--
Rodenticides,,,,,,,,,,,,
Zinc phosphide,12.5,11.67,16.67,16.92,17.74,--,19.75,19.44,22.22,23.81,20.29,40
Coumatetralyl,1.39,1.67,--,--,--,--,3.7,4.17,--,4.76,4.35,6.67
Fungicide,,,,,,,,,,,,
Copper hydroxide,1.39,--,8.33,--,--,--,2.47,2.78,--,1.19,1.45,--
Edifenphos,2.78,1.67,8.33,--,--,--,1.23,1.39,--,--,--,--
Imazalil,4.17,5,--,--,--,--,--,--,--,--,--,--
Difenoconazole + propiconazole,--,--,--,1.54,1.61,--,2.47,2.78,--,--,--,--
Albay,Jul-Dec 2006 harvest,,,Jan-Jun 2007 harvest,,,Jul-Dec 2011 harvest,,,Jan-Jun 2012 harvest,,
Active Ingredients*,ALL ECOSYSTEMS,IRRIGATED,NON-IRRIGATED,ALL ECOSYSTEMS,IRRIGATED,NON-IRRIGATED,ALL ECOSYSTEMS,IRRIGATED,NON-IRRIGATED,ALL ECOSYSTEMS,IRRIGATED,NON-IRRIGATED
,(n = 37),(n = 27),(n = 10),(n = 35),(n = 17),(n = 18),(n = 46),(n = 40),(n = 6),(n = 53),(n = 45),(n = 8)
,(Percent of farmers),,,,,,,,,,,
Insecticides,,,,,,,,,,,,
Cypermethrin,43.24,40.74,50,60,70.59,50,63.04,65,50,56.6,62.22,25
Lambdacyhalothrin,45.95,44.44,50,45.71,58.82,33.33,32.61,30,50,1.89,2.22,--
Methomyl,--,--,--,17.14,5.88,27.78,--,--,--,--,--,--
Deltamethrin,5.41,7.41,--,--,--,--,6.52,7.5,--,--,--,--
Betacypermethrin,--,--,--,--,--,--,2.17,2.5,--,3.77,4.44,--
Malathion,5.41,7.41,--,--,--,--,--,--,--,--,--,--
Diazinon,--,--,--,2.86,5.88,--,--,--,--,--,--,--
Molluscicides,,,,,,,,,,,,
Niclosamide ethanolamine salt,--,--,--,--,--,--,--,--,--,20.75,24.44,--
Metaldehyde,--,--,--,--,--,--,--,--,--,13.21,15.56,--
Niclosamide,2.7,3.7,--,--,--,--,--,--,--,1.89,2.22,--
Methyldehyde + niclosamide,--,--,--,2.86,5.88,--,--,--,--,--,--,--
Herbicides,,,,,,,,,,,,
"2,4-D IBE",--,--,--,--,--,--,15.22,17.5,--,7.55,8.89,--
Butachlor,--,--,--,--,--,--,8.7,10,--,7.55,8.89,--
Pretilachlor,--,--,--,--,--,--,2.17,2.5,--,1.89,2.22,--
"Butachlor + 2,4-D IBE",--,--,--,--,--,--,2.17,2.5,--,1.89,2.22,--
Rodenticides,,,,,,,,,,,,
Zinc phosphide,--,--,--,--,--,--,--,--,--,11.32,13.33,--
Camarines Sur,Jul-Dec 2006 harvest,,,Jan-Jun 2007 harvest,,,Jul-Dec 2011 harvest,,,Jan-Jun 2012 harvest,,
Active Ingredients*,ALL ECOSYSTEMS,IRRIGATED,NON-IRRIGATED,ALL ECOSYSTEMS,IRRIGATED,NON-IRRIGATED,ALL ECOSYSTEMS,IRRIGATED,NON-IRRIGATED,ALL ECOSYSTEMS,IRRIGATED,NON-IRRIGATED
,(n = 81),(n = 63),(n = 18),(n = 73),(n = 69),(n = 4),(n = 112),(n = 85),(n = 27),(n = 113),(n = 75),(n = 38)
,(Percent of farmers),,,,,,,,,,,
Insecticides,,,,,,,,,,,,
Cypermethrin,41.98,36.51,61.11,52.05,49.28,100,66.96,71.76,51.85,71.68,78.67,57.89
Lambdacyhalothrin,25.93,30.16,11.11,31.51,33.33,--,30.36,25.88,44.44,15.93,20,7.89
Chlorpyrifos + BPMC,2.47,3.17,--,16.44,15.94,25,5.36,7.06,--,4.42,4,5.26
Betacypermethrin,4.94,1.59,16.67,2.74,2.9,--,9.82,7.06,18.52,4.42,2.67,7.89
Carbofuran,7.41,7.94,5.56,6.85,7.25,--,3.57,4.71,--,9.73,9.33,10.53
Phentoate + BPMC,3.7,3.17,5.56,9.59,10.14,--,1.79,2.35,--,2.65,4,--
Malathion,1.23,1.59,--,1.37,1.45,--,4.46,5.88,--,3.54,2.67,5.26
Deltamethrin,1.23,1.59,--,5.48,5.8,--,--,--,--,1.77,1.33,2.63
Imazalil,7.41,9.52,--,--,--,--,--,--,--,--,--,--
Betacyfluthrin,1.23,1.59,--,2.74,2.9,--,--,--,--,1.77,1.33,2.63
Imidacloprid+beta+cyfluthrin,--,--,--,--,--,--,2.68,3.53,--,2.65,2.67,2.63
Cartap hydrochloride,--,--,--,--,--,--,1.79,2.35,--,2.65,4,--
Chlorpyrifos,--,--,--,--,--,--,--,--,--,2.65,1.33,5.26
Hydramethylnon,--,--,--,--,--,--,3.57,4.71,--,--,--,--
Isopropyl alcohol,--,--,--,--,--,--,0.89,--,3.7,0.88,--,2.63
Fipronil,--,--,--,1.37,1.45,--,--,--,--,0.88,--,2.63
Molluscicides,,,,,,,,,,,,
Metaldehyde,18.52,20.63,11.11,15.07,14.49,25,--,--,--,17.7,13.33,26.32
Niclosamide ethanolamine salt,--,--,--,13.7,13.04,25,--,--,--,8.85,8,10.53
Niclosamide,14.81,19.05,--,2.74,2.9,--,--,--,--,10.62,4,23.68
Rodenticides,,,,,,,,,,,,
Zinc phosphide,2.47,1.59,5.56,--,--,--,8.04,4.71,18.52,1.77,--,5.26
Fungicide,,,,,,,,,,,,
Thiophanate methyl,--,--,--,5.48,5.8,--,--,--,--,--,--,--
Copper hydroxide,2.47,3.17,--,1.37,1.45,--,--,--,--,0.88,1.33,--
Herbicides,,,,,,,,,,,,
"2,4-D IBE",--,--,--,--,--,--,36.61,30.59,55.56,33.63,25.33,50
Pretilachlor,--,--,--,--,--,--,40.18,41.18,37.04,30.97,37.33,18.42
Bentazone,--,--,--,--,--,--,8.04,4.71,18.52,9.73,5.33,18.42
Bispyribac sodium,--,--,--,--,--,--,11.61,14.12,3.7,8.85,6.67,13.16
Butachlor,--,--,--,--,--,--,7.14,9.41,--,12.39,16,5.26
Fenoxaprop p-ethyl,--,--,--,--,--,--,7.14,7.06,7.41,1.77,1.33,2.63
Butachlor + propanil,--,--,--,--,--,--,3.57,2.35,7.41,3.54,2.67,5.26
Cyhalofop butyl,--,--,--,--,--,--,4.46,3.53,7.41,1.77,--,5.26
Pyribenzoxim,--,--,--,--,--,--,2.68,3.53,--,1.77,2.67,--
Glyphosate IPA,--,--,--,--,--,--,--,--,--,2.65,4,--
Oxadiazon,--,--,--,--,--,--,1.79,2.35,--,0.88,1.33,--
Iloilo,Jul-Dec 2006 harvest,,,Jan-Jun 2007 harvest,,,Jul-Dec 2011 harvest,,,Jan-Jun 2012 harvest,,
Active Ingredients*,ALL ECOSYSTEMS,IRRIGATED,NON-IRRIGATED,ALL ECOSYSTEMS,IRRIGATED,NON-IRRIGATED,ALL ECOSYSTEMS,IRRIGATED,NON-IRRIGATED,ALL ECOSYSTEMS,IRRIGATED,NON-IRRIGATED
,(n = 81),(n = 38),(n = 43),(n = 33),(n = 21),(n = 12),(n = 114),(n = 61),(n = 53),(n = 57),(n = 28),(n = 29)
,(Percent of farmers),,,,,,,,,,,
Insecticides,,,,,,,,,,,,
Cypermethrin,79.01,78.95,79.07,81.82,100,50,79.82,68.85,92.45,64.91,71.43,58.62
Betacypermethrin,9.88,10.53,9.3,18.18,9.52,33.33,25.44,31.15,18.87,17.54,17.86,17.24
Lambdacyhalothrin,8.64,7.89,9.3,9.09,4.76,16.67,21.05,26.23,15.09,8.77,7.14,10.34
Chlorpyrifos + BPMC,4.94,--,9.3,--,--,--,7.89,4.92,11.32,12.28,7.14,17.24
Cartap hydrochloride,4.94,2.63,6.98,3.03,4.76,--,4.39,6.56,1.89,8.77,10.71,6.9
Phentoate + BPMC,--,--,--,6.06,4.76,8.33,6.14,4.92,7.55,1.75,--,3.45
Isoprocarb,1.23,2.63,--,--,--,--,3.51,4.92,1.89,7.02,14.29,--
Imazalil,11.11,13.16,9.3,--,--,--,--,--,--,--,--,--
Methomyl,--,--,--,--,--,--,3.51,1.64,5.66,7.02,3.57,10.34
BPMC,3.7,5.26,2.33,--,--,--,--,--,--,3.51,3.57,3.45
Carbaryl,--,--,--,--,--,--,4.39,1.64,7.55,1.75,--,3.45
Deltamethrin,--,--,--,--,--,--,4.39,1.64,7.55,1.75,--,3.45
MIPC,--,--,--,--,--,--,2.63,4.92,--,3.51,--,6.9
Chlorpyrifos,--,--,--,--,--,--,0.88,--,1.89,3.51,--,6.9
Fenthion,--,--,--,--,--,--,0.88,1.64,--,3.51,7.14,--
Mn-Zn ethylene bisdithiocarbamate,--,--,--,--,--,--,1.75,--,3.77,1.75,3.57,--
Chlorpyrifos + cypermthrin,--,--,--,--,--,--,2.63,--,5.66,--,--,--
Thiamethoxam,--,--,--,--,--,--,0.88,--,1.89,1.75,3.57,--
Imidacloprid+beta+cyfluthrin,--,--,--,--,--,--,0.88,--,1.89,1.75,--,3.45
Ethofenprox,--,--,--,--,--,--,0.88,1.64,--,1.75,3.57,--
Buprofezin + MIPC,--,--,--,3.03,4.76,--,--,--,--,--,--,--
Molluscicides,,,,,,,,,,,,
Niclosamide ethanolamine salt,4.94,7.89,2.33,12.12,14.29,8.33,--,--,--,38.6,35.71,41.38
Metaldehyde,6.17,5.26,6.98,3.03,4.76,--,--,--,--,19.3,17.86,20.69
Niclosamide,14.81,18.42,11.63,9.09,14.29,--,--,--,--,1.75,3.57,--
Fungicide,,,,,,,,,,,,
Copper hydroxide,--,--,--,--,--,--,9.65,9.84,9.43,5.26,3.57,6.9
Mancozeb,--,--,--,3.03,--,8.33,11.4,18.03,3.77,--,--,--
Benomyl,1.23,2.63,--,--,--,--,1.75,3.28,--,--,--,--
Rodenticides,,,,,,,,,,,,
Zinc phosphide,--,--,--,6.06,4.76,8.33,13.16,3.28,24.53,14.04,21.43,6.9
Coumatetralyl,--,--,--,3.03,4.76,--,6.14,3.28,9.43,5.26,3.57,6.9
Herbicides,,,,,,,,,,,,
"2,4-D IBE",--,--,--,--,--,--,22.81,14.75,32.08,31.58,21.43,41.38
Bispyribac sodium,--,--,--,--,--,--,25.44,22.95,28.3,19.3,28.57,10.34
Pretilachlor,--,--,--,--,--,--,19.3,18.03,20.75,19.3,14.29,24.14
Butachlor + propanil,--,--,--,--,--,--,15.79,18.03,13.21,22.81,21.43,24.14
Butachlor + safener,--,--,--,--,--,--,9.65,18.03,--,14.04,17.86,10.34
Oxadiazon,--,--,--,--,--,--,8.77,3.28,15.09,10.53,7.14,13.79
MCPA,--,--,--,--,--,--,8.77,6.56,11.32,8.77,10.71,6.9
Fenoxaprop p-ethyl,--,--,--,--,--,--,10.53,13.11,7.55,5.26,7.14,3.45
Pyribenzoxim,--,--,--,--,--,--,7.89,14.75,--,7.02,7.14,6.9
Cyhalofop butyl,--,--,--,--,--,--,2.63,1.64,3.77,5.26,--,10.34
Butachlor,--,--,--,--,--,--,--,--,--,5.26,7.14,3.45
Bohol,Jul-Dec 2006 harvest,,,Jan-Jun 2007 harvest,,,Jul-Dec 2011 harvest,,,Jan-Jun 2012 harvest,,
Active Ingredients*,ALL ECOSYSTEMS,IRRIGATED,NON-IRRIGATED,ALL ECOSYSTEMS,IRRIGATED,NON-IRRIGATED,ALL ECOSYSTEMS,IRRIGATED,NON-IRRIGATED,ALL ECOSYSTEMS,IRRIGATED,NON-IRRIGATED
,(n = 46),(n = 12),(n = 34),(n = 17),(n = 8),(n = 9),(n = 52),(n = 17),(n = 35),(n = 64),(n = 20),(n = 44)
,(Percent of farmers),,,,,,,,,,,
Insecticides,,,,,,,,,,,,
Lambdacyhalothrin,50,83.33,38.24,17.65,12.5,22.22,50,58.82,45.71,21.88,30,18.18
Cypermethrin,34.78,8.33,44.12,58.82,62.5,55.56,32.69,35.29,31.43,23.44,--,34.09
Deltamethrin,6.52,8.33,5.88,11.76,--,22.22,11.54,11.76,11.43,20.31,15,22.73
Malathion,--,--,--,--,--,--,5.77,5.88,5.71,4.69,5,4.55
Methomyl,--,--,--,--,--,--,5.77,--,8.57,6.25,--,9.09
Betacypermethrin,--,--,--,--,--,--,1.92,--,2.86,4.69,--,6.82
Pymetrozine,--,--,--,--,--,--,3.85,5.88,2.86,--,--,--
Rodenticides,,,,,,,,,,,,
Zinc phosphide,8.7,--,11.76,35.29,50,22.22,3.85,5.88,2.86,20.31,30,15.91
Coumatetralyl,4.35,--,5.88,--,--,--,1.92,--,2.86,7.81,5,9.09
Warfarin,--,--,--,--,--,--,--,--,--,1.56,5,--
Herbicides,,,,,,,,,,,,
Butachlor,--,--,--,--,--,--,13.46,5.88,17.14,10.94,--,15.91
"2,4-D IBE",--,--,--,--,--,--,9.62,--,14.29,7.81,5,9.09
Molluscicides,,,,,,,,,,,,
Metaldehyde,--,--,--,--,--,--,--,--,--,4.69,15,--
Niclosamide ethanolamine salt,--,--,--,--,--,--,--,--,--,4.69,--,6.82
Niclosamide,--,--,--,--,--,--,--,--,--,1.56,5,--
Fungicide,,,,,,,,,,,,
Ascorbic acid,--,--,--,--,--,--,--,--,--,1.56,5,--
Leyte,Jul-Dec 2006 harvest,,,Jan-Jun 2007 harvest,,,Jul-Dec 2011 harvest,,,Jan-Jun 2012 harvest,,
Active Ingredients*,ALL ECOSYSTEMS,IRRIGATED,NON-IRRIGATED,ALL ECOSYSTEMS,IRRIGATED,NON-IRRIGATED,ALL ECOSYSTEMS,IRRIGATED,NON-IRRIGATED,ALL ECOSYSTEMS,IRRIGATED,NON-IRRIGATED
,(n = 65),(n = 41),(n = 24),(n = 69),(n = 49),(n = 20),(n = 76),(n = 63),(n = 13),(n = 81),(n = 67),(n = 14)
,(Percent of farmers),,,,,,,,,,,
Insecticides,,,,,,,,,,,,
Cypermethrin,30.77,31.71,29.17,60.87,57.14,70,34.21,34.92,30.77,17.28,16.42,21.43
Lambdacyhalothrin,36.92,34.15,41.67,20.29,18.37,25,27.63,22.22,53.85,9.88,8.96,14.29
Betacypermethrin,20,19.51,20.83,26.09,22.45,35,31.58,34.92,15.38,18.52,19.4,14.29
Deltamethrin,9.23,14.63,--,4.35,6.12,--,6.58,7.94,--,9.88,11.94,--
Methomyl,--,--,--,1.45,2.04,--,6.58,4.76,15.38,8.64,10.45,--
Esfenvalerate,--,--,--,--,--,--,1.32,--,7.69,8.64,5.97,21.43
Chlorpyrifos + BPMC,1.54,2.44,--,1.45,2.04,--,9.21,11.11,--,4.94,5.97,--
Cartap hydrochloride,--,--,--,--,--,--,2.63,3.17,--,3.7,4.48,--
Betacyfluthrin,1.54,2.44,--,1.45,2.04,--,1.32,1.59,--,1.23,1.49,--
Diazinon,1.54,--,4.17,--,--,--,1.32,1.59,--,1.23,1.49,--
Imidacloprid+beta+cyfluthrin,--,--,--,--,--,--,1.32,1.59,--,3.7,4.48,--
Carbofuran,--,--,--,--,--,--,--,--,--,1.23,--,7.14
Molluscicides,,,,,,,,,,,,
Niclosamide ethanolamine salt,9.23,--,25,8.7,--,30,--,--,--,17.28,11.94,42.86
Metaldehyde,10.77,14.63,4.17,10.14,14.29,--,--,--,--,22.22,25.37,7.14
Niclosamide,1.54,2.44,--,--,--,--,--,--,--,1.23,1.49,--
Rodenticides,,,,,,,,,,,,
Zinc phosphide,9.23,12.2,4.17,2.9,4.08,--,13.16,15.87,--,22.22,25.37,7.14
Fungicide,,,,,,,,,,,,
Copper hydroxide,--,--,--,--,--,--,10.53,12.7,--,1.23,1.49,--
Cupric hydroxide,--,--,--,--,--,--,--,--,--,8.64,10.45,--
Chlorothalonil,--,--,--,1.45,2.04,--,1.32,1.59,--,--,--,--
Herbicides,,,,,,,,,,,,
"2,4-D IBE",--,--,--,--,--,--,13.16,7.94,38.46,16.05,19.4,--
Butachlor,--,--,--,--,--,--,14.47,15.87,7.69,7.41,7.46,7.14
Butachlor + propanil,--,--,--,--,--,--,14.47,15.87,7.69,6.17,7.46,--
"Butachlor + 2,4-D IBE",--,--,--,--,--,--,1.32,--,7.69,3.7,4.48,--
Metsulfuron methyl +,--,--,--,--,--,--,2.63,3.17,--,1.23,1.49,--
Northern Samar,Jul-Dec 2006 harvest,,,Jan-Jun 2007 harvest,,,Jul-Dec 2011 harvest,,,Jan-Jun 2012 harvest,,
Active Ingredients*,ALL ECOSYSTEMS,IRRIGATED,NON-IRRIGATED,ALL ECOSYSTEMS,IRRIGATED,NON-IRRIGATED,ALL ECOSYSTEMS,IRRIGATED,NON-IRRIGATED,ALL ECOSYSTEMS,IRRIGATED,NON-IRRIGATED
,(n = 34),(n = 20),(n = 14),(n = 37),(n = 17),(n = 20),(n = 29),(n = 22),(n = 7),(n = 34),(n = 27),(n = 7)
,(Percent of farmers),,,,,,,,,,,
Insecticides,,,,,,,,,,,,
Lambdacyhalothrin,52.94,60,42.86,67.57,41.18,90,79.31,72.73,100,--,--,--
Cypermethrin,47.06,45,50,51.35,70.59,35,13.79,18.18,--,26.47,33.33,--
Betacypermethrin,2.94,--,7.14,2.7,--,5,--,--,--,8.82,11.11,--
Deltamethrin,2.94,--,7.14,--,--,--,--,--,--,--,--,--
Chlorpyrifos + BPMC,--,--,--,--,--,--,3.45,4.55,--,--,--,--
Chlorpyrifos,--,--,--,--,--,--,--,--,--,2.94,3.7,--
Bacillus thuringiensis,--,--,--,--,--,--,--,--,--,2.94,3.7,--
Esfenvalerate,--,--,--,--,--,--,--,--,--,2.94,3.7,--
Pymetrozine,--,--,--,--,--,--,--,--,--,2.94,3.7,--
Betacyfluthrin,--,--,--,--,--,--,--,--,--,2.94,3.7,--
Rodenticides,,,,,,,,,,,,
Coumatetralyl,--,--,--,2.7,--,5,10.34,13.64,--,17.65,22.22,--
Zinc phosphide,5.88,5,7.14,2.7,5.88,--,--,--,--,--,--,--
Fungicide,,,,,,,,,,,,
Mancozeb,--,--,--,10.81,11.76,10,--,--,--,--,--,--
Imazalil,2.94,5,--,--,--,--,--,--,--,--,--,--
Herbicides,,,,,,,,,,,,
"2,4-D IBE",--,--,--,--,--,--,13.79,18.18,--,32.35,40.74,--
Butachlor,--,--,--,--,--,--,3.45,4.55,--,--,--,--
Molluscicides,,,,,,,,,,,,
Metaldehyde,--,--,--,--,--,--,--,--,--,38.24,48.15,--
Niclosamide,--,--,--,--,--,--,--,--,--,2.94,3.7,--
Zamboanga del Norte,Jul-Dec 2006 harvest,,,Jan-Jun 2007 harvest,,,Jul-Dec 2011 harvest,,,Jan-Jun 2012 harvest,,
Active Ingredients*,ALL ECOSYSTEMS,IRRIGATED,NON-IRRIGATED,ALL ECOSYSTEMS,IRRIGATED,NON-IRRIGATED,ALL ECOSYSTEMS,IRRIGATED,NON-IRRIGATED,ALL ECOSYSTEMS,IRRIGATED,NON-IRRIGATED
,(n = 34),(n = 15),(n = 19),(n = 24),(n = 14),(n = 10),(n = 54),(n = 27),(n = 27),(n = 39),(n = 25),(n = 14)
,(Percent of farmers),,,,,,,,,,,
Insecticides,,,,,,,,,,,,
Cypermethrin,58.82,60,57.89,45.83,35.71,60,87.04,44.44,129.63,51.28,28,92.86
Lambdacyhalothrin,17.65,20,15.79,29.17,14.29,50,24.07,18.52,29.63,7.69,12,--
Chlorpyrifos + BPMC,14.71,33.33,--,20.83,28.57,10,18.52,18.52,18.52,7.69,12,--
Betacypermethrin,5.88,13.33,--,20.83,35.71,--,9.26,14.81,3.7,12.82,16,7.14
Betacyfluthrin,2.94,6.67,--,8.33,14.29,--,11.11,18.52,3.7,10.26,12,7.14
Diazinon,5.88,--,10.53,20.83,28.57,10,1.85,3.7,--,2.56,4,--
Cartap hydrochloride,--,--,--,12.5,21.43,--,3.7,3.7,3.7,2.56,4,--
Endosulfan,--,--,--,4.17,--,10,5.56,--,11.11,5.13,--,14.29
MIPC,--,--,--,4.17,7.14,--,7.41,3.7,11.11,5.13,8,--
Phentoate + BPMC,--,--,--,4.17,7.14,--,9.26,18.52,--,2.56,4,--
Imazalil,14.71,20,10.53,--,--,--,--,--,--,--,--,--
Fipronil,--,--,--,--,--,--,7.41,14.81,--,7.69,12,--
Deltamethrin,--,--,--,--,--,--,1.85,--,3.7,7.69,--,21.43
Carbofuran,--,--,--,--,--,--,7.41,11.11,3.7,2.56,4,--
Chlorpyrifos,--,--,--,8.33,14.29,--,1.85,3.7,--,--,--,--
Isoprocarb,--,--,--,4.17,7.14,--,1.85,3.7,--,2.56,4,--
Methomyl,--,--,--,--,--,--,--,--,--,7.69,12,--
Imidacloprid+beta+cyfluthrin,--,--,--,--,--,--,1.85,3.7,--,5.13,8,--
Chlorantrailiprole,--,--,--,--,--,--,1.85,3.7,--,5.13,8,--
Malathion,--,--,--,--,--,--,--,--,--,2.56,4,--
Triazophos,--,--,--,--,--,--,--,--,--,2.56,4,--
Bacillus thuringiensis,--,--,--,--,--,--,--,--,--,2.56,4,--
Carbosulfan,--,--,--,--,--,--,--,--,--,2.56,4,--
Lambdacyhalothrin+thiamethoxam,--,--,--,--,--,--,--,--,--,2.56,4,--
Molluscicides,,,,,,,,,,,,
Metaldehyde,14.71,33.33,--,29.17,50,--,--,--,--,20.51,28,7.14
Niclosamide,8.82,13.33,5.26,--,--,--,--,--,--,2.56,4,--
Niclosamide ethanolamine salt,--,--,--,4.17,7.14,--,--,--,--,5.13,8,--
Rodenticides,,,,,,,,,,,,
Zinc phosphide,52.94,33.33,68.42,41.67,14.29,80,50,29.63,70.37,56.41,44,78.57
Coumatetralyl,2.94,--,5.26,4.17,7.14,--,14.81,14.81,14.81,7.69,12,--
Fungicide,,,,,,,,,,,,
Mancozeb,--,--,--,12.5,21.43,--,1.85,--,3.7,5.13,8,--
Difenoconazole + propiconazole,--,--,--,4.17,7.14,--,5.56,11.11,--,2.56,4,--
Copper oxychloride,--,--,--,8.33,14.29,--,3.7,3.7,3.7,--,--,--
Imazalil,8.82,20,--,--,--,--,--,--,--,--,--,--
Edifenphos,--,--,--,4.17,7.14,--,--,--,--,--,--,--
Cupric hydroxide,--,--,--,--,--,--,--,--,--,2.56,4,--
Herbicides,,,,,,,,,,,,
"2,4-D IBE",--,--,--,--,--,--,31.48,22.22,40.74,25.64,8,57.14
Butachlor,--,--,--,--,--,--,12.96,22.22,3.7,25.64,24,28.57
"2,4-Damine",--,--,--,--,--,--,16.67,11.11,22.22,17.95,16,21.43
Butachlor + propanil,--,--,--,--,--,--,24.07,22.22,25.93,5.13,4,7.14
Metsulfuron methyl +,--,--,--,--,--,--,--,--,--,12.82,20,--
Pretilachlor,--,--,--,--,--,--,3.7,7.41,--,7.69,12,--
Glyphosate as potassium salt,--,--,--,--,--,--,--,--,--,2.56,--,7.14
"Thiobencarb + 2,4-d",--,--,--,--,--,--,--,--,--,2.56,4,--
Zamboanga del Sur,Jul-Dec 2006 harvest,,,Jan-Jun 2007 harvest,,,Jul-Dec 2011 harvest,,,Jan-Jun 2012 harvest,,
Active Ingredients*,ALL ECOSYSTEMS,IRRIGATED,NON-IRRIGATED,ALL ECOSYSTEMS,IRRIGATED,NON-IRRIGATED,ALL ECOSYSTEMS,IRRIGATED,NON-IRRIGATED,ALL ECOSYSTEMS,IRRIGATED,NON-IRRIGATED
,(n = 44),(n = 37),(n = 7),(n = 43),(n = 39),(n = 4),(n = 60),(n = 45),(n = 15),(n = 60),(n = 49),(n = 11)
,(Percent of farmers),,,,,,,,,,,
Insecticides,,,,,,,,,,,,
Cypermethrin,38.64,37.84,42.86,81.4,82.05,75,86.67,77.78,113.33,66.67,63.27,81.82
Cartap hydrochloride,36.36,32.43,57.14,30.23,33.33,--,50,55.56,33.33,53.33,46.94,81.82
Methomyl,--,--,--,--,--,--,13.33,4.44,40,10,6.12,27.27
Lambdacyhalothrin,--,--,--,4.65,5.13,--,23.33,26.67,13.33,6.67,8.16,--
Imazalil,27.27,27.03,28.57,--,--,--,--,--,--,--,--,--
Diazinon,4.55,2.7,14.29,6.98,7.69,--,6.67,6.67,6.67,8.33,10.2,--
Carbofuran,2.27,2.7,--,6.98,5.13,25,--,--,--,--,--,--
Betacyfluthrin,--,--,--,2.33,2.56,--,5,--,20,1.67,2.04,--
Endosulfan,11.36,13.51,--,2.33,2.56,--,--,--,--,1.67,2.04,--
Imidacloprid+beta+cyfluthrin,--,--,--,--,--,--,3.33,4.44,--,5,2.04,18.18
Betacypermethrin,4.55,5.41,--,6.98,7.69,--,3.33,4.44,--,--,--,--
Chlorpyrifos + BPMC,--,--,--,2.33,2.56,--,3.33,4.44,--,6.67,8.16,--
Niclosamide,--,--,--,2.33,--,25,--,--,--,--,--,--
Chlorpyrifos + cypermthrin,4.55,2.7,14.29,2.33,2.56,--,--,--,--,--,--,--
Deltamethrin,2.27,2.7,--,4.65,5.13,--,1.67,2.22,--,--,--,--
Chlorantrailiprole,--,--,--,--,--,--,1.67,--,6.67,3.33,4.08,--
Malathion,--,--,--,--,--,--,--,--,--,5,6.12,--
Ethofenprox,2.27,2.7,--,--,--,--,1.67,2.22,--,--,--,--
Molluscicides,,,,,,,,,,,,
Metaldehyde,2.27,--,14.29,--,--,--,--,--,--,18.33,12.24,45.45
Niclosamide,2.27,2.7,--,--,--,--,--,--,--,11.67,12.24,9.09
Niclosamide ethanolamine salt,2.27,2.7,--,6.98,7.69,--,--,--,--,--,--,--
Rodenticides,,,,,,,,,,,,
Zinc phosphide,13.64,13.51,14.29,30.23,30.77,25,70,73.33,60,80,83.67,63.64
Coumatetralyl,4.55,5.41,--,4.65,5.13,--,11.67,8.89,20,3.33,2.04,9.09
Fungicide,,,,,,,,,,,,
Difenoconazole + propiconazole,--,--,--,--,--,--,21.67,17.78,33.33,8.33,6.12,18.18
Copper hydroxide,--,--,--,2.33,2.56,--,8.33,8.89,6.67,3.33,2.04,9.09
Imazalil,--,--,--,2.33,--,25,--,--,--,--,--,--
Mancozeb,--,--,--,4.65,5.13,--,3.33,4.44,--,--,--,--
Thiophanate methyl,--,--,--,4.65,5.13,--,1.67,2.22,--,--,--,--
Edifenphos,2.27,2.7,--,2.33,2.56,--,--,--,--,--,--,--
Herbicides,,,,,,,,,,,,
"Butachlor + 2,4-D IBE",--,--,--,--,--,--,93.33,88.89,106.67,88.33,87.76,90.91
"2,4-D IBE",--,--,--,--,--,--,35,33.33,40,36.67,42.86,9.09
Bispyribac sodium,--,--,--,--,--,--,--,--,--,8.33,2.04,36.36
"Thiobencarb + 2,4-d",--,--,--,--,--,--,--,--,--,6.67,6.12,9.09
Zamboanga Sibugay,Jul-Dec 2006 harvest,,,Jan-Jun 2007 harvest,,,Jul-Dec 2011 harvest,,,Jan-Jun 2012 harvest,,
Active Ingredients*,ALL ECOSYSTEMS,IRRIGATED,NON-IRRIGATED,ALL ECOSYSTEMS,IRRIGATED,NON-IRRIGATED,ALL ECOSYSTEMS,IRRIGATED,NON-IRRIGATED,ALL ECOSYSTEMS,IRRIGATED,NON-IRRIGATED
,(n = 21),(n = 4),(n = 17),(n = 13),(n = 3),(n = 10),(n = 25),(n = 9),(n = 16),(n = 25),(n = 6),(n = 19)
,(Percent of farmers),,,,,,,,,,,
Insecticides,,,,,,,,,,,,
Cypermethrin,57.14,50,58.82,69.23,33.33,80,84,111.11,68.75,100,100,100
Lambdacyhalothrin,9.52,--,11.76,7.69,--,10,52,44.44,56.25,28,50,21.05
Cartap hydrochloride,9.52,--,11.76,--,--,--,36,44.44,31.25,32,66.67,21.05
Chlorpyrifos + BPMC,9.52,25,5.88,15.38,33.33,10,12,11.11,12.5,12,33.33,5.26
Diazinon,23.81,--,29.41,15.38,33.33,10,--,--,--,8,16.67,5.26
Chlorpyrifos,4.76,--,5.88,15.38,--,20,12,--,18.75,8,--,10.53
Malathion,9.52,25,5.88,7.69,33.33,--,--,--,--,--,--,--
Methomyl,--,--,--,--,--,--,16,11.11,18.75,12,--,15.79
Endosulfan,4.76,25,--,--,--,--,12,11.11,12.5,--,--,--
Phentoate + BPMC,--,--,--,--,--,--,8,--,12.5,12,16.67,10.53
Imazalil,14.29,25,11.76,--,--,--,--,--,--,--,--,--
Deltamethrin,4.76,--,5.88,--,--,--,4,--,6.25,8,--,10.53
Imidacloprid+beta+cyfluthrin,--,--,--,--,--,--,4,11.11,--,4,16.67,--
Isoprocarb,4.76,25,--,--,--,--,--,--,--,--,--,--
BPMC,4.76,25,--,--,--,--,--,--,--,--,--,--
Thiamethoxam,--,--,--,--,--,--,4,--,6.25,8,--,10.53
Carbofuran,--,--,--,--,--,--,4,--,6.25,4,--,5.26
Chlorpyrifos + cypermthrin,--,--,--,7.69,--,10,--,--,--,--,--,--
Betacypermethrin,4.76,--,5.88,--,--,--,--,--,--,--,--,--
Ethofenprox,--,--,--,--,--,--,4,--,6.25,--,--,--
MIPC,--,--,--,--,--,--,4,--,6.25,--,--,--
Triazophos,--,--,--,--,--,--,--,--,--,4,--,5.26
Molluscicides,,,,,,,,,,,,
Metaldehyde,4.76,--,5.88,--,--,--,--,--,--,72,66.67,73.68
Niclosamide,--,--,--,7.69,--,10,--,--,--,8,16.67,5.26
Imazalil,9.52,--,11.76,--,--,--,--,--,--,--,--,--
Rodenticides,,,,,,,,,,,,
Zinc phosphide,23.81,25,23.53,46.15,33.33,50,80,88.89,75,68,66.67,68.42
Coumatetralyl,--,--,--,--,--,--,4,--,6.25,4,--,5.26
Fungicide,,,,,,,,,,,,
Difenoconazole + propiconazole,--,--,--,--,--,--,4,--,6.25,24,16.67,26.32
Copper hydroxide,9.52,25,5.88,--,--,--,4,--,6.25,4,--,5.26
Thiophanate methyl,--,--,--,--,--,--,4,11.11,--,4,16.67,--
Imazalil,9.52,--,11.76,--,--,--,--,--,--,--,--,--
Chlorothalonil,4.76,--,5.88,--,--,--,--,--,--,--,--,--
Unidentified,--,--,--,--,--,--,4,--,6.25,--,--,--
Copper oxychloride,--,--,--,--,--,--,--,--,--,4,--,5.26
Cupric hydroxide,--,--,--,--,--,--,--,--,--,4,--,5.26
Herbicides,,,,,,,,,,,,
"2,4-D IBE",--,--,--,--,--,--,52,33.33,62.5,44,33.33,47.37
Oxadiazon,--,--,--,--,--,--,24,44.44,12.5,12,16.67,10.53
"Butachlor + 2,4-D IBE",--,--,--,--,--,--,24,33.33,18.75,16,--,21.05
Pretilachlor,--,--,--,--,--,--,4,11.11,--,8,33.33,--
Butachlor,--,--,--,--,--,--,12,--,18.75,8,--,10.53
Pyribenzoxim,--,--,--,--,--,--,--,--,--,4,16.67,--
Metsulfuron methyl +,--,--,--,--,--,--,--,--,--,4,16.67,--
Butachlor + safener,--,--,--,--,--,--,4,11.11,--,--,--,--
Diuron,--,--,--,--,--,--,4,--,6.25,--,--,--
"Thiobencarb + 2,4-D Ibe",--,--,--,--,--,--,4,--,6.25,--,--,--
"Thiobencarb + 2,4-d",--,--,--,--,--,--,--,--,--,4,--,5.26
Bukidnon,Jul-Dec 2006 harvest,,,Jan-Jun 2007 harvest,,,Jul-Dec 2011 harvest,,,Jan-Jun 2012 harvest,,
Active Ingredients*,ALL ECOSYSTEMS,IRRIGATED,NON-IRRIGATED,ALL ECOSYSTEMS,IRRIGATED,NON-IRRIGATED,ALL ECOSYSTEMS,IRRIGATED,NON-IRRIGATED,ALL ECOSYSTEMS,IRRIGATED,NON-IRRIGATED
,(n = 39),(n = 27),(n = 12),(n = 30),(n = 26),(n = 4),(n = 80),(n = 67),(n = 13),(n = 75),(n = 69),(n = 6)
,(Percent of farmers),,,,,,,,,,,
Insecticides,,,,,,,,,,,,
Cypermethrin,61.54,59.26,66.67,100,96.15,125,85,89.55,61.54,70.67,69.57,83.33
Lambdacyhalothrin,20.51,18.52,25,26.67,26.92,25,37.5,37.31,38.46,20,20.29,16.67
Cartap hydrochloride,10.26,14.81,--,13.33,15.38,--,25,28.36,7.69,29.33,30.43,16.67
Imazalil,66.67,77.78,41.67,--,--,--,--,--,--,--,--,--
Phentoate + BPMC,17.95,18.52,16.67,3.33,3.85,--,17.5,20.9,--,12,11.59,16.67
Diazinon,2.56,--,8.33,10,7.69,25,10,10.45,7.69,9.33,8.7,16.67
Malathion,--,--,--,10,11.54,--,3.75,2.99,7.69,10.67,10.14,16.67
Methomyl,--,--,--,--,--,--,7.5,8.96,--,16,17.39,--
Betacypermethrin,7.69,11.11,--,6.67,7.69,--,2.5,2.99,--,4,4.35,--
Imidacloprid+beta+cyfluthrin,--,--,--,--,--,--,6.25,4.48,15.38,8,8.7,--
Carbofuran,--,--,--,6.67,7.69,--,5,5.97,--,4,4.35,--
Chlorpyrifos + BPMC,--,--,--,6.67,7.69,--,3.75,4.48,--,2.67,2.9,--
Betacyfluthrin,--,--,--,--,--,--,6.25,7.46,--,5.33,5.8,--
Phenthoate + BPMC,--,--,--,10,11.54,--,--,--,--,--,--,--
MIPC,--,--,--,6.67,7.69,--,2.5,2.99,--,--,--,--
Deltamethrin,2.56,3.7,--,--,--,--,2.5,2.99,--,2.67,2.9,--
Chlorpyrifos,2.56,3.7,--,--,--,--,2.5,2.99,--,1.33,1.45,--
Unidentified,--,--,--,--,--,--,5,5.97,--,--,--,--
Lambacyhalothrin,--,--,--,--,--,--,1.25,--,7.69,--,--,--
Lambdacyhalothrin+thiamethoxam,--,--,--,--,--,--,1.25,--,7.69,--,--,--
Phenthoate,--,--,--,3.33,3.85,--,--,--,--,--,--,--
Molluscicides,,,,,,,,,,,,
Niclosamide ethanolamine salt,5.13,7.41,--,13.33,15.38,--,--,--,--,17.33,17.39,16.67
Niclosamide,2.56,3.7,--,6.67,7.69,--,--,--,--,6.67,7.25,--
Metaldehyde,--,--,--,3.33,3.85,--,--,--,--,4,2.9,16.67
Imazalil,2.56,3.7,--,--,--,--,--,--,--,--,--,--
Rodenticides,,,,,,,,,,,,
Zinc phosphide,5.13,3.7,8.33,--,--,--,12.5,10.45,23.08,8,4.35,50
Coumatetralyl,--,--,--,--,--,--,3.75,2.99,7.69,1.33,--,16.67
Fungicide,,,,,,,,,,,,
Copper hydroxide,5.13,3.7,8.33,--,--,--,7.5,8.96,--,5.33,5.8,--
Difenoconazole + propiconazole,--,--,--,--,--,--,5,5.97,--,4,4.35,--
Tebuconazole,--,--,--,--,--,--,--,--,--,1.33,--,16.67
Mancozeb,--,--,--,--,--,--,2.5,1.49,7.69,--,--,--
Chlorothalonil,--,--,--,--,--,--,1.25,1.49,--,4,4.35,--
Thiophanate methyl,--,--,--,3.33,3.85,--,--,--,--,1.33,1.45,--
Edifenphos,--,--,--,--,--,--,1.25,--,7.69,--,--,--
Benomyl,--,--,--,--,--,--,1.25,--,7.69,--,--,--
Herbicides,,,,,,,,,,,,
Butachlor + propanil,--,--,--,--,--,--,45,49.25,23.08,41.33,42.03,33.33
"2,4-D IBE",--,--,--,--,--,--,30,25.37,53.85,26.67,26.09,33.33
Bispyribac sodium,--,--,--,--,--,--,13.75,13.43,15.38,5.33,5.8,--
Oxadiazon,--,--,--,--,--,--,10,10.45,7.69,10.67,11.59,--
Butachlor,--,--,--,--,--,--,--,--,--,6.67,5.8,16.67
Pyribenzoxim,--,--,--,--,--,--,3.75,2.99,7.69,4,4.35,--
Pendimethalin,--,--,--,--,--,--,--,--,--,1.33,--,16.67
Fenoxaprop p-ethyl,--,--,--,--,--,--,1.25,1.49,--,5.33,5.8,--
Glyphosate di-ammonium salt,--,--,--,--,--,--,1.25,--,7.69,--,--,--
Davao de Oro,Jul-Dec 2006 harvest,,,Jan-Jun 2007 harvest,,,Jul-Dec 2011 harvest,,,Jan-Jun 2012 harvest,,
Active Ingredients*,ALL ECOSYSTEMS,IRRIGATED,NON-IRRIGATED,ALL ECOSYSTEMS,IRRIGATED,NON-IRRIGATED,ALL ECOSYSTEMS,IRRIGATED,NON-IRRIGATED,ALL ECOSYSTEMS,IRRIGATED,NON-IRRIGATED
,(n = 10),(n = 10),(n = 0),(n = 12),(n = 12),(n = 0),(n = 26),(n = 22),(n = 4),(n = 25),(n = 20),(n = 5)
,(Percent of farmers),,,,,,,,,,,
Insecticides,,,,,,,,,,,,
Cypermethrin,110,110,--,175,175,--,111.54,113.64,100,116,115,120
Methomyl,--,--,--,--,--,--,30.77,31.82,25,28,30,20
Cartap hydrochloride,10,10,--,8.33,8.33,--,11.54,9.09,25,16,10,40
Betacypermethrin,10,10,--,8.33,8.33,--,7.69,4.55,25,8,--,40
Lambdacyhalothrin,10,10,--,16.67,16.67,--,11.54,13.64,--,12,15,--
Imazalil,50,50,--,--,--,--,--,--,--,--,--,--
Deltamethrin,10,10,--,--,--,--,19.23,22.73,--,8,10,--
Chlorpyrifos + BPMC,10,10,--,--,--,--,7.69,9.09,--,12,10,20
Ethofenprox,--,--,--,--,--,--,11.54,4.55,50,--,--,--
Chlorpyrifos,10,10,--,8.33,8.33,--,--,--,--,4,5,--
Thiamethoxam,--,--,--,--,--,--,11.54,9.09,25,--,--,--
Diazinon,10,10,--,--,--,--,7.69,9.09,--,--,--,--
Carbofuran,--,--,--,--,--,--,3.85,4.55,--,8,10,--
Phentoate + BPMC,--,--,--,--,--,--,7.69,9.09,--,4,5,--
Imidacloprid+beta+cyfluthrin,--,--,--,--,--,--,3.85,4.55,--,4,5,--
Phenthoate,--,--,--,8.33,8.33,--,--,--,--,--,--,--
Betacyfluthrin,--,--,--,--,--,--,--,--,--,4,5,--
Chlorantrailiprole,--,--,--,--,--,--,--,--,--,4,5,--
Unidentified,--,--,--,--,--,--,3.85,4.55,--,--,--,--
Molluscicides,,,,,,,,,,,,
Niclosamide,10,10,--,--,--,--,--,--,--,52,45,80
Niclosamide ethanolamine salt,--,--,--,25,25,--,--,--,--,32,35,20
Imazalil,10,10,--,--,--,--,--,--,--,--,--,--
Rodenticides,,,,,,,,,,,,
Zinc phosphide,20,20,--,33.33,33.33,--,38.46,36.36,50,48,45,60
Coumatetralyl,--,--,--,--,--,--,15.38,18.18,--,4,5,--
Fungicide,,,,,,,,,,,,
Mancozeb,40,40,--,16.67,16.67,--,15.38,13.64,25,8,10,--
Copper hydroxide,20,20,--,8.33,8.33,--,15.38,18.18,--,--,--,--
Difenoconazole + propiconazole,--,--,--,--,--,--,3.85,--,25,4,--,20
Difenoconazole,--,--,--,--,--,--,--,--,--,4,--,20
Cupric hydroxide,--,--,--,--,--,--,--,--,--,8,10,--
Herbicides,,,,,,,,,,,,
Butachlor + propanil,--,--,--,--,--,--,69.23,63.64,100,68,60,100
"2,4-D IBE",--,--,--,--,--,--,46.15,45.45,50,20,25,--
Bispyribac sodium,--,--,--,--,--,--,7.69,4.55,25,4,--,20
Butachlor,--,--,--,--,--,--,3.85,4.55,--,8,10,--
Pyribenzoxim,--,--,--,--,--,--,--,--,--,4,5,--
Davao del Norte,Jul-Dec 2006 harvest,,,Jan-Jun 2007 harvest,,,Jul-Dec 2011 harvest,,,Jan-Jun 2012 harvest,,
Active Ingredients*,ALL ECOSYSTEMS,IRRIGATED,NON-IRRIGATED,ALL ECOSYSTEMS,IRRIGATED,NON-IRRIGATED,ALL ECOSYSTEMS,IRRIGATED,NON-IRRIGATED,ALL ECOSYSTEMS,IRRIGATED,NON-IRRIGATED
,(n = 19),(n = 19),(n = 0),(n = 18),(n = 18),(n = 0),(n = 34),(n = 34),(n = 0),(n = 34),(n = 34),(n = 0)
,(Percent of farmers),,,,,,,,,,,
Insecticides,,,,,,,,,,,,
Cypermethrin,68.42,68.42,--,105.56,105.56,--,100,100,--,91.18,91.18,--
Betacyfluthrin,10.53,10.53,--,22.22,22.22,--,11.76,11.76,--,8.82,8.82,--
Phentoate + BPMC,21.05,21.05,--,11.11,11.11,--,8.82,8.82,--,8.82,8.82,--
Imazalil,47.37,47.37,--,--,--,--,--,--,--,--,--,--
Chlorpyrifos + BPMC,5.26,5.26,--,5.56,5.56,--,11.76,11.76,--,8.82,8.82,--
Lambdacyhalothrin,--,--,--,5.56,5.56,--,14.71,14.71,--,5.88,5.88,--
Carbofuran,--,--,--,--,--,--,8.82,8.82,--,14.71,14.71,--
Chlorpyrifos,--,--,--,11.11,11.11,--,8.82,8.82,--,2.94,2.94,--
Triazophos,10.53,10.53,--,5.56,5.56,--,2.94,2.94,--,--,--,--
Diazinon,--,--,--,--,--,--,8.82,8.82,--,8.82,8.82,--
Betacypermethrin,5.26,5.26,--,5.56,5.56,--,2.94,2.94,--,2.94,2.94,--
BPMC,--,--,--,5.56,5.56,--,5.88,5.88,--,2.94,2.94,--
Chlorantrailiprole,--,--,--,--,--,--,11.76,11.76,--,--,--,--
Cartap hydrochloride,--,--,--,5.56,5.56,--,--,--,--,2.94,2.94,--
Deltamethrin,--,--,--,--,--,--,5.88,5.88,--,--,--,--
Methomyl,--,--,--,--,--,--,--,--,--,5.88,5.88,--
Esfenvalerate,--,--,--,5.56,5.56,--,--,--,--,--,--,--
Propineb,--,--,--,5.56,5.56,--,--,--,--,--,--,--
Ethofenprox,--,--,--,5.56,5.56,--,--,--,--,--,--,--
Avermectin,--,--,--,5.56,5.56,--,--,--,--,--,--,--
Molluscicides,,,,,,,,,,,,
Niclosamide,36.84,36.84,--,16.67,16.67,--,--,--,--,64.71,64.71,--
Metaldehyde,10.53,10.53,--,5.56,5.56,--,--,--,--,26.47,26.47,--
Niclosamide ethanolamine salt,--,--,--,16.67,16.67,--,--,--,--,5.88,5.88,--
Imazalil,21.05,21.05,--,--,--,--,--,--,--,--,--,--
Rodenticides,,,,,,,,,,,,
Zinc phosphide,15.79,15.79,--,22.22,22.22,--,64.71,64.71,--,26.47,26.47,--
Fungicide,,,,,,,,,,,,
Mancozeb,5.26,5.26,--,5.56,5.56,--,14.71,14.71,--,11.76,11.76,--
Chlorothalonil,5.26,5.26,--,--,--,--,11.76,11.76,--,2.94,2.94,--
Difenoconazole + propiconazole,--,--,--,--,--,--,2.94,2.94,--,2.94,2.94,--
Copper oxychloride,--,--,--,5.56,5.56,--,--,--,--,--,--,--
Thiodiazole copper,5.26,5.26,--,--,--,--,--,--,--,--,--,--
Imazalil,5.26,5.26,--,--,--,--,--,--,--,--,--,--
Copper hydroxide,5.26,5.26,--,--,--,--,--,--,--,--,--,--
Herbicides,,,,,,,,,,,,
"Butachlor + 2,4-D IBE",--,--,--,--,--,--,38.24,38.24,--,38.24,38.24,--
Butachlor,--,--,--,--,--,--,26.47,26.47,--,23.53,23.53,--
"2,4-D IBE",--,--,--,--,--,--,14.71,14.71,--,14.71,14.71,--
Butachlor + propanil,--,--,--,--,--,--,5.88,5.88,--,17.65,17.65,--
Pretilachlor,--,--,--,--,--,--,11.76,11.76,--,2.94,2.94,--
Pyribenzoxim,--,--,--,--,--,--,5.88,5.88,--,2.94,2.94,--
Butachlor + safener,--,--,--,--,--,--,2.94,2.94,--,2.94,2.94,--
Davao del Sur,Jul-Dec 2006 harvest,,,Jan-Jun 2007 harvest,,,Jul-Dec 2011 harvest,,,Jan-Jun 2012 harvest,,
Active Ingredients*,ALL ECOSYSTEMS,IRRIGATED,NON-IRRIGATED,ALL ECOSYSTEMS,IRRIGATED,NON-IRRIGATED,ALL ECOSYSTEMS,IRRIGATED,NON-IRRIGATED,ALL ECOSYSTEMS,IRRIGATED,NON-IRRIGATED
,(n = 29),(n = 28),(n = 1),(n = 32),(n = 32),(n = 0),(n = 58),(n = 58),(n = 0),(n = 57),(n = 57),(n = 0)
,(Percent of farmers),,,,,,,,,,,
Insecticides,,,,,,,,,,,,
Cypermethrin,62.07,64.29,--,75,75,--,62.07,62.07,--,75.44,75.44,--
Imazalil,20.69,17.86,100,--,--,--,--,--,--,--,--,--
Chlorpyrifos + BPMC,10.34,10.71,--,15.63,15.63,--,20.69,20.69,--,19.3,19.3,--
BPMC,13.79,14.29,--,6.25,6.25,--,--,--,--,3.51,3.51,--
Diazinon,--,--,--,--,--,--,8.62,8.62,--,8.77,8.77,--
Ethofenprox,6.9,7.14,--,3.13,3.13,--,5.17,5.17,--,--,--,--
Lambdacyhalothrin,--,--,--,--,--,--,10.34,10.34,--,3.51,3.51,--
Endosulfan,--,--,--,--,--,--,3.45,3.45,--,8.77,8.77,--
Lambdacyhalothrin+thiamethoxam,--,--,--,--,--,--,6.9,6.9,--,5.26,5.26,--
Phentoate + BPMC,--,--,--,--,--,--,8.62,8.62,--,3.51,3.51,--
Chlorpyrifos,6.9,7.14,--,3.13,3.13,--,1.72,1.72,--,--,--,--
Cartap hydrochloride,--,--,--,3.13,3.13,--,5.17,5.17,--,3.51,3.51,--
Carbofuran,--,--,--,6.25,6.25,--,1.72,1.72,--,3.51,3.51,--
Deltamethrin,3.45,3.57,--,3.13,3.13,--,1.72,1.72,--,1.75,1.75,--
Methomyl,--,--,--,--,--,--,1.72,1.72,--,7.02,7.02,--
Thiamethoxam,--,--,--,3.13,3.13,--,1.72,1.72,--,1.75,1.75,--
Carbaryl,3.45,3.57,--,--,--,--,--,--,--,1.75,1.75,--
Betacyfluthrin,3.45,3.57,--,--,--,--,1.72,1.72,--,--,--,--
Phenthoate,--,--,--,--,--,--,1.72,1.72,--,3.51,3.51,--
Chlorantrailiprole,--,--,--,--,--,--,1.72,1.72,--,1.75,1.75,--
Mn-Zn ethylene bisdithiocarbamate,--,--,--,--,--,--,1.72,1.72,--,1.75,1.75,--
Mancozeb,--,--,--,--,--,--,3.45,3.45,--,--,--,--
Malathion,--,--,--,3.13,3.13,--,--,--,--,--,--,--
Molluscicides,,,,,,,,,,,,
Niclosamide ethanolamine salt,10.34,10.71,--,40.63,40.63,--,--,--,--,10.53,10.53,--
Niclosamide,10.34,10.71,--,9.38,9.38,--,--,--,--,21.05,21.05,--
Metaldehyde,10.34,10.71,--,6.25,6.25,--,--,--,--,1.75,1.75,--
Imazalil,6.9,7.14,--,--,--,--,--,--,--,--,--,--
Rodenticides,,,,,,,,,,,,
Zinc phosphide,13.79,14.29,--,25,25,--,17.24,17.24,--,14.04,14.04,--
Coumatetralyl,--,--,--,--,--,--,3.45,3.45,--,1.75,1.75,--
Fungicide,,,,,,,,,,,,
Thiophanate methyl,--,--,--,--,--,--,10.34,10.34,--,1.75,1.75,--
Mancozeb,--,--,--,--,--,--,1.72,1.72,--,7.02,7.02,--
Copper hydroxide,--,--,--,--,--,--,6.9,6.9,--,1.75,1.75,--
Edifenphos,3.45,3.57,--,--,--,--,--,--,--,--,--,--
Herbicides,,,,,,,,,,,,
"2,4-D IBE",--,--,--,--,--,--,25.86,25.86,--,33.33,33.33,--
Butachlor + safener,--,--,--,--,--,--,25.86,25.86,--,26.32,26.32,--
Butachlor + propanil,--,--,--,--,--,--,18.97,18.97,--,22.81,22.81,--
"Butachlor + 2,4-D IBE",--,--,--,--,--,--,18.97,18.97,--,14.04,14.04,--
Pyribenzoxim,--,--,--,--,--,--,6.9,6.9,--,10.53,10.53,--
Pretilachlor,--,--,--,--,--,--,5.17,5.17,--,5.26,5.26,--
Butachlor,--,--,--,--,--,--,3.45,3.45,--,1.75,1.75,--
Metsulfuron methyl +,--,--,--,--,--,--,1.72,1.72,--,1.75,1.75,--
Glyphosate IPA,--,--,--,--,--,--,3.45,3.45,--,--,--,--
Davao Oriental,Jul-Dec 2006 harvest,,,Jan-Jun 2007 harvest,,,Jul-Dec 2011 harvest,,,Jan-Jun 2012 harvest,,
Active Ingredients*,ALL ECOSYSTEMS,IRRIGATED,NON-IRRIGATED,ALL ECOSYSTEMS,IRRIGATED,NON-IRRIGATED,ALL ECOSYSTEMS,IRRIGATED,NON-IRRIGATED,ALL ECOSYSTEMS,IRRIGATED,NON-IRRIGATED
,(n = 59),(n = 57),(n = 2),(n = 60),(n = 58),(n = 2),(n = 60),(n = 60),(n = 0),(n = 60),(n = 60),(n = 0)
,(Percent of farmers),,,,,,,,,,,
Insecticides,,,,,,,,,,,,
Cypermethrin,6.78,5.26,50,33.33,31.03,100,41.67,41.67,--,46.67,46.67,--
Ethofenprox,40.68,42.11,--,43.33,43.1,50,50,50,--,26.67,26.67,--
Imazalil,100,98.25,150,--,--,--,--,--,--,--,--,--
Chlorpyrifos + BPMC,22.03,22.81,--,40,39.66,50,31.67,31.67,--,50,50,--
Chlorpyrifos,23.73,24.56,--,26.67,24.14,100,31.67,31.67,--,1.67,1.67,--
BPMC,8.47,8.77,--,20,20.69,--,13.33,13.33,--,21.67,21.67,--
Thiamethoxam,--,--,--,35,36.21,--,11.67,11.67,--,3.33,3.33,--
Fipronil,--,--,--,8.33,8.62,--,18.33,18.33,--,18.33,18.33,--
Deltamethrin,8.47,8.77,--,10,10.34,--,11.67,11.67,--,13.33,13.33,--
Phentoate + BPMC,3.39,3.51,--,1.67,1.72,--,21.67,21.67,--,8.33,8.33,--
Imidacloprid,5.08,5.26,--,20,20.69,--,3.33,3.33,--,5,5,--
Cartap hydrochloride,3.39,3.51,--,6.67,6.9,--,6.67,6.67,--,11.67,11.67,--
Betacyfluthrin,11.86,12.28,--,6.67,6.9,--,1.67,1.67,--,1.67,1.67,--
Diazinon,5.08,5.26,--,1.67,1.72,--,10,10,--,3.33,3.33,--
Lambdacyhalothrin,6.78,7.02,--,--,--,--,5,5,--,3.33,3.33,--
Propineb,1.69,1.75,--,1.67,1.72,--,5,5,--,5,5,--
Betacypermethrin,--,--,--,1.67,1.72,--,5,5,--,6.67,6.67,--
Imidacloprid+beta+cyfluthrin,--,--,--,--,--,--,8.33,8.33,--,5,5,--
Carbofuran,1.69,1.75,--,1.67,1.72,--,8.33,8.33,--,--,--,--
Isoprocarb,--,--,--,3.33,3.45,--,5,5,--,3.33,3.33,--
Methomyl,--,--,--,3.33,3.45,--,--,--,--,5,5,--
Malathion,--,--,--,--,--,--,3.33,3.33,--,3.33,3.33,--
MIPC,--,--,--,5,5.17,--,--,--,--,--,--,--
Unidentified,--,--,--,--,--,--,3.33,3.33,--,--,--,--
Molluscicides,,,,,,,,,,,,
Niclosamide,52.54,54.39,--,1.67,1.72,--,--,--,--,15,15,--
Niclosamide ethanolamine salt,--,--,--,28.33,29.31,--,--,--,--,40,40,--
Methyldehyde + niclosamide,3.39,3.51,--,3.33,3.45,--,--,--,--,--,--,--
Metaldehyde,--,--,--,--,--,--,--,--,--,3.33,3.33,--
Rodenticides,,,,,,,,,,,,
Zinc phosphide,20.34,19.3,50,16.67,17.24,--,11.67,11.67,--,11.67,11.67,--
Coumatetralyl,1.69,1.75,--,--,--,--,1.67,1.67,--,--,--,--
Fungicide,,,,,,,,,,,,
Thiophanate methyl,--,--,--,25,25.86,--,28.33,28.33,--,33.33,33.33,--
Mancozeb,3.39,1.75,50,5,5.17,--,20,20,--,6.67,6.67,--
Chlorothalonil,13.56,14.04,--,10,10.34,--,8.33,8.33,--,10,10,--
Imazalil,11.86,12.28,--,--,--,--,--,--,--,--,--,--
Benomyl,6.78,7.02,--,3.33,3.45,--,1.67,1.67,--,--,--,--
Edifenphos,3.39,3.51,--,3.33,3.45,--,--,--,--,5,5,--
Difenoconazole + propiconazole,--,--,--,--,--,--,--,--,--,8.33,8.33,--
Thiram,--,--,--,--,--,--,6.67,6.67,--,--,--,--
Propiconazole,--,--,--,--,--,--,3.33,3.33,--,--,--,--
Copper hydroxide,--,--,--,--,--,--,3.33,3.33,--,--,--,--
Copper oxychloride,--,--,--,--,--,--,1.67,1.67,--,1.67,1.67,--
Herbicides,,,,,,,,,,,,
Butachlor,--,--,--,--,--,--,25,25,--,45,45,--
"2,4-D IBE",--,--,--,--,--,--,38.33,38.33,--,21.67,21.67,--
"Thiobencarb + 2,4-D Ibe",--,--,--,--,--,--,21.67,21.67,--,--,--,--
"Thiobencarb + 2,4-d",--,--,--,--,--,--,--,--,--,20,20,--
Pretilachlor,--,--,--,--,--,--,8.33,8.33,--,5,5,--
Bensulfuron methyl,--,--,--,--,--,--,1.67,1.67,--,6.67,6.67,--
"2,4-Damine",--,--,--,--,--,--,--,--,--,3.33,3.33,--
"Piperophos + 2,4-D IBE",--,--,--,--,--,--,1.67,1.67,--,1.67,1.67,--
Glyphosate IPA,--,--,--,--,--,--,3.33,3.33,--,--,--,--
North Cotabato,Jul-Dec 2006 harvest,,,Jan-Jun 2007 harvest,,,Jul-Dec 2011 harvest,,,Jan-Jun 2012 harvest,,
Active Ingredients*,ALL ECOSYSTEMS,IRRIGATED,NON-IRRIGATED,ALL ECOSYSTEMS,IRRIGATED,NON-IRRIGATED,ALL ECOSYSTEMS,IRRIGATED,NON-IRRIGATED,ALL ECOSYSTEMS,IRRIGATED,NON-IRRIGATED
,(n = 39),(n = 29),(n = 10),(n = 28),(n = 25),(n = 3),(n = 85),(n = 59),(n = 26),(n = 67),(n = 48),(n = 19)
,(Percent of farmers),,,,,,,,,,,
Insecticides,,,,,,,,,,,,
Cypermethrin,89.74,89.66,90,167.86,168,166.67,111.76,106.78,123.08,105.97,102.08,115.79
Cartap hydrochloride,23.08,27.59,10,35.71,40,--,14.12,20.34,--,23.88,25,21.05
Diazinon,15.38,10.34,30,14.29,12,33.33,12.94,11.86,15.38,8.96,6.25,15.79
Lambdacyhalothrin,5.13,6.9,--,7.14,8,--,37.65,40.68,30.77,8.96,10.42,5.26
Imazalil,53.85,58.62,40,--,--,--,--,--,--,--,--,--
Phentoate + BPMC,5.13,6.9,--,32.14,36,--,14.12,18.64,3.85,5.97,8.33,--
Methomyl,2.56,3.45,--,--,--,--,9.41,3.39,23.08,19.4,22.92,10.53
Betacypermethrin,--,--,--,7.14,8,--,15.29,10.17,26.92,5.97,6.25,5.26
Endosulfan,7.69,10.34,--,10.71,12,--,4.71,3.39,7.69,2.99,4.17,--
Imidacloprid+beta+cyfluthrin,--,--,--,--,--,--,11.76,16.95,--,11.94,12.5,10.53
Triazophos,--,--,--,7.14,4,33.33,4.71,5.08,3.85,--,--,--
Fipronil,--,--,--,21.43,24,--,2.35,1.69,3.85,--,--,--
BPMC,7.69,6.9,10,7.14,8,--,3.53,5.08,--,1.49,2.08,--
Chlorpyrifos + BPMC,--,--,--,--,--,--,4.71,3.39,7.69,10.45,8.33,15.79
Chlorpyrifos,2.56,3.45,--,--,--,--,11.76,13.56,7.69,4.48,6.25,--
Deltamethrin,5.13,3.45,10,--,--,--,2.35,3.39,--,7.46,6.25,10.53
Carbofuran,--,--,--,3.57,4,--,8.24,8.47,7.69,4.48,6.25,--
Betacyfluthrin,2.56,--,10,--,--,--,8.24,8.47,7.69,--,--,--
Lambdacyhalothrin+thiamethoxam,--,--,--,--,--,--,4.71,6.78,--,8.96,10.42,5.26
Unidentified,--,--,--,--,--,--,9.41,6.78,15.38,--,--,--
Malathion,--,--,--,--,--,--,2.35,1.69,3.85,2.99,2.08,5.26
Thiamethoxam,--,--,--,--,--,--,4.71,6.78,--,1.49,2.08,--
Ethofenprox,--,--,--,3.57,4,--,--,--,--,--,--,--
Methamidophos,--,--,--,3.57,4,--,--,--,--,--,--,--
Phenthoate,--,--,--,--,--,--,--,--,--,1.49,--,5.26
Cypermethrin PRSD,--,--,--,--,--,--,1.18,1.69,--,1.49,2.08,--
Molluscicides,,,,,,,,,,,,
Metaldehyde,12.82,6.9,30,--,--,--,--,--,--,5.97,8.33,--
Niclosamide,17.95,24.14,--,3.57,4,--,--,--,--,4.48,4.17,5.26
Niclosamide ethanolamine salt,--,--,--,3.57,4,--,--,--,--,16.42,20.83,5.26
Methyldehyde + niclosamide,2.56,--,10,--,--,--,--,--,--,--,--,--
Rodenticides,,,,,,,,,,,,
Zinc phosphide,2.56,3.45,--,--,--,--,36.47,40.68,26.92,8.96,8.33,10.53
Coumatetralyl,--,--,--,3.57,4,--,--,--,--,--,--,--
Fungicide,,,,,,,,,,,,
Difenoconazole + propiconazole,--,--,--,--,--,--,7.06,6.78,7.69,4.48,6.25,--
Copper hydroxide,--,--,--,--,--,--,10.59,11.86,7.69,--,--,--
Mancozeb,5.13,6.9,--,--,--,--,4.71,5.08,3.85,1.49,2.08,--
Benomyl,--,--,--,--,--,--,7.06,5.08,11.54,--,--,--
Thiophanate methyl,--,--,--,--,--,--,2.35,1.69,3.85,--,--,--
Difenoconazole,--,--,--,--,--,--,1.18,1.69,--,1.49,2.08,--
Copper oxychloride,--,--,--,--,--,--,1.18,1.69,--,1.49,2.08,--
Imazalil,2.56,3.45,--,--,--,--,--,--,--,--,--,--
Herbicides,,,,,,,,,,,,
Butachlor + propanil,--,--,--,--,--,--,31.76,32.2,30.77,28.36,29.17,26.32
"2,4-D IBE",--,--,--,--,--,--,24.71,28.81,15.38,29.85,39.58,5.26
Oxadiazon,--,--,--,--,--,--,16.47,6.78,38.46,13.43,4.17,36.84
Pretilachlor,--,--,--,--,--,--,24.71,33.9,3.85,17.91,22.92,5.26
Cyhalofop butyl,--,--,--,--,--,--,9.41,8.47,11.54,19.4,10.42,42.11
Bispyribac sodium,--,--,--,--,--,--,17.65,20.34,11.54,11.94,10.42,15.79
Butachlor,--,--,--,--,--,--,5.88,6.78,3.85,8.96,6.25,15.79
Butachlor + safener,--,--,--,--,--,--,3.53,3.39,3.85,7.46,6.25,10.53
"Butachlor + 2,4-D IBE",--,--,--,--,--,--,7.06,10.17,--,5.97,6.25,5.26
Pyribenzoxim,--,--,--,--,--,--,1.18,1.69,--,2.99,2.08,5.26
Diuron,--,--,--,--,--,--,--,--,--,1.49,--,5.26
South Cotabato,Jul-Dec 2006 harvest,,,Jan-Jun 2007 harvest,,,Jul-Dec 2011 harvest,,,Jan-Jun 2012 harvest,,
Active Ingredients*,ALL ECOSYSTEMS,IRRIGATED,NON-IRRIGATED,ALL ECOSYSTEMS,IRRIGATED,NON-IRRIGATED,ALL ECOSYSTEMS,IRRIGATED,NON-IRRIGATED,ALL ECOSYSTEMS,IRRIGATED,NON-IRRIGATED
,(n = 49),(n = 40),(n = 9),(n = 25),(n = 24),(n = 1),(n = 58),(n = 49),(n = 9),(n = 55),(n = 46),(n = 9)
,(Percent of farmers),,,,,,,,,,,
Insecticides,,,,,,,,,,,,
Cypermethrin,63.27,60,77.78,92,91.67,100,105.17,110.2,77.78,98.18,106.52,55.56
Cartap hydrochloride,10.2,10,11.11,16,12.5,100,25.86,24.49,33.33,12.73,13.04,11.11
Lambdacyhalothrin,12.24,5,44.44,20,20.83,--,12.07,12.24,11.11,7.27,6.52,11.11
Imazalil,28.57,25,44.44,--,--,--,--,--,--,--,--,--
Methomyl,--,--,--,--,--,--,12.07,12.24,11.11,14.55,10.87,33.33
Diazinon,8.16,5,22.22,8,8.33,--,5.17,4.08,11.11,3.64,4.35,--
Chlorpyrifos,16.33,20,--,--,--,--,8.62,10.2,--,--,--,--
Ethofenprox,4.08,5,--,16,16.67,--,5.17,6.12,--,--,--,--
Chlorpyrifos + cypermthrin,8.16,10,--,8,8.33,--,1.72,2.04,--,3.64,4.35,--
Phentoate + BPMC,--,--,--,--,--,--,8.62,8.16,11.11,7.27,8.7,--
Imidacloprid+beta+cyfluthrin,--,--,--,--,--,--,6.9,8.16,--,7.27,6.52,11.11
Cypermethrin PRSD,--,--,--,--,--,--,1.72,--,11.11,3.64,--,22.22
Malathion,2.04,2.5,--,4,4.17,--,3.45,4.08,--,3.64,2.17,11.11
Chlorpyrifos + BPMC,2.04,2.5,--,8,8.33,--,--,--,--,3.64,4.35,--
Deltamethrin,2.04,2.5,--,4,4.17,--,1.72,--,11.11,--,--,--
Fipronil,--,--,--,4,4.17,--,3.45,4.08,--,3.64,4.35,--
Carbofuran,6.12,7.5,--,4,4.17,--,--,--,--,--,--,--
BPMC,--,--,--,--,--,--,1.72,2.04,--,3.64,4.35,--
Pymetrozine,--,--,--,4,4.17,--,--,--,--,--,--,--
Rodenticides,,,,,,,,,,,,
Zinc phosphide,2.04,--,11.11,--,--,--,8.62,8.16,11.11,--,--,--
Fungicide,,,,,,,,,,,,
Mancozeb,14.29,12.5,22.22,--,--,--,1.72,2.04,--,1.82,2.17,--
Difenoconazole,--,--,--,4,4.17,--,12.07,14.29,--,1.82,2.17,--
Copper hydroxide,4.08,5,--,12,12.5,--,--,--,--,--,--,--
Cypermethrin,--,--,--,4,4.17,--,--,--,--,--,--,--
Chlorothalonil,--,--,--,--,--,--,3.45,4.08,--,--,--,--
Herbicides,,,,,,,,,,,,
Butachlor + propanil,--,--,--,4,4.17,--,67.24,67.35,66.67,80,82.61,66.67
"2,4-D IBE",--,--,--,--,--,--,18.97,18.37,22.22,10.91,10.87,11.11
Bispyribac sodium,--,--,--,--,--,--,17.24,12.24,44.44,3.64,2.17,11.11
Pyribenzoxim,--,--,--,--,--,--,6.9,8.16,--,7.27,6.52,11.11
Metsulfuron methyl +,--,--,--,--,--,--,6.9,6.12,11.11,1.82,2.17,--
"Thiobencarb + 2,4-D Ibe",--,--,--,--,--,--,3.45,--,22.22,--,--,--
Oxadiazon,--,--,--,--,--,--,5.17,6.12,--,5.45,6.52,--
Pretilachlor,--,--,--,--,--,--,8.62,10.2,--,1.82,2.17,--
Fenoxaprop p-ethyl,--,--,--,--,--,--,5.17,6.12,--,1.82,2.17,--
"Thiobencarb + 2,4-d",--,--,--,--,--,--,--,--,--,1.82,--,11.11
Diuron,--,--,--,--,--,--,1.72,--,11.11,--,--,--
Glyphosate IPA,--,--,--,--,--,--,3.45,4.08,--,--,--,--
Sultan Kudarat,Jul-Dec 2006 harvest,,,Jan-Jun 2007 harvest,,,Jul-Dec 2011 harvest,,,Jan-Jun 2012 harvest,,
Active Ingredients*,ALL ECOSYSTEMS,IRRIGATED,NON-IRRIGATED,ALL ECOSYSTEMS,IRRIGATED,NON-IRRIGATED,ALL ECOSYSTEMS,IRRIGATED,NON-IRRIGATED,ALL ECOSYSTEMS,IRRIGATED,NON-IRRIGATED
,(n = 53),(n = 40),(n = 13),(n = 26),(n = 21),(n = 5),(n = 60),(n = 45),(n = 15),(n = 40),(n = 40),(n = 0)
,(Percent of farmers),,,,,,,,,,,
Insecticides,,,,,,,,,,,,
Cypermethrin,71.7,70,76.92,107.69,123.81,60,98.33,104.44,80,107.5,107.5,--
Chlorpyrifos,16.98,17.5,15.38,23.08,23.81,40,10,13.33,--,5,5,--
Cartap hydrochloride,5.66,5,7.69,3.85,4.76,--,15,20,--,20,20,--
Betacypermethrin,--,--,--,19.23,23.81,--,6.67,4.44,13.33,10,10,--
Diazinon,9.43,12.5,--,11.54,19.05,--,5,4.44,6.67,5,5,--
Imazalil,26.42,32.5,7.69,--,--,--,--,--,--,--,--,--
Imidacloprid+beta+cyfluthrin,--,--,--,--,--,--,11.67,11.11,13.33,15,15,--
Endosulfan,--,--,--,--,--,--,8.33,8.89,6.67,12.5,12.5,--
Lambdacyhalothrin,--,--,--,7.69,9.52,--,6.67,6.67,6.67,5,5,--
Phentoate + BPMC,--,--,--,--,--,--,8.33,2.22,26.67,--,--,--
Propineb,--,--,--,--,--,--,8.33,11.11,--,7.5,7.5,--
Deltamethrin,--,--,--,--,--,--,6.67,2.22,20,--,--,--
Methomyl,--,--,--,--,--,--,3.33,4.44,--,10,10,--
Chlorpyrifos + BPMC,3.77,5,--,--,--,--,1.67,2.22,--,5,5,--
Chlorpyrifos + cypermthrin,1.89,--,7.69,--,--,--,3.33,2.22,6.67,--,--,--
Cypermethrin PRSD,--,--,--,--,--,--,5,6.67,--,5,5,--
Fipronil,--,--,--,--,--,--,--,--,--,10,10,--
MIPC,--,--,--,7.69,9.52,--,--,--,--,--,--,--
Carbofuran,1.89,2.5,--,--,--,--,3.33,2.22,6.67,--,--,--
Ethofenprox,3.77,5,--,--,--,--,3.33,4.44,--,--,--,--
Unidentified,--,--,--,--,--,--,5,4.44,6.67,--,--,--
Temephos,--,--,--,3.85,4.76,--,--,--,--,--,--,--
Malathion,1.89,2.5,--,--,--,--,1.67,2.22,--,--,--,--
Molluscicides,,,,,,,,,,,,
Niclosamide ethanolamine salt,--,--,--,--,--,--,--,--,--,17.5,17.5,--
Metaldehyde,1.89,2.5,--,--,--,--,--,--,--,5,5,--
Rodenticides,,,,,,,,,,,,
Zinc phosphide,3.77,--,15.38,--,--,--,16.67,17.78,13.33,5,5,--
Fungicide,,,,,,,,,,,,
Thiophanate methyl,--,--,--,--,--,--,8.33,11.11,--,12.5,12.5,--
Difenoconazole,--,--,--,--,--,--,5,6.67,--,7.5,7.5,--
Imazalil,7.55,10,--,--,--,--,--,--,--,--,--,--
Difenoconazole + propiconazole,--,--,--,--,--,--,1.67,--,6.67,2.5,2.5,--
Cupric hydroxide,--,--,--,--,--,--,--,--,--,5,5,--
Copper hydroxide,1.89,2.5,--,--,--,--,--,--,--,2.5,2.5,--
Copper oxychloride,--,--,--,3.85,4.76,--,--,--,--,--,--,--
Herbicides,,,,,,,,,,,,
Butachlor + propanil,--,--,--,--,--,--,46.67,51.11,33.33,72.5,72.5,--
"2,4-D IBE",--,--,--,--,--,--,31.67,24.44,53.33,32.5,32.5,--
Bispyribac sodium,--,--,--,--,--,--,18.33,8.89,46.67,20,20,--
Oxadiazon,--,--,--,--,--,--,15,11.11,26.67,7.5,7.5,--
Fenoxaprop p-ethyl,--,--,--,--,--,--,5,4.44,6.67,5,5,--
Metsulfuron methyl +,--,--,--,--,--,--,3.33,4.44,--,5,5,--
Cyhalofop butyl,--,--,--,--,--,--,1.67,--,6.67,2.5,2.5,--
Butachlor,--,--,--,--,--,--,1.67,2.22,--,2.5,2.5,--
Agusan del Norte,Jul-Dec 2006 harvest,,,Jan-Jun 2007 harvest,,,Jul-Dec 2011 harvest,,,Jan-Jun 2012 harvest,,
Active Ingredients*,ALL ECOSYSTEMS,IRRIGATED,NON-IRRIGATED,ALL ECOSYSTEMS,IRRIGATED,NON-IRRIGATED,ALL ECOSYSTEMS,IRRIGATED,NON-IRRIGATED,ALL ECOSYSTEMS,IRRIGATED,NON-IRRIGATED
,(n = 20),(n = 13),(n = 7),(n = 18),(n = 11),(n = 7),(n = 55),(n = 30),(n = 25),(n = 48),(n = 31),(n = 17)
,(Percent of farmers),,,,,,,,,,,
Insecticides,,,,,,,,,,,,
Cypermethrin,55,61.54,42.86,88.89,100,71.43,58.18,46.67,72,72.92,67.74,82.35
Lambdacyhalothrin,25,23.08,28.57,11.11,--,28.57,40,36.67,44,16.67,16.13,17.65
Chlorpyrifos + BPMC,15,--,42.86,--,--,--,10.91,--,24,12.5,3.23,29.41
Deltamethrin,--,--,--,5.56,--,14.29,1.82,--,4,6.25,6.45,5.88
Cartap hydrochloride,--,--,--,5.56,--,14.29,--,--,--,4.17,--,11.76
Diazinon,--,--,--,--,--,--,3.64,--,8,6.25,3.23,11.76
Betacypermethrin,--,--,--,--,--,--,5.45,6.67,4,6.25,9.68,--
Phentoate + BPMC,--,--,--,--,--,--,3.64,3.33,4,2.08,3.23,--
Methomyl,--,--,--,--,--,--,1.82,3.33,--,4.17,6.45,--
Chlorpyrifos + cypermthrin,5,7.69,--,--,--,--,--,--,--,--,--,--
Unidentified,--,--,--,--,--,--,3.64,3.33,4,--,--,--
Carbofuran,--,--,--,--,--,--,3.64,3.33,4,--,--,--
Fungicide,,,,,,,,,,,,
Copper hydroxide,5,--,14.29,--,--,--,5.45,3.33,8,2.08,3.23,--
Thiophanate methyl,10,15.38,--,--,--,--,--,--,--,2.08,3.23,--
Mancozeb,--,--,--,--,--,--,7.27,6.67,8,2.08,--,5.88
Benomyl,--,--,--,--,--,--,1.82,--,4,4.17,--,11.76
Unidentified,--,--,--,--,--,--,3.64,--,8,--,--,--
Rodenticides,,,,,,,,,,,,
Zinc phosphide,--,--,--,5.56,--,14.29,20,30,8,4.17,--,11.76
Coumatetralyl,--,--,--,11.11,--,28.57,3.64,3.33,4,2.08,3.23,--
Herbicides,,,,,,,,,,,,
"Butachlor + 2,4-D IBE",--,--,--,--,--,--,60,53.33,68,66.67,64.52,70.59
Butachlor,--,--,--,--,--,--,29.09,40,16,25,29.03,17.65
"2,4-D IBE",--,--,--,--,--,--,23.64,16.67,32,18.75,16.13,23.53
Bispyribac sodium,--,--,--,--,--,--,5.45,6.67,4,--,--,--
Molluscicides,,,,,,,,,,,,
Niclosamide ethanolamine salt,--,--,--,--,--,--,--,--,--,12.5,3.23,29.41
Agusan del Sur,Jul-Dec 2006 harvest,,,Jan-Jun 2007 harvest,,,Jul-Dec 2011 harvest,,,Jan-Jun 2012 harvest,,
Active Ingredients*,ALL ECOSYSTEMS,IRRIGATED,NON-IRRIGATED,ALL ECOSYSTEMS,IRRIGATED,NON-IRRIGATED,ALL ECOSYSTEMS,IRRIGATED,NON-IRRIGATED,ALL ECOSYSTEMS,IRRIGATED,NON-IRRIGATED
,(n = 39),(n = 24),(n = 15),(n = 37),(n = 22),(n = 15),(n = 54),(n = 34),(n = 20),(n = 60),(n = 32),(n = 28)
,(Percent of farmers),,,,,,,,,,,
Insecticides,,,,,,,,,,,,
Cypermethrin,46.15,29.17,73.33,105.41,72.73,153.33,66.67,61.76,75,58.33,34.38,85.71
Lambdacyhalothrin,2.56,4.17,--,8.11,--,20,31.48,32.35,30,33.33,28.13,39.29
Cartap hydrochloride,2.56,--,6.67,24.32,27.27,20,14.81,14.71,15,11.67,18.75,3.57
Betacyfluthrin,12.82,20.83,--,13.51,22.73,--,9.26,14.71,--,10,9.38,10.71
Chlorpyrifos + BPMC,2.56,--,6.67,8.11,9.09,6.67,11.11,8.82,15,10,9.38,10.71
Imazalil,33.33,41.67,20,--,--,--,--,--,--,--,--,--
Phentoate + BPMC,5.13,8.33,--,5.41,9.09,--,9.26,11.76,5,11.67,15.63,7.14
Diazinon,5.13,4.17,6.67,8.11,9.09,6.67,1.85,--,5,5,3.13,7.14
Imidacloprid+beta+cyfluthrin,--,--,--,--,--,--,5.56,5.88,5,11.67,15.63,7.14
Betacypermethrin,7.69,8.33,6.67,2.7,--,6.67,1.85,2.94,--,1.67,--,3.57
Methomyl,--,--,--,--,--,--,1.85,--,5,8.33,6.25,10.71
Deltamethrin,--,--,--,--,--,--,1.85,2.94,--,6.67,3.13,10.71
BPMC,2.56,4.17,--,2.7,--,6.67,1.85,--,5,--,--,--
MIPC,--,--,--,2.7,4.55,--,1.85,2.94,--,--,--,--
Lambdacyhalothrin+thiamethoxam,--,--,--,--,--,--,1.85,2.94,--,1.67,--,3.57
Chlorpyrifos,--,--,--,--,--,--,3.7,5.88,--,--,--,--
Ethofenprox,2.56,--,6.67,--,--,--,--,--,--,--,--,--
Propineb,2.56,4.17,--,--,--,--,--,--,--,--,--,--
Dinotefuran,2.56,4.17,--,--,--,--,--,--,--,--,--,--
Molluscicides,,,,,,,,,,,,
Niclosamide ethanolamine salt,15.38,25,--,43.24,36.36,53.33,--,--,--,45,65.63,21.43
Metaldehyde,12.82,4.17,26.67,8.11,9.09,6.67,--,--,--,11.67,9.38,14.29
Niclosamide,2.56,4.17,--,5.41,4.55,6.67,--,--,--,18.33,15.63,21.43
Rodenticides,,,,,,,,,,,,
Zinc phosphide,23.08,29.17,13.33,18.92,22.73,13.33,46.3,38.24,60,53.33,46.88,60.71
Coumatetralyl,2.56,4.17,--,--,--,--,5.56,5.88,5,--,--,--
Fungicide,,,,,,,,,,,,
Copper hydroxide,7.69,4.17,13.33,8.11,4.55,13.33,5.56,2.94,10,5,9.38,--
Mancozeb,2.56,4.17,--,8.11,4.55,13.33,7.41,8.82,5,8.33,12.5,3.57
Thiophanate methyl,7.69,4.17,13.33,10.81,4.55,20,1.85,--,5,3.33,3.13,3.57
Difenoconazole + propiconazole,--,--,--,--,--,--,3.7,5.88,--,3.33,3.13,3.57
Sulphur,--,--,--,2.7,4.55,--,3.7,2.94,5,--,--,--
Copper oxide,--,--,--,2.7,--,6.67,--,--,--,1.67,--,3.57
Mancozeb + cymoxanil,--,--,--,--,--,--,--,--,--,3.33,--,7.14
Benomyl,--,--,--,2.7,--,6.67,--,--,--,--,--,--
Imazalil,2.56,--,6.67,--,--,--,--,--,--,--,--,--
Herbicides,,,,,,,,,,,,
"2,4-D IBE",--,--,--,--,--,--,37.04,32.35,45,31.67,21.88,42.86
Bispyribac sodium,--,--,--,--,--,--,29.63,47.06,--,23.33,31.25,14.29
Butachlor,--,--,--,--,--,--,11.11,5.88,20,35,21.88,50
"Butachlor + 2,4-D IBE",--,--,--,--,--,--,16.67,20.59,10,25,28.13,21.43
Oxadiazon,--,--,--,--,--,--,14.81,20.59,5,18.33,6.25,32.14
Fenoxaprop p-ethyl,--,--,--,--,--,--,24.07,14.71,40,1.67,--,3.57
Butachlor + propanil,--,--,--,--,--,--,11.11,11.76,10,10,12.5,7.14
Pretilachlor,--,--,--,--,--,--,5.56,8.82,--,13.33,15.63,10.71
Metsulfuron methyl +,--,--,--,--,--,--,1.85,--,5,3.33,3.13,3.57
Pyribenzoxim,--,--,--,--,--,--,1.85,2.94,--,1.67,3.13,--
"Thiobencarb + 2,4-d",--,--,--,--,--,--,--,--,--,3.33,6.25,--
Maguindanao,Jul-Dec 2006 harvest,,,Jan-Jun 2007 harvest,,,Jul-Dec 2011 harvest,,,Jan-Jun 2012 harvest,,
Active Ingredients*,ALL ECOSYSTEMS,IRRIGATED,NON-IRRIGATED,ALL ECOSYSTEMS,IRRIGATED,NON-IRRIGATED,ALL ECOSYSTEMS,IRRIGATED,NON-IRRIGATED,ALL ECOSYSTEMS,IRRIGATED,NON-IRRIGATED
,(n = 30),(n = 21),(n = 9),(n = 7),(n = 7),(n = 0),(n = 74),(n = 58),(n = 16),(n = 33),(n = 31),(n = 2)
,(Percent of farmers),,,,,,,,,,,
Insecticides,,,,,,,,,,,,
Cypermethrin,73.33,61.9,100,157.14,157.14,--,124.32,122.41,131.25,103.03,103.23,100
Methomyl,--,--,--,--,--,--,25.68,27.59,18.75,12.12,9.68,50
Chlorpyrifos,--,--,--,71.43,71.43,--,--,--,--,--,--,--
Imazalil,36.67,52.38,--,--,--,--,--,--,--,--,--,--
Cartap hydrochloride,--,--,--,--,--,--,27.03,34.48,--,6.06,6.45,--
Chlorpyrifos + BPMC,--,--,--,--,--,--,8.11,8.62,6.25,24.24,25.81,--
Cypermethrin PRSD,--,--,--,28.57,28.57,--,--,--,--,--,--,--
Fipronil,--,--,--,--,--,--,10.81,13.79,--,15.15,16.13,--
Malathion,--,--,--,--,--,--,22.97,29.31,--,--,--,--
Deltamethrin,--,--,--,--,--,--,4.05,5.17,--,15.15,16.13,--
Lambdacyhalothrin,3.33,4.76,--,--,--,--,5.41,--,25,--,--,--
Carbofuran,--,--,--,--,--,--,2.7,3.45,--,9.09,9.68,--
Imidacloprid+beta+cyfluthrin,--,--,--,--,--,--,4.05,3.45,6.25,3.03,3.23,--
Chlorpyrifos + cypermthrin,3.33,4.76,--,--,--,--,--,--,--,--,--,--
Betacyfluthrin,3.33,4.76,--,--,--,--,--,--,--,--,--,--
Endosulfan,--,--,--,--,--,--,1.35,--,6.25,--,--,--
Molluscicides,,,,,,,,,,,,
Niclosamide ethanolamine salt,3.33,4.76,--,--,--,--,--,--,--,--,--,--
Niclosamide,3.33,4.76,--,--,--,--,--,--,--,--,--,--
Rodenticides,,,,,,,,,,,,
Zinc phosphide,43.33,61.9,--,14.29,14.29,--,--,--,--,--,--,--
Fungicide,,,,,,,,,,,,
Chlorothalonil,3.33,4.76,--,--,--,--,--,--,--,21.21,22.58,--
Imazalil,6.67,9.52,--,--,--,--,--,--,--,--,--,--
Mancozeb,--,--,--,--,--,--,--,--,--,3.03,3.23,--
Herbicides,,,,,,,,,,,,
"2,4-D IBE",--,--,--,--,--,--,33.78,36.21,25,33.33,32.26,50
Glyphosate IPA,--,--,--,--,--,--,21.62,25.86,6.25,12.12,9.68,50
Bispyribac sodium,--,--,--,--,--,--,33.78,41.38,6.25,18.18,19.35,--
Butachlor + propanil,--,--,--,--,--,--,28.38,34.48,6.25,21.21,22.58,--
Butachlor + safener,--,--,--,--,--,--,2.7,1.72,6.25,15.15,16.13,--
"Butachlor + 2,4-D IBE",--,--,--,--,--,--,6.76,--,31.25,--,--,--
Oxadiazon,--,--,--,--,--,--,4.05,3.45,6.25,6.06,6.45,--
Butachlor,--,--,--,--,--,--,--,--,--,9.09,9.68,--
Cyhalofop butyl,--,--,--,--,--,--,2.7,3.45,--,--,--,--
