Philippines,Jul-Dec 2006 harvest,,,,,,Jan-Jun 2007 harvest,,,,,,Jul-Dec 2011 harvest,,,,,,Jan-Jun 2012 harvest,,,,,,Jul-Dec 2016 harvest,,,,,,Jan-Jun 2017 harvest,,,,,
Items,ALL ECOSYSTEMS,,IRRIGATED,,NON-IRRIGATED,,ALL ECOSYSTEMS,,IRRIGATED,,NON-IRRIGATED,,ALL ECOSYSTEMS,,IRRIGATED,,NON-IRRIGATED,,ALL ECOSYSTEMS,,IRRIGATED,,NON-IRRIGATED,,ALL ECOSYSTEMS,,IRRIGATED,,NON-IRRIGATED,,ALL ECOSYSTEMS,,IRRIGATED,,NON-IRRIGATED,
,"(n = 1,993)",,"(n = 1,387)",,(n = 606),,"(n = 1,940)",,"(n = 1,661)",,(n = 279),,"(n = 2,399)",,"(n = 1,847)",,(n = 552),,"(n = 2,051)",,"(n = 1,640)",,(n = 411),,"(n = 2,969)",,"(n = 2,103)",,(n = 866),,"(n = 2,721)",,"(n = 2,156)",,(n = 565),
,(average),,,,,,,,,,,,,,,,,,,,,,,,,,,,,,,,,,,
,Mean,SDa,Mean,SDa,Mean,SDa,Mean,SDa,Mean,SDa,Mean,SDa,Mean,SDa,Mean,SDa,Mean,SDa,Mean,SDa,Mean,SDa,Mean,SDa,Mean,SDa,Mean,SDa,Mean,SDa,Mean,SDa,Mean,SDa,Mean,SDa
Fertilizer,2.5,1.2,2.7,1.1,2,1.1,1.8,1.5,1.9,1.5,1.7,1.2,2.6,1.2,2.7,1.2,2,1,2.5,1.2,2.7,1.1,1.9,1.2,3.8,1.9,4.1,1.8,3.3,1.8,1.8,1,2.1,0.8,1.7,0.8
Herbicide,0.8,0.8,0.9,0.8,0.8,0.8,0.6,0.7,0.6,0.7,0.7,0.8,1,0.8,1,0.8,1,0.8,1,0.8,1,0.8,1,0.9,1.6,0.7,1.5,0.7,1.6,0.7,1,0.8,1.1,0.8,1,0.8
Insecticide,2.5,1.6,2.6,1.7,2.1,1.3,2.6,1.8,2.6,1.8,2.3,1.5,2.2,1.7,2.3,1.7,2.1,1.7,2.2,1.8,2.2,1.8,2,1.6,2.8,2,2.9,2,2.7,1.9,1.9,1.4,2.2,1.4,1.9,1.2
Fungicide,1.5,0.9,1.5,0.8,1.7,1.3,1.4,0.8,1.4,0.8,1.3,0.4,0.2,0.6,0.3,0.7,0.1,0.4,0.3,0.7,0.3,0.7,0.2,0.7,1.4,0.8,1.5,0.9,1.4,0.7,0.2,0.6,0.3,0.6,0.2,0.5
Rodenticide,1.6,1.1,1.5,0.9,1.9,1.6,1.7,1.2,1.6,1.1,2,1.6,0.3,0.8,0.2,0.6,0.5,1.3,0.4,1.1,0.3,0.9,0.7,1.6,1.5,1,1.5,1,1.4,0.9,0.4,0.8,0.4,0.8,0.5,0.9
Molluscicide,1.4,0.7,1.4,0.7,1.3,0.6,1.2,0.5,1.2,0.5,1.2,0.5,0.6,0.8,0.6,0.8,0.4,0.7,0.7,0.8,0.7,0.8,0.6,0.8,1.5,0.7,1.5,0.7,1.4,0.7,0.9,0.8,1.1,0.8,0.8,0.7
Other pesticide,1.1,0.3,1,0,2,0,1.1,0.3,1,0,1.3,0.4,0,0.1,0,0.1,0,0.1,0,0,0,0,0,0,1.4,0.5,2,0,1,0,0,0.1,0,0.1,0,0
Ilocos Norte,Jul-Dec 2006 harvest,,,,,,Jan-Jun 2007 harvest,,,,,,Jul-Dec 2011 harvest,,,,,,Jan-Jun 2012 harvest,,,,,,Jul-Dec 2016 harvest,,,,,,Jan-Jun 2017 harvest,,,,,
Items,ALL ECOSYSTEMS,,IRRIGATED,,NON-IRRIGATED,,ALL ECOSYSTEMS,,IRRIGATED,,NON-IRRIGATED,,ALL ECOSYSTEMS,,IRRIGATED,,NON-IRRIGATED,,ALL ECOSYSTEMS,,IRRIGATED,,NON-IRRIGATED,,ALL ECOSYSTEMS,,IRRIGATED,,NON-IRRIGATED,,ALL ECOSYSTEMS,,IRRIGATED,,NON-IRRIGATED,
,(n = 57),,(n = 42),,(n = 15),,(n = 56),,(n = 54),,(n = 2),,(n = 60),,(n = 57),,(n = 3),,(n = 33),,(n = 33),,(n = 0),,(n = 60),,(n = 48),,(n = 12),,(n = 37),,(n = 37),,(n = 0),
,(average),,,,,,,,,,,,,,,,,,,,,,,,,,,,,,,,,,,
,Mean,SDa,Mean,SDa,Mean,SDa,Mean,SDa,Mean,SDa,Mean,SDa,Mean,SDa,Mean,SDa,Mean,SDa,Mean,SDa,Mean,SDa,Mean,SDa,Mean,SDa,Mean,SDa,Mean,SDa,Mean,SDa,Mean,SDa,Mean,SDa
Fertilizer,3.3,1,3.6,0.9,2.5,0.8,1.7,1.8,1.7,1.8,2,0,3.2,0.5,3.2,0.5,3,0,3.6,0.7,3.6,0.7,0,0,4.8,1.7,4.9,1.7,4.4,1.5,0.9,1,1.5,0.8,0,0
Herbicide,0.2,0.5,0.2,0.5,0.1,0.3,0,0.1,0,0.1,0,0,0.3,0.5,0.3,0.5,0,0,0,0.2,0,0.2,0,0,1.3,0.5,1.2,0.4,1.5,0.5,0.2,0.4,0.3,0.5,0,0
Insecticide,1.3,0.5,1.3,0.5,1.2,0.4,1,0,1,0,1,0,0.7,0.7,0.7,0.7,0.7,0.6,0.4,0.5,0.4,0.5,0,0,1.3,0.7,1.3,0.7,1.3,0.7,0.5,0.7,0.8,0.8,0,0
Fungicide,1,0,1,0,0,0,1,0,1,0,0,0,0,0,0,0,0,0,0,0,0,0,0,0,1,0,1,0,1,0,0.1,0.4,0.2,0.6,0,0
Rodenticide,1,0,1,0,1,0,0,0,0,0,0,0,0,0,0,0,0,0,0,0.2,0,0.2,0,0,0,0,0,0,0,0,0,0.1,0,0.2,0,0
Molluscicide,1,0,1,0,0,0,1,0,1,0,0,0,0.3,0.5,0.2,0.4,1,0,0.2,0.4,0.2,0.4,0,0,1.1,0.2,1.1,0.2,1,0,0.5,0.6,0.8,0.6,0,0
Other pesticide,0,0,0,0,0,0,1,0,1,0,0,0,0,0,0,0,0,0,0,0,0,0,0,0,0,0,0,0,0,0,0,0,0,0,0,0
Pangasinan,Jul-Dec 2006 harvest,,,,,,Jan-Jun 2007 harvest,,,,,,Jul-Dec 2011 harvest,,,,,,Jan-Jun 2012 harvest,,,,,,Jul-Dec 2016 harvest,,,,,,Jan-Jun 2017 harvest,,,,,
Items,ALL ECOSYSTEMS,,IRRIGATED,,NON-IRRIGATED,,ALL ECOSYSTEMS,,IRRIGATED,,NON-IRRIGATED,,ALL ECOSYSTEMS,,IRRIGATED,,NON-IRRIGATED,,ALL ECOSYSTEMS,,IRRIGATED,,NON-IRRIGATED,,ALL ECOSYSTEMS,,IRRIGATED,,NON-IRRIGATED,,ALL ECOSYSTEMS,,IRRIGATED,,NON-IRRIGATED,
,(n = 147),,(n = 96),,(n = 51),,(n = 147),,(n = 147),,(n = 0),,(n = 149),,(n = 120),,(n = 29),,(n = 89),,(n = 87),,(n = 2),,(n = 151),,(n = 104),,(n = 47),,(n = 113),,(n = 113),,(n = 0),
,(average),,,,,,,,,,,,,,,,,,,,,,,,,,,,,,,,,,,
,Mean,SDa,Mean,SDa,Mean,SDa,Mean,SDa,Mean,SDa,Mean,SDa,Mean,SDa,Mean,SDa,Mean,SDa,Mean,SDa,Mean,SDa,Mean,SDa,Mean,SDa,Mean,SDa,Mean,SDa,Mean,SDa,Mean,SDa,Mean,SDa
Fertilizer,2.8,1.2,3.1,1.2,2.2,0.9,1.5,1.7,1.5,1.7,0,0,3,1.2,3.2,1.1,2.1,1.1,2.8,0.8,2.8,0.8,2.5,0.7,4.9,1.8,5.4,1.5,3.9,2.1,1.7,1.2,2.2,0.8,0,0
Herbicide,0.6,0.7,0.6,0.7,0.5,0.8,0.3,0.7,0.3,0.7,0,0,0.7,0.7,0.8,0.7,0.7,0.9,0.6,0.7,0.6,0.7,0.5,0.7,1.4,0.6,1.4,0.6,1.6,0.7,0.8,0.8,1,0.8,0,0
Insecticide,2.2,1.4,2.3,1.5,1.8,1,1.9,1,1.9,1,0,0,1.8,1.7,2,1.8,1,1.4,1.6,1.2,1.5,1.1,3.5,0.7,2.2,1.2,2.3,1.2,1.9,1,1.5,1.4,2,1.2,0,0
Fungicide,2,0.9,2.5,0.8,1.4,0.5,1.8,1.4,1.8,1.4,0,0,0.2,0.5,0.2,0.6,0.1,0.4,0,0.3,0,0.3,0,0,1.2,0.4,1.2,0.4,1.1,0.4,0.3,0.6,0.4,0.6,0,0
Rodenticide,1.2,0.4,1.2,0.4,0,0,1,0,1,0,0,0,0,0.1,0,0.1,0,0.2,0.1,0.3,0.1,0.3,0,0,1.2,0.4,1.1,0.4,1.5,0.7,0.1,0.3,0.1,0.4,0,0
Molluscicide,1.1,0.3,1.1,0.3,1,0,1.3,0.5,1.3,0.5,0,0,0.7,1,0.9,1,0.2,0.4,0.8,0.8,0.8,0.9,0.5,0.7,1.3,0.5,1.3,0.5,1.3,0.5,1,0.9,1.3,0.8,0,0
Other pesticide,0,0,0,0,0,0,1,0,1,0,0,0,0,0,0,0,0,0,0,0,0,0,0,0,0,0,0,0,0,0,0,0,0,0,0,0
Apayao,Jul-Dec 2006 harvest,,,,,,Jan-Jun 2007 harvest,,,,,,Jul-Dec 2011 harvest,,,,,,Jan-Jun 2012 harvest,,,,,,Jul-Dec 2016 harvest,,,,,,Jan-Jun 2017 harvest,,,,,
Items,ALL ECOSYSTEMS,,IRRIGATED,,NON-IRRIGATED,,ALL ECOSYSTEMS,,IRRIGATED,,NON-IRRIGATED,,ALL ECOSYSTEMS,,IRRIGATED,,NON-IRRIGATED,,ALL ECOSYSTEMS,,IRRIGATED,,NON-IRRIGATED,,ALL ECOSYSTEMS,,IRRIGATED,,NON-IRRIGATED,,ALL ECOSYSTEMS,,IRRIGATED,,NON-IRRIGATED,
,(n = 0),,(n = 0),,(n = 0),,(n = 0),,(n = 0),,(n = 0),,(n = 0),,(n = 0),,(n = 0),,(n = 0),,(n = 0),,(n = 0),,(n = 60),,(n = 47),,(n = 13),,(n = 60),,(n = 56),,(n = 4),
,(average),,,,,,,,,,,,,,,,,,,,,,,,,,,,,,,,,,,
,Mean,SDa,Mean,SDa,Mean,SDa,Mean,SDa,Mean,SDa,Mean,SDa,Mean,SDa,Mean,SDa,Mean,SDa,Mean,SDa,Mean,SDa,Mean,SDa,Mean,SDa,Mean,SDa,Mean,SDa,Mean,SDa,Mean,SDa,Mean,SDa
Fertilizer,0,0,0,0,0,0,0,0,0,0,0,0,0,0,0,0,0,0,0,0,0,0,0,0,5.5,1.7,5.6,1.7,5.3,1.8,1.6,0.8,1.6,0.8,1.3,0.5
Herbicide,0,0,0,0,0,0,0,0,0,0,0,0,0,0,0,0,0,0,0,0,0,0,0,0,1.3,0.5,1.4,0.5,1.2,0.4,0.7,0.6,0.8,0.6,0.3,0.5
Insecticide,0,0,0,0,0,0,0,0,0,0,0,0,0,0,0,0,0,0,0,0,0,0,0,0,1.7,0.7,1.7,0.7,1.4,0.8,1.3,0.9,1.3,0.9,1.5,0.6
Fungicide,0,0,0,0,0,0,0,0,0,0,0,0,0,0,0,0,0,0,0,0,0,0,0,0,1.2,0.4,1.2,0.4,1,0,0.2,0.4,0.2,0.4,0,0
Rodenticide,0,0,0,0,0,0,0,0,0,0,0,0,0,0,0,0,0,0,0,0,0,0,0,0,1,0,1,0,0,0,0.1,0.3,0.1,0.3,0,0
Molluscicide,0,0,0,0,0,0,0,0,0,0,0,0,0,0,0,0,0,0,0,0,0,0,0,0,1.4,0.7,1.4,0.7,1.3,0.5,1,0.6,1,0.6,1.5,0.6
Other pesticide,0,0,0,0,0,0,0,0,0,0,0,0,0,0,0,0,0,0,0,0,0,0,0,0,0,0,0,0,0,0,0,0,0,0,0,0
Kalinga,Jul-Dec 2006 harvest,,,,,,Jan-Jun 2007 harvest,,,,,,Jul-Dec 2011 harvest,,,,,,Jan-Jun 2012 harvest,,,,,,Jul-Dec 2016 harvest,,,,,,Jan-Jun 2017 harvest,,,,,
Items,ALL ECOSYSTEMS,,IRRIGATED,,NON-IRRIGATED,,ALL ECOSYSTEMS,,IRRIGATED,,NON-IRRIGATED,,ALL ECOSYSTEMS,,IRRIGATED,,NON-IRRIGATED,,ALL ECOSYSTEMS,,IRRIGATED,,NON-IRRIGATED,,ALL ECOSYSTEMS,,IRRIGATED,,NON-IRRIGATED,,ALL ECOSYSTEMS,,IRRIGATED,,NON-IRRIGATED,
,(n = 0),,(n = 0),,(n = 0),,(n = 0),,(n = 0),,(n = 0),,(n = 0),,(n = 0),,(n = 0),,(n = 0),,(n = 0),,(n = 0),,(n = 60),,(n = 47),,(n = 13),,(n = 58),,(n = 52),,(n = 6),
,(average),,,,,,,,,,,,,,,,,,,,,,,,,,,,,,,,,,,
,Mean,SDa,Mean,SDa,Mean,SDa,Mean,SDa,Mean,SDa,Mean,SDa,Mean,SDa,Mean,SDa,Mean,SDa,Mean,SDa,Mean,SDa,Mean,SDa,Mean,SDa,Mean,SDa,Mean,SDa,Mean,SDa,Mean,SDa,Mean,SDa
Fertilizer,0,0,0,0,0,0,0,0,0,0,0,0,0,0,0,0,0,0,0,0,0,0,0,0,4.3,2,4.6,2.1,3.3,1.3,2.1,0.8,2.2,0.6,1.3,0.5
Herbicide,0,0,0,0,0,0,0,0,0,0,0,0,0,0,0,0,0,0,0,0,0,0,0,0,1.4,0.6,1.4,0.6,1.3,0.5,1,0.9,1.1,0.9,0.2,0.4
Insecticide,0,0,0,0,0,0,0,0,0,0,0,0,0,0,0,0,0,0,0,0,0,0,0,0,2.9,1.6,3,1.7,2.1,1.1,2.6,1.3,2.8,1.2,1.7,0.8
Fungicide,0,0,0,0,0,0,0,0,0,0,0,0,0,0,0,0,0,0,0,0,0,0,0,0,1.7,1.5,1.8,1.5,1,0,0.3,0.8,0.4,0.8,0,0
Rodenticide,0,0,0,0,0,0,0,0,0,0,0,0,0,0,0,0,0,0,0,0,0,0,0,0,1.5,1,1.6,1,1,0,0.6,0.8,0.6,0.7,1,1.1
Molluscicide,0,0,0,0,0,0,0,0,0,0,0,0,0,0,0,0,0,0,0,0,0,0,0,0,2.1,1.1,2,1.1,2.4,1,1.6,0.9,1.7,0.9,1.5,1
Other pesticide,0,0,0,0,0,0,0,0,0,0,0,0,0,0,0,0,0,0,0,0,0,0,0,0,0,0,0,0,0,0,0.1,0.4,0.1,0.4,0,0
Cagayan,Jul-Dec 2006 harvest,,,,,,Jan-Jun 2007 harvest,,,,,,Jul-Dec 2011 harvest,,,,,,Jan-Jun 2012 harvest,,,,,,Jul-Dec 2016 harvest,,,,,,Jan-Jun 2017 harvest,,,,,
Items,ALL ECOSYSTEMS,,IRRIGATED,,NON-IRRIGATED,,ALL ECOSYSTEMS,,IRRIGATED,,NON-IRRIGATED,,ALL ECOSYSTEMS,,IRRIGATED,,NON-IRRIGATED,,ALL ECOSYSTEMS,,IRRIGATED,,NON-IRRIGATED,,ALL ECOSYSTEMS,,IRRIGATED,,NON-IRRIGATED,,ALL ECOSYSTEMS,,IRRIGATED,,NON-IRRIGATED,
,(n = 114),,(n = 87),,(n = 27),,(n = 114),,(n = 82),,(n = 32),,(n = 112),,(n = 88),,(n = 24),,(n = 112),,(n = 88),,(n = 24),,(n = 112),,(n = 82),,(n = 30),,(n = 115),,(n = 100),,(n = 15),
,(average),,,,,,,,,,,,,,,,,,,,,,,,,,,,,,,,,,,
,Mean,SDa,Mean,SDa,Mean,SDa,Mean,SDa,Mean,SDa,Mean,SDa,Mean,SDa,Mean,SDa,Mean,SDa,Mean,SDa,Mean,SDa,Mean,SDa,Mean,SDa,Mean,SDa,Mean,SDa,Mean,SDa,Mean,SDa,Mean,SDa
Fertilizer,3.2,1,3.3,0.9,2.9,1.1,3.2,1.3,3.4,1.3,2.7,1.1,3.4,0.9,3.5,0.9,3.1,0.8,3.4,1,3.4,1,3.1,0.9,3.7,1.5,3.8,1.5,3.4,1.5,1.8,0.6,1.9,0.6,1.3,0.5
Herbicide,0.5,0.7,0.5,0.7,0.3,0.6,0.4,0.6,0.4,0.5,0.4,0.8,0.6,0.6,0.6,0.6,0.5,0.6,0.6,0.6,0.6,0.6,0.4,0.5,1.3,0.5,1.4,0.6,1.1,0.4,0.7,0.8,0.8,0.8,0.2,0.4
Insecticide,2.1,1.2,2.2,1.3,1.6,0.7,1.9,1.1,2,1.2,1.6,0.6,2.1,1.4,2.1,1.5,2,1.3,2.2,1.4,2.1,1.5,2.2,1.2,2.6,1.3,2.6,1.3,2.6,1.2,2.8,1.6,2.8,1.6,2.5,1.1
Fungicide,1.3,0.7,1.3,0.8,1,0,2,0,0,0,2,0,0,0.1,0,0,0,0.2,0.1,0.3,0.1,0.3,0,0.2,1.3,0.4,1.2,0.4,1.4,0.5,0.2,0.6,0.2,0.5,0.2,0.8
Rodenticide,1,0,1,0,0,0,1,0,1,0,0,0,0.1,0.2,0.1,0.2,0.1,0.3,0.1,0.4,0.1,0.4,0,0.2,1.3,0.5,1.3,0.6,1.2,0.4,0.5,0.9,0.6,0.9,0.5,0.8
Molluscicide,1.2,0.5,1.3,0.5,1.1,0.2,1.2,0.4,1.2,0.4,1.1,0.2,1.4,0.7,1.4,0.7,1.4,0.7,1.5,0.8,1.5,0.8,1.6,1.1,2.1,1,2,1,2.3,0.9,2.1,1.1,2.1,1.1,1.9,1.1
Other pesticide,1,0,1,0,0,0,2,0,0,0,2,0,0,0.1,0,0.1,0,0,0,0,0,0,0,0,1,0,0,0,1,0,0,0,0,0,0,0
Isabela,Jul-Dec 2006 harvest,,,,,,Jan-Jun 2007 harvest,,,,,,Jul-Dec 2011 harvest,,,,,,Jan-Jun 2012 harvest,,,,,,Jul-Dec 2016 harvest,,,,,,Jan-Jun 2017 harvest,,,,,
Items,ALL ECOSYSTEMS,,IRRIGATED,,NON-IRRIGATED,,ALL ECOSYSTEMS,,IRRIGATED,,NON-IRRIGATED,,ALL ECOSYSTEMS,,IRRIGATED,,NON-IRRIGATED,,ALL ECOSYSTEMS,,IRRIGATED,,NON-IRRIGATED,,ALL ECOSYSTEMS,,IRRIGATED,,NON-IRRIGATED,,ALL ECOSYSTEMS,,IRRIGATED,,NON-IRRIGATED,
,(n = 89),,(n = 74),,(n = 15),,(n = 89),,(n = 75),,(n = 14),,(n = 114),,(n = 90),,(n = 24),,(n = 115),,(n = 90),,(n = 25),,(n = 112),,(n = 94),,(n = 18),,(n = 116),,(n = 104),,(n = 12),
,(average),,,,,,,,,,,,,,,,,,,,,,,,,,,,,,,,,,,
,Mean,SDa,Mean,SDa,Mean,SDa,Mean,SDa,Mean,SDa,Mean,SDa,Mean,SDa,Mean,SDa,Mean,SDa,Mean,SDa,Mean,SDa,Mean,SDa,Mean,SDa,Mean,SDa,Mean,SDa,Mean,SDa,Mean,SDa,Mean,SDa
Fertilizer,3.1,0.9,3.1,0.9,2.8,1.1,2.8,1.1,2.8,1.2,2.7,0.8,2.9,0.7,3,0.7,2.6,0.7,3.1,0.8,3.1,0.8,3.2,0.8,4.6,1.8,5,1.7,2.8,1.1,2.1,0.6,2.1,0.5,1.8,0.9
Herbicide,1.2,0.7,1.3,0.7,0.9,0.6,1,0.7,1.1,0.7,0.8,0.7,1.2,0.6,1.2,0.6,0.9,0.3,1.4,0.8,1.4,0.8,1.4,0.9,1.5,0.7,1.5,0.7,1.2,0.4,1.5,0.8,1.5,0.8,1.3,0.8
Insecticide,3,1.7,3,1.8,3,1,2.8,1.6,2.6,1.7,3.5,1.3,1.9,1.3,1.8,1.2,2,1.5,2,1.4,1.7,1.2,3.1,1.6,3,1.7,3,1.7,3.2,1.7,2.6,1.7,2.6,1.8,2.3,1.3
Fungicide,1.4,0.7,1.4,0.7,1.5,0.5,1.3,1,1.4,1.1,1,0,0.4,0.8,0.5,0.9,0,0,0.3,0.6,0.3,0.7,0,0,1.6,1,1.7,1.1,1.3,0.5,0.4,0.7,0.4,0.8,0,0
Rodenticide,1.6,0.8,1.6,0.8,1.5,0.5,1.7,0.9,1.7,0.9,1,0,0.3,0.7,0.2,0.6,0.6,0.9,0.6,1,0.7,1.1,0.4,0.6,1.3,0.6,1.3,0.6,1,0,0.7,0.9,0.8,0.9,0.1,0.3
Molluscicide,2,0.9,2.1,0.9,1.6,0.8,1.6,0.9,1.6,0.9,1.7,0.9,1.4,1.1,1.6,1.1,1,1.2,1.6,0.8,1.8,0.8,1.1,0.7,2,0.9,2,0.8,1.9,1.1,1.9,0.9,1.9,0.9,1.2,0.7
Other pesticide,1,0,1,0,0,0,1,0,1,0,0,0,0,0.1,0,0.1,0,0,0,0,0,0,0,0,0,0,0,0,0,0,0,0,0,0,0,0
Nueva Vizcaya,Jul-Dec 2006 harvest,,,,,,Jan-Jun 2007 harvest,,,,,,Jul-Dec 2011 harvest,,,,,,Jan-Jun 2012 harvest,,,,,,Jul-Dec 2016 harvest,,,,,,Jan-Jun 2017 harvest,,,,,
Items,ALL ECOSYSTEMS,,IRRIGATED,,NON-IRRIGATED,,ALL ECOSYSTEMS,,IRRIGATED,,NON-IRRIGATED,,ALL ECOSYSTEMS,,IRRIGATED,,NON-IRRIGATED,,ALL ECOSYSTEMS,,IRRIGATED,,NON-IRRIGATED,,ALL ECOSYSTEMS,,IRRIGATED,,NON-IRRIGATED,,ALL ECOSYSTEMS,,IRRIGATED,,NON-IRRIGATED,
,(n = 0),,(n = 0),,(n = 0),,(n = 0),,(n = 0),,(n = 0),,(n = 0),,(n = 0),,(n = 0),,(n = 0),,(n = 0),,(n = 0),,(n = 60),,(n = 47),,(n = 13),,(n = 57),,(n = 55),,(n = 2),
,(average),,,,,,,,,,,,,,,,,,,,,,,,,,,,,,,,,,,
,Mean,SDa,Mean,SDa,Mean,SDa,Mean,SDa,Mean,SDa,Mean,SDa,Mean,SDa,Mean,SDa,Mean,SDa,Mean,SDa,Mean,SDa,Mean,SDa,Mean,SDa,Mean,SDa,Mean,SDa,Mean,SDa,Mean,SDa,Mean,SDa
Fertilizer,0,0,0,0,0,0,0,0,0,0,0,0,0,0,0,0,0,0,0,0,0,0,0,0,4.9,1.7,4.9,1.5,5.1,2.4,2.3,1.2,2.4,1.1,1.5,2.1
Herbicide,0,0,0,0,0,0,0,0,0,0,0,0,0,0,0,0,0,0,0,0,0,0,0,0,1.5,0.7,1.5,0.7,1.3,0.5,0.9,1,0.9,1,0.5,0.7
Insecticide,0,0,0,0,0,0,0,0,0,0,0,0,0,0,0,0,0,0,0,0,0,0,0,0,3,1.4,2.9,1.4,3.4,1.3,2.2,1.6,2.4,1.6,1,1.4
Fungicide,0,0,0,0,0,0,0,0,0,0,0,0,0,0,0,0,0,0,0,0,0,0,0,0,1.3,0.6,1.3,0.6,1,0,0.3,0.8,0.3,0.9,0.5,0.7
Rodenticide,0,0,0,0,0,0,0,0,0,0,0,0,0,0,0,0,0,0,0,0,0,0,0,0,1.9,1.5,2.2,1.9,1.3,0.5,0.8,1.5,0.8,1.6,1,1.4
Molluscicide,0,0,0,0,0,0,0,0,0,0,0,0,0,0,0,0,0,0,0,0,0,0,0,0,1.8,0.7,1.8,0.7,1.8,0.8,1.4,1.3,1.5,1.3,1.5,0.7
Other pesticide,0,0,0,0,0,0,0,0,0,0,0,0,0,0,0,0,0,0,0,0,0,0,0,0,0,0,0,0,0,0,0,0,0,0,0,0
Aurora,Jul-Dec 2006 harvest,,,,,,Jan-Jun 2007 harvest,,,,,,Jul-Dec 2011 harvest,,,,,,Jan-Jun 2012 harvest,,,,,,Jul-Dec 2016 harvest,,,,,,Jan-Jun 2017 harvest,,,,,
Items,ALL ECOSYSTEMS,,IRRIGATED,,NON-IRRIGATED,,ALL ECOSYSTEMS,,IRRIGATED,,NON-IRRIGATED,,ALL ECOSYSTEMS,,IRRIGATED,,NON-IRRIGATED,,ALL ECOSYSTEMS,,IRRIGATED,,NON-IRRIGATED,,ALL ECOSYSTEMS,,IRRIGATED,,NON-IRRIGATED,,ALL ECOSYSTEMS,,IRRIGATED,,NON-IRRIGATED,
,(n = 57),,(n = 55),,(n = 2),,(n = 58),,(n = 57),,(n = 1),,(n = 59),,(n = 55),,(n = 4),,(n = 55),,(n = 53),,(n = 2),,(n = 60),,(n = 57),,(n = 3),,(n = 59),,(n = 59),,(n = 0),
,(average),,,,,,,,,,,,,,,,,,,,,,,,,,,,,,,,,,,
,Mean,SDa,Mean,SDa,Mean,SDa,Mean,SDa,Mean,SDa,Mean,SDa,Mean,SDa,Mean,SDa,Mean,SDa,Mean,SDa,Mean,SDa,Mean,SDa,Mean,SDa,Mean,SDa,Mean,SDa,Mean,SDa,Mean,SDa,Mean,SDa
Fertilizer,1.9,0.7,2,0.7,1.2,0.4,2,1.1,2,1.1,2,0,2.2,0.7,2.2,0.7,2,0,2.3,0.5,2.3,0.5,2.5,0.7,4.1,1.4,4.1,1.4,4,1,2.7,0.8,2.8,0.7,0,0
Herbicide,0.9,0.7,1,0.7,0.5,0.5,1,0.9,1,0.9,1,0,1.4,1,1.4,1,1.8,0.5,1.4,0.6,1.4,0.6,2,0,1.8,0.8,1.8,0.8,2,1,1.5,0.6,1.6,0.6,0,0
Insecticide,2.3,1.2,2.3,1.2,3,1.1,2.8,1.5,2.8,1.5,2,0,2.9,1.6,2.8,1.5,4.5,1.9,2.5,1.4,2.5,1.4,1.5,0.7,3.5,2.7,3.5,2.7,4.7,3.1,2.3,1.2,2.3,1.2,0,0
Fungicide,1.3,0.8,1.3,0.8,0,0,1.8,0.9,1.8,0.9,0,0,0.9,1.3,0.9,1.3,0.8,0.5,0.9,1.2,0.9,1.2,0.5,0.7,1.8,0.8,1.8,0.8,0,0,0.2,0.6,0.2,0.6,0,0
Rodenticide,1.5,0.5,1.3,0.5,2,0,1,0,1,0,0,0,0.1,0.3,0.1,0.3,0,0,0.1,0.7,0.1,0.7,0,0,1.5,1,1.6,1,1,0,0.1,0.3,0.1,0.3,0,0
Molluscicide,1.4,0.7,1.4,0.7,0,0,1.2,0.4,1.2,0.4,0,0,0.4,0.6,0.4,0.7,0.5,0.6,0.8,0.7,0.8,0.7,1,0,1.4,0.6,1.5,0.6,1.3,0.6,1.2,0.7,1.2,0.6,0,0
Other pesticide,1.5,0.5,1,0,2,0,1,0,1,0,0,0,0.2,0.5,0.2,0.5,0,0,0,0,0,0,0,0,0,0,0,0,0,0,0,0,0,0,0,0
Bulacan,Jul-Dec 2006 harvest,,,,,,Jan-Jun 2007 harvest,,,,,,Jul-Dec 2011 harvest,,,,,,Jan-Jun 2012 harvest,,,,,,Jul-Dec 2016 harvest,,,,,,Jan-Jun 2017 harvest,,,,,
Items,ALL ECOSYSTEMS,,IRRIGATED,,NON-IRRIGATED,,ALL ECOSYSTEMS,,IRRIGATED,,NON-IRRIGATED,,ALL ECOSYSTEMS,,IRRIGATED,,NON-IRRIGATED,,ALL ECOSYSTEMS,,IRRIGATED,,NON-IRRIGATED,,ALL ECOSYSTEMS,,IRRIGATED,,NON-IRRIGATED,,ALL ECOSYSTEMS,,IRRIGATED,,NON-IRRIGATED,
,(n = 74),,(n = 35),,(n = 39),,(n = 75),,(n = 75),,(n = 0),,(n = 79),,(n = 38),,(n = 41),,(n = 37),,(n = 37),,(n = 0),,(n = 81),,(n = 44),,(n = 37),,(n = 49),,(n = 44),,(n = 5),
,(average),,,,,,,,,,,,,,,,,,,,,,,,,,,,,,,,,,,
,Mean,SDa,Mean,SDa,Mean,SDa,Mean,SDa,Mean,SDa,Mean,SDa,Mean,SDa,Mean,SDa,Mean,SDa,Mean,SDa,Mean,SDa,Mean,SDa,Mean,SDa,Mean,SDa,Mean,SDa,Mean,SDa,Mean,SDa,Mean,SDa
Fertilizer,2.1,0.9,2.2,0.9,2.2,0.9,0.8,1.1,0.8,1.1,0,0,2.6,1.1,2.8,1.1,2.5,1,2.3,0.9,2.3,0.9,0,0,3.5,1.4,4,1.4,3.1,1.3,1.5,1.4,2.4,1,1.4,0.5
Herbicide,0.9,0.7,0.9,0.7,0.8,0.7,0.4,0.7,0.5,0.7,0,0,1.2,0.8,1.4,0.9,1.1,0.8,1.1,0.8,1.1,0.8,0,0,1.6,0.7,1.5,0.7,1.7,0.7,0.8,0.9,1.3,0.8,1.2,0.8
Insecticide,1.7,1.1,1.4,0.5,2.1,1.5,1.5,0.7,1.5,0.7,0,0,1.6,1.1,1.7,1,1.4,1.2,1.1,0.7,1.1,0.7,0,0,2.2,1.2,2.1,1.2,2.3,1.2,1,1.1,1.5,1,1,1.2
Fungicide,1.6,1,1.8,1.4,1.5,0.5,1,0,1,0,0,0,0.2,0.6,0.3,0.8,0,0.2,0.2,0.4,0.2,0.4,0,0,1.4,0.8,1.5,0.9,1.2,0.4,0.1,0.3,0.3,0.4,0,0
Rodenticide,1.5,0.9,2,1.1,1,0,1.6,1.2,1.6,1.2,0,0,0.1,0.5,0.2,0.7,0,0,0,0,0,0,0,0,1,0,1,0,0,0,0.1,0.5,0.2,0.7,0,0
Molluscicide,1.4,0.5,1.7,0.5,1,0,1.5,0.6,1.5,0.6,0,0,0.6,0.7,0.6,0.8,0.6,0.7,0.8,0.9,0.8,0.9,0,0,1.5,0.7,1.7,0.6,1.3,0.7,0.7,0.8,1.2,0.7,0.6,0.5
Other pesticide,1,0,1,0,0,0,1,0,1,0,0,0,0,0.1,0,0,0,0.2,0,0,0,0,0,0,0,0,0,0,0,0,0,0,0,0,0,0
Nueva Ecija,Jul-Dec 2006 harvest,,,,,,Jan-Jun 2007 harvest,,,,,,Jul-Dec 2011 harvest,,,,,,Jan-Jun 2012 harvest,,,,,,Jul-Dec 2016 harvest,,,,,,Jan-Jun 2017 harvest,,,,,
Items,ALL ECOSYSTEMS,,IRRIGATED,,NON-IRRIGATED,,ALL ECOSYSTEMS,,IRRIGATED,,NON-IRRIGATED,,ALL ECOSYSTEMS,,IRRIGATED,,NON-IRRIGATED,,ALL ECOSYSTEMS,,IRRIGATED,,NON-IRRIGATED,,ALL ECOSYSTEMS,,IRRIGATED,,NON-IRRIGATED,,ALL ECOSYSTEMS,,IRRIGATED,,NON-IRRIGATED,
,(n = 109),,(n = 96),,(n = 13),,(n = 110),,(n = 109),,(n = 1),,(n = 148),,(n = 141),,(n = 7),,(n = 123),,(n = 123),,(n = 0),,(n = 150),,(n = 114),,(n = 36),,(n = 129),,(n = 129),,(n = 0),
,(average),,,,,,,,,,,,,,,,,,,,,,,,,,,,,,,,,,,
,Mean,SDa,Mean,SDa,Mean,SDa,Mean,SDa,Mean,SDa,Mean,SDa,Mean,SDa,Mean,SDa,Mean,SDa,Mean,SDa,Mean,SDa,Mean,SDa,Mean,SDa,Mean,SDa,Mean,SDa,Mean,SDa,Mean,SDa,Mean,SDa
Fertilizer,3,1.1,3.1,1.1,2.2,0.8,1.9,1.5,1.9,1.5,3,0,3.6,1.1,3.6,1.1,3,0.8,3.5,1.3,3.5,1.3,0,0,4.6,2.2,4.9,2.1,3.8,2.3,2.1,1.2,2.5,0.8,0,0
Herbicide,1,0.8,1,0.8,1.2,0.8,0.7,0.7,0.7,0.7,1,0,1.2,0.8,1.2,0.8,1.6,0.8,1.1,0.7,1.1,0.7,0,0,1.7,0.9,1.6,0.9,1.9,1,1.1,0.8,1.2,0.7,0,0
Insecticide,2,0.9,2.1,0.9,1.6,0.7,1.6,1,1.6,1,1,0,1.8,1.1,1.8,1.1,1,1.2,1.7,1.1,1.7,1.1,0,0,2.5,1.4,2.5,1.4,2.4,1.3,1.9,1.4,2.2,1.3,0,0
Fungicide,1.2,0.4,1.2,0.4,1,0,1,0,1,0,0,0,0.1,0.4,0.1,0.4,0.6,0.8,0.2,0.5,0.2,0.5,0,0,1.3,0.8,1.4,0.8,1,0,0.1,0.3,0.1,0.4,0,0
Rodenticide,1.3,0.7,1.3,0.7,0,0,1.2,0.4,1.2,0.4,0,0,0.2,0.5,0.2,0.5,0,0,0.5,1.1,0.5,1.1,0,0,1.5,0.7,1.5,0.7,1.7,0.6,0.3,0.7,0.3,0.7,0,0
Molluscicide,1.3,0.5,1.3,0.5,1,0,1.1,0.3,1.1,0.3,0,0,1,0.9,1,0.9,0.1,0.4,1.2,1,1.2,1,0,0,1.4,0.6,1.5,0.6,1.2,0.4,1,0.8,1.1,0.7,0,0
Other pesticide,0,0,0,0,0,0,1,0,1,0,0,0,0,0,0,0,0,0,0,0,0,0,0,0,0,0,0,0,0,0,0,0,0,0,0,0
Pampanga,Jul-Dec 2006 harvest,,,,,,Jan-Jun 2007 harvest,,,,,,Jul-Dec 2011 harvest,,,,,,Jan-Jun 2012 harvest,,,,,,Jul-Dec 2016 harvest,,,,,,Jan-Jun 2017 harvest,,,,,
Items,ALL ECOSYSTEMS,,IRRIGATED,,NON-IRRIGATED,,ALL ECOSYSTEMS,,IRRIGATED,,NON-IRRIGATED,,ALL ECOSYSTEMS,,IRRIGATED,,NON-IRRIGATED,,ALL ECOSYSTEMS,,IRRIGATED,,NON-IRRIGATED,,ALL ECOSYSTEMS,,IRRIGATED,,NON-IRRIGATED,,ALL ECOSYSTEMS,,IRRIGATED,,NON-IRRIGATED,
,(n = 56),,(n = 49),,(n = 7),,(n = 56),,(n = 56),,(n = 0),,(n = 49),,(n = 49),,(n = 0),,(n = 50),,(n = 50),,(n = 0),,(n = 57),,(n = 45),,(n = 12),,(n = 56),,(n = 56),,(n = 0),
,(average),,,,,,,,,,,,,,,,,,,,,,,,,,,,,,,,,,,
,Mean,SDa,Mean,SDa,Mean,SDa,Mean,SDa,Mean,SDa,Mean,SDa,Mean,SDa,Mean,SDa,Mean,SDa,Mean,SDa,Mean,SDa,Mean,SDa,Mean,SDa,Mean,SDa,Mean,SDa,Mean,SDa,Mean,SDa,Mean,SDa
Fertilizer,2.4,0.7,2.4,0.6,2.2,0.9,1.8,1.3,1.8,1.3,0,0,2.3,0.7,2.3,0.7,0,0,2.2,0.9,2.2,0.9,0,0,4.1,1.8,4.2,1.8,3.6,1.2,1.9,0.8,2,0.6,0,0
Herbicide,1.1,0.7,1,0.7,1.4,0.7,0.4,0.5,0.4,0.5,0,0,1.3,0.8,1.3,0.8,0,0,0.9,0.7,0.9,0.7,0,0,1.5,0.7,1.5,0.7,1.4,0.5,1.2,0.9,1.3,0.8,0,0
Insecticide,1.6,0.7,1.6,0.7,1.2,0.4,1.7,0.9,1.7,0.9,0,0,1.3,0.9,1.3,0.9,0,0,1.1,0.8,1.1,0.8,0,0,2.1,1.1,2.1,0.9,2.1,1.6,1.4,1.1,1.5,1.1,0,0
Fungicide,1,0,1,0,0,0,1.4,0.5,1.4,0.5,0,0,0.7,0.8,0.7,0.8,0,0,0.3,0.6,0.3,0.6,0,0,1.1,0.4,1,0,1.5,0.7,0.1,0.5,0.1,0.5,0,0
Rodenticide,0,0,0,0,0,0,1,0,1,0,0,0,0,0,0,0,0,0,0,0.1,0,0.1,0,0,1,0,1,0,0,0,0.1,0.4,0.1,0.4,0,0
Molluscicide,1,0,1,0,0,0,1,0,1,0,0,0,0.4,0.7,0.4,0.7,0,0,0.2,0.4,0.2,0.4,0,0,1.2,0.5,1.2,0.5,1.1,0.4,0.7,0.6,0.7,0.6,0,0
Other pesticide,0,0,0,0,0,0,1,0,1,0,0,0,0,0,0,0,0,0,0,0,0,0,0,0,0,0,0,0,0,0,0,0,0,0,0,0
Tarlac,Jul-Dec 2006 harvest,,,,,,Jan-Jun 2007 harvest,,,,,,Jul-Dec 2011 harvest,,,,,,Jan-Jun 2012 harvest,,,,,,Jul-Dec 2016 harvest,,,,,,Jan-Jun 2017 harvest,,,,,
Items,ALL ECOSYSTEMS,,IRRIGATED,,NON-IRRIGATED,,ALL ECOSYSTEMS,,IRRIGATED,,NON-IRRIGATED,,ALL ECOSYSTEMS,,IRRIGATED,,NON-IRRIGATED,,ALL ECOSYSTEMS,,IRRIGATED,,NON-IRRIGATED,,ALL ECOSYSTEMS,,IRRIGATED,,NON-IRRIGATED,,ALL ECOSYSTEMS,,IRRIGATED,,NON-IRRIGATED,
,(n = 76),,(n = 57),,(n = 19),,(n = 73),,(n = 73),,(n = 0),,(n = 86),,(n = 77),,(n = 9),,(n = 45),,(n = 45),,(n = 0),,(n = 86),,(n = 55),,(n = 31),,(n = 52),,(n = 50),,(n = 2),
,(average),,,,,,,,,,,,,,,,,,,,,,,,,,,,,,,,,,,
,Mean,SDa,Mean,SDa,Mean,SDa,Mean,SDa,Mean,SDa,Mean,SDa,Mean,SDa,Mean,SDa,Mean,SDa,Mean,SDa,Mean,SDa,Mean,SDa,Mean,SDa,Mean,SDa,Mean,SDa,Mean,SDa,Mean,SDa,Mean,SDa
Fertilizer,3,0.9,3.3,0.8,2.3,0.6,1.5,1.5,1.5,1.5,0,0,3.2,0.9,3.2,0.9,3,0.7,2.8,0.8,2.8,0.8,0,0,4.4,1.9,4.7,1.8,3.9,2,1.2,1.1,2,0.8,2,1.4
Herbicide,0.6,0.7,0.7,0.8,0.3,0.5,0.3,0.6,0.3,0.6,0,0,0.6,0.7,0.6,0.7,0.7,0.7,0.8,0.5,0.8,0.5,0,0,1.5,0.8,1.6,0.9,1.5,0.6,0.7,0.9,1.1,0.9,2,0
Insecticide,2.1,0.8,2.2,0.8,1,0,1.6,1,1.6,1,0,0,1.5,1,1.6,1,1,1,0.9,0.8,0.9,0.8,0,0,2.4,1.7,2.3,1.3,2.5,2.4,1.2,1.3,2,1.2,1,0
Fungicide,0,0,0,0,0,0,0,0,0,0,0,0,0.1,0.4,0.1,0.4,0.1,0.3,0,0.1,0,0.1,0,0,1.4,0.5,1.4,0.5,1.3,0.5,0.1,0.4,0.2,0.5,0,0
Rodenticide,0,0,0,0,0,0,1,0,1,0,0,0,0,0.2,0,0.3,0,0,0.2,0.6,0.2,0.6,0,0,1.1,0.4,1.2,0.4,1,0,0.1,0.3,0.1,0.4,0,0
Molluscicide,1,0,1,0,0,0,0,0,0,0,0,0,0.4,0.6,0.4,0.7,0.2,0.4,0.2,0.5,0.2,0.5,0,0,1.3,0.6,1.4,0.6,1.1,0.3,0.5,0.6,0.8,0.7,0,0
Other pesticide,0,0,0,0,0,0,0,0,0,0,0,0,0,0,0,0,0,0,0,0,0,0,0,0,1,0,0,0,1,0,0,0,0,0,0,0
Laguna,Jul-Dec 2006 harvest,,,,,,Jan-Jun 2007 harvest,,,,,,Jul-Dec 2011 harvest,,,,,,Jan-Jun 2012 harvest,,,,,,Jul-Dec 2016 harvest,,,,,,Jan-Jun 2017 harvest,,,,,
Items,ALL ECOSYSTEMS,,IRRIGATED,,NON-IRRIGATED,,ALL ECOSYSTEMS,,IRRIGATED,,NON-IRRIGATED,,ALL ECOSYSTEMS,,IRRIGATED,,NON-IRRIGATED,,ALL ECOSYSTEMS,,IRRIGATED,,NON-IRRIGATED,,ALL ECOSYSTEMS,,IRRIGATED,,NON-IRRIGATED,,ALL ECOSYSTEMS,,IRRIGATED,,NON-IRRIGATED,
,(n = 56),,(n = 38),,(n = 18),,(n = 54),,(n = 45),,(n = 9),,(n = 59),,(n = 59),,(n = 0),,(n = 57),,(n = 56),,(n = 1),,(n = 51),,(n = 43),,(n = 8),,(n = 57),,(n = 46),,(n = 11),
,(average),,,,,,,,,,,,,,,,,,,,,,,,,,,,,,,,,,,
,Mean,SDa,Mean,SDa,Mean,SDa,Mean,SDa,Mean,SDa,Mean,SDa,Mean,SDa,Mean,SDa,Mean,SDa,Mean,SDa,Mean,SDa,Mean,SDa,Mean,SDa,Mean,SDa,Mean,SDa,Mean,SDa,Mean,SDa,Mean,SDa
Fertilizer,1.8,0.8,2,0.7,1.4,0.9,1.4,0.8,1.4,0.8,1.6,0.5,1.9,0.7,1.9,0.7,0,0,1.9,0.8,1.9,0.8,2,0,2.4,1.2,2.4,1.2,2,0.9,2,0.7,2.1,0.6,1.6,0.5
Herbicide,1,0.7,0.8,0.7,1.4,0.6,0.6,0.8,0.5,0.7,1.4,0.5,0.7,0.7,0.7,0.7,0,0,0.7,0.6,0.7,0.6,1,0,1.7,1.2,1.7,1.2,1,0,0.9,0.7,1,0.7,0.4,0.5
Insecticide,1.8,0.9,1.8,1.1,1.9,0.6,1.4,0.7,1.2,0.4,2,0.8,1.4,0.8,1.4,0.8,0,0,1.5,0.8,1.4,0.8,3,0,1.8,0.9,1.7,0.7,2.2,1.8,1.6,1.2,1.6,1.2,1.7,0.9
Fungicide,1,0,1,0,1,0,1,0,1,0,0,0,0,0.1,0,0.1,0,0,0.3,0.5,0.3,0.5,0,0,1.4,0.9,1.2,0.4,2.5,2.1,0.1,0.3,0.1,0.4,0,0
Rodenticide,1,0,1,0,1,0,1.1,0.3,1.1,0.3,0,0,0.1,0.3,0.1,0.3,0,0,0.1,0.3,0.1,0.3,0,0,1.6,0.9,1.3,0.6,1,0,0.6,0.7,0.7,0.8,0.7,0.6
Molluscicide,1,0,1,0,1,0,1,0,1,0,0,0,0.5,0.5,0.5,0.5,0,0,0.7,0.5,0.7,0.5,1,0,1.4,0.7,1.4,0.7,1,0,0.9,0.7,1,0.6,0.3,0.6
Other pesticide,1,0,1,0,0,0,1,0,1,0,0,0,0,0.1,0,0.1,0,0,0,0,0,0,0,0,2,0,2,0,0,0,0,0,0,0,0,0
Quezon,Jul-Dec 2006 harvest,,,,,,Jan-Jun 2007 harvest,,,,,,Jul-Dec 2011 harvest,,,,,,Jan-Jun 2012 harvest,,,,,,Jul-Dec 2016 harvest,,,,,,Jan-Jun 2017 harvest,,,,,
Items,ALL ECOSYSTEMS,,IRRIGATED,,NON-IRRIGATED,,ALL ECOSYSTEMS,,IRRIGATED,,NON-IRRIGATED,,ALL ECOSYSTEMS,,IRRIGATED,,NON-IRRIGATED,,ALL ECOSYSTEMS,,IRRIGATED,,NON-IRRIGATED,,ALL ECOSYSTEMS,,IRRIGATED,,NON-IRRIGATED,,ALL ECOSYSTEMS,,IRRIGATED,,NON-IRRIGATED,
,(n = 52),,(n = 39),,(n = 13),,(n = 52),,(n = 32),,(n = 20),,(n = 60),,(n = 34),,(n = 26),,(n = 59),,(n = 29),,(n = 30),,(n = 52),,(n = 38),,(n = 14),,(n = 58),,(n = 38),,(n = 20),
,(average),,,,,,,,,,,,,,,,,,,,,,,,,,,,,,,,,,,
,Mean,SDa,Mean,SDa,Mean,SDa,Mean,SDa,Mean,SDa,Mean,SDa,Mean,SDa,Mean,SDa,Mean,SDa,Mean,SDa,Mean,SDa,Mean,SDa,Mean,SDa,Mean,SDa,Mean,SDa,Mean,SDa,Mean,SDa,Mean,SDa
Fertilizer,1.7,1,2.1,0.8,0.7,0.7,1.5,0.9,1.7,0.9,1.1,0.8,1.4,1.2,1.8,1.2,0.9,1,1.4,1.1,1.8,1.1,1,1,2.1,1.1,2.5,0.8,1.1,1.2,1.5,0.9,1.7,0.9,1,0.7
Herbicide,0.5,0.7,0.4,0.7,0.7,0.7,0.4,0.7,0.2,0.6,0.7,0.8,0.6,0.9,0.7,1.1,0.5,0.6,0.6,0.7,0.4,0.7,0.8,0.7,1.5,1,1.5,1.1,1.4,0.7,0.8,0.8,0.9,0.7,0.7,0.7
Insecticide,1.3,0.5,1.3,0.5,1.3,0.4,1.4,0.7,1.4,0.7,1.4,0.7,0.8,0.8,0.9,0.9,0.6,0.6,0.7,0.8,0.8,0.9,0.6,0.7,2,1.2,2.2,1.2,1.4,0.7,1.1,1,1.2,1,0.9,0.9
Fungicide,1,0,1,0,0,0,1.5,0.5,1.5,0.5,0,0,0,0.2,0,0.2,0,0.2,0.1,0.4,0.1,0.3,0.2,0.5,1.3,0.5,1.3,0.5,0,0,0.1,0.4,0.1,0.4,0.2,0.4
Rodenticide,3,0.9,3,0.9,0,0,1.7,0.9,1.8,0.9,1.7,1,0.4,0.9,0.7,1.1,0,0.2,0.5,1,0.6,0.8,0.5,1.3,1.2,0.4,1.1,0.4,1.5,0.7,0.4,0.6,0.4,0.6,0.3,0.5
Molluscicide,1.5,0.9,1.5,0.9,1,0,1.4,0.7,1.5,0.8,1.1,0.2,0.4,0.6,0.4,0.6,0.2,0.5,0.6,0.6,0.7,0.7,0.5,0.5,1.4,0.6,1.3,0.6,1.4,0.5,0.7,0.6,0.8,0.6,0.6,0.6
Other pesticide,1,0,1,0,0,0,0,0,0,0,0,0,0,0,0,0,0,0,0,0,0,0,0,0,0,0,0,0,0,0,0,0,0,0,0,0
Occidental Mindoro,Jul-Dec 2006 harvest,,,,,,Jan-Jun 2007 harvest,,,,,,Jul-Dec 2011 harvest,,,,,,Jan-Jun 2012 harvest,,,,,,Jul-Dec 2016 harvest,,,,,,Jan-Jun 2017 harvest,,,,,
Items,ALL ECOSYSTEMS,,IRRIGATED,,NON-IRRIGATED,,ALL ECOSYSTEMS,,IRRIGATED,,NON-IRRIGATED,,ALL ECOSYSTEMS,,IRRIGATED,,NON-IRRIGATED,,ALL ECOSYSTEMS,,IRRIGATED,,NON-IRRIGATED,,ALL ECOSYSTEMS,,IRRIGATED,,NON-IRRIGATED,,ALL ECOSYSTEMS,,IRRIGATED,,NON-IRRIGATED,
,(n = 51),,(n = 26),,(n = 25),,(n = 25),,(n = 25),,(n = 0),,(n = 60),,(n = 43),,(n = 17),,(n = 33),,(n = 33),,(n = 0),,(n = 59),,(n = 38),,(n = 21),,(n = 47),,(n = 44),,(n = 3),
,(average),,,,,,,,,,,,,,,,,,,,,,,,,,,,,,,,,,,
,Mean,SDa,Mean,SDa,Mean,SDa,Mean,SDa,Mean,SDa,Mean,SDa,Mean,SDa,Mean,SDa,Mean,SDa,Mean,SDa,Mean,SDa,Mean,SDa,Mean,SDa,Mean,SDa,Mean,SDa,Mean,SDa,Mean,SDa,Mean,SDa
Fertilizer,3.1,0.7,3,0.5,3.4,0.9,1.3,1.4,2.5,0.7,0,0,3.4,0.8,3.7,0.8,2.9,0.3,3.5,0.8,3.5,0.8,0,0,4.7,2.2,4.7,1.6,4.6,3,1.7,1.2,2.2,0.8,2,0
Herbicide,0.4,0.6,0.3,0.6,0.6,0.5,0.2,0.4,0.4,0.5,0,0,0.9,0.6,0.8,0.6,1.1,0.5,0.5,0.7,0.5,0.7,0,0,1.3,0.5,1.2,0.4,1.5,0.6,0.7,0.7,0.9,0.7,1.3,0.6
Insecticide,1.5,0.7,1.4,0.6,1.8,0.7,1.6,0.8,1.6,0.8,0,0,2.1,1.1,2.1,1.2,2.2,0.7,2.1,1.2,2.1,1.2,0,0,2.8,1.9,2.5,1.2,3.3,2.6,1.8,1.4,2.3,1.1,2.7,2.1
Fungicide,1,0,1,0,1,0,1,0,1,0,0,0,0.2,0.4,0.2,0.4,0.1,0.5,0.2,0.4,0.2,0.4,0,0,1.7,1,1.7,1.2,1.8,0.8,0.2,0.4,0.2,0.4,0.7,0.6
Rodenticide,1,0,1,0,1,0,0,0,0,0,0,0,0,0,0,0,0,0,0.2,0.4,0.2,0.4,0,0,1.5,0.7,1.4,0.7,1.8,1,0.2,0.5,0.3,0.5,0.7,0.6
Molluscicide,1.1,0.2,1.1,0.2,1,0,1,0,1,0,0,0,1,0.8,1.1,0.6,0.6,1.1,0.8,0.4,0.8,0.4,0,0,1.5,0.7,1.5,0.7,1.4,0.7,0.9,0.6,1.1,0.4,1,1
Other pesticide,0,0,0,0,0,0,0,0,0,0,0,0,0,0,0,0,0,0,0,0,0,0,0,0,1,0,0,0,1,0,0,0,0,0,0,0
Oriental Mindoro,Jul-Dec 2006 harvest,,,,,,Jan-Jun 2007 harvest,,,,,,Jul-Dec 2011 harvest,,,,,,Jan-Jun 2012 harvest,,,,,,Jul-Dec 2016 harvest,,,,,,Jan-Jun 2017 harvest,,,,,
Items,ALL ECOSYSTEMS,,IRRIGATED,,NON-IRRIGATED,,ALL ECOSYSTEMS,,IRRIGATED,,NON-IRRIGATED,,ALL ECOSYSTEMS,,IRRIGATED,,NON-IRRIGATED,,ALL ECOSYSTEMS,,IRRIGATED,,NON-IRRIGATED,,ALL ECOSYSTEMS,,IRRIGATED,,NON-IRRIGATED,,ALL ECOSYSTEMS,,IRRIGATED,,NON-IRRIGATED,
,(n = 85),,(n = 67),,(n = 18),,(n = 86),,(n = 82),,(n = 4),,(n = 82),,(n = 73),,(n = 9),,(n = 86),,(n = 70),,(n = 16),,(n = 82),,(n = 70),,(n = 12),,(n = 84),,(n = 73),,(n = 11),
,(average),,,,,,,,,,,,,,,,,,,,,,,,,,,,,,,,,,,
,Mean,SDa,Mean,SDa,Mean,SDa,Mean,SDa,Mean,SDa,Mean,SDa,Mean,SDa,Mean,SDa,Mean,SDa,Mean,SDa,Mean,SDa,Mean,SDa,Mean,SDa,Mean,SDa,Mean,SDa,Mean,SDa,Mean,SDa,Mean,SDa
Fertilizer,2.3,0.7,2.4,0.7,2.1,0.6,1.8,0.9,1.9,1,1.5,0.5,2.5,1.1,2.7,1,1.7,0.7,2.4,0.8,2.5,0.8,2.1,0.9,4,1.8,4.2,1.6,2.8,2.1,2.4,0.9,2.3,0.9,2.6,0.7
Herbicide,1.1,0.6,1.1,0.7,1.3,0.6,1,0.7,1,0.7,1.1,0.3,1.3,0.6,1.3,0.6,1.1,0.6,1.1,0.7,1.1,0.6,1.1,0.8,1.5,0.7,1.5,0.7,1.2,0.4,1.3,0.6,1.4,0.7,1.1,0.3
Insecticide,2.7,1.4,3,1.5,1.8,0.7,2.3,1.2,2.4,1.2,1.5,0.5,2.6,1.9,2.8,2,1.7,1.2,2.5,1.6,2.6,1.7,1.8,1.2,2.9,1.5,2.9,1.6,2.8,1.4,2.4,1.4,2.5,1.3,1.8,1.7
Fungicide,1.6,0.9,1.3,0.4,3,1.1,1,0,1,0,0,0,0.1,0.5,0.2,0.5,0,0,0.1,0.3,0.1,0.2,0.1,0.5,1.2,0.6,1.3,0.6,1,0,0.3,0.7,0.4,0.7,0.2,0.6
Rodenticide,1.3,0.9,1.3,1,1,0,1.4,1.2,1.4,1.2,0,0,0.4,0.8,0.4,0.9,0.2,0.4,0.5,1,0.5,1,0.4,0.5,1.9,1.2,1.9,1.2,1.7,1.2,0.2,0.5,0.2,0.5,0.4,0.7
Molluscicide,1.6,1,1.5,0.9,2,1.2,1.2,0.5,1.2,0.5,1,0,1,0.7,1,0.7,0.8,0.7,1.2,0.8,1.3,0.8,1.2,0.9,1.6,0.9,1.6,0.9,1.8,0.8,1.2,0.6,1.2,0.6,1.4,0.7
Other pesticide,0,0,0,0,0,0,0,0,0,0,0,0,0,0.1,0,0.1,0,0,0,0,0,0,0,0,0,0,0,0,0,0,0,0,0,0,0,0
Palawan,Jul-Dec 2006 harvest,,,,,,Jan-Jun 2007 harvest,,,,,,Jul-Dec 2011 harvest,,,,,,Jan-Jun 2012 harvest,,,,,,Jul-Dec 2016 harvest,,,,,,Jan-Jun 2017 harvest,,,,,
Items,ALL ECOSYSTEMS,,IRRIGATED,,NON-IRRIGATED,,ALL ECOSYSTEMS,,IRRIGATED,,NON-IRRIGATED,,ALL ECOSYSTEMS,,IRRIGATED,,NON-IRRIGATED,,ALL ECOSYSTEMS,,IRRIGATED,,NON-IRRIGATED,,ALL ECOSYSTEMS,,IRRIGATED,,NON-IRRIGATED,,ALL ECOSYSTEMS,,IRRIGATED,,NON-IRRIGATED,
,(n = 0),,(n = 0),,(n = 0),,(n = 0),,(n = 0),,(n = 0),,(n = 0),,(n = 0),,(n = 0),,(n = 0),,(n = 0),,(n = 0),,(n = 58),,(n = 33),,(n = 25),,(n = 48),,(n = 33),,(n = 15),
,(average),,,,,,,,,,,,,,,,,,,,,,,,,,,,,,,,,,,
,Mean,SDa,Mean,SDa,Mean,SDa,Mean,SDa,Mean,SDa,Mean,SDa,Mean,SDa,Mean,SDa,Mean,SDa,Mean,SDa,Mean,SDa,Mean,SDa,Mean,SDa,Mean,SDa,Mean,SDa,Mean,SDa,Mean,SDa,Mean,SDa
Fertilizer,0,0,0,0,0,0,0,0,0,0,0,0,0,0,0,0,0,0,0,0,0,0,0,0,3.2,1.3,3.4,1.4,2.8,1.1,1.9,1.1,2.4,0.6,2.1,0.7
Herbicide,0,0,0,0,0,0,0,0,0,0,0,0,0,0,0,0,0,0,0,0,0,0,0,0,1.3,0.5,1.3,0.5,1.3,0.5,1,0.7,1.2,0.7,1.3,0.5
Insecticide,0,0,0,0,0,0,0,0,0,0,0,0,0,0,0,0,0,0,0,0,0,0,0,0,4,3.2,4.4,3.8,3.5,2.1,1.9,1.3,2.4,1.1,2.3,1.2
Fungicide,0,0,0,0,0,0,0,0,0,0,0,0,0,0,0,0,0,0,0,0,0,0,0,0,1.1,0.3,1.2,0.4,1,0,0.4,0.9,0.6,1.1,0.3,0.6
Rodenticide,0,0,0,0,0,0,0,0,0,0,0,0,0,0,0,0,0,0,0,0,0,0,0,0,1.3,0.5,1.5,0.6,1,0,0.1,0.5,0.1,0.5,0.2,0.4
Molluscicide,0,0,0,0,0,0,0,0,0,0,0,0,0,0,0,0,0,0,0,0,0,0,0,0,1.3,0.6,1.1,0.3,1.5,0.7,0.6,0.7,0.5,0.6,1,1
Other pesticide,0,0,0,0,0,0,0,0,0,0,0,0,0,0,0,0,0,0,0,0,0,0,0,0,0,0,0,0,0,0,0,0,0,0,0,0
Albay,Jul-Dec 2006 harvest,,,,,,Jan-Jun 2007 harvest,,,,,,Jul-Dec 2011 harvest,,,,,,Jan-Jun 2012 harvest,,,,,,Jul-Dec 2016 harvest,,,,,,Jan-Jun 2017 harvest,,,,,
Items,ALL ECOSYSTEMS,,IRRIGATED,,NON-IRRIGATED,,ALL ECOSYSTEMS,,IRRIGATED,,NON-IRRIGATED,,ALL ECOSYSTEMS,,IRRIGATED,,NON-IRRIGATED,,ALL ECOSYSTEMS,,IRRIGATED,,NON-IRRIGATED,,ALL ECOSYSTEMS,,IRRIGATED,,NON-IRRIGATED,,ALL ECOSYSTEMS,,IRRIGATED,,NON-IRRIGATED,
,(n = 49),,(n = 30),,(n = 19),,(n = 49),,(n = 30),,(n = 19),,(n = 60),,(n = 49),,(n = 11),,(n = 60),,(n = 52),,(n = 8),,(n = 60),,(n = 49),,(n = 11),,(n = 56),,(n = 51),,(n = 5),
,(average),,,,,,,,,,,,,,,,,,,,,,,,,,,,,,,,,,,
,Mean,SDa,Mean,SDa,Mean,SDa,Mean,SDa,Mean,SDa,Mean,SDa,Mean,SDa,Mean,SDa,Mean,SDa,Mean,SDa,Mean,SDa,Mean,SDa,Mean,SDa,Mean,SDa,Mean,SDa,Mean,SDa,Mean,SDa,Mean,SDa
Fertilizer,1.7,1,1.9,0.9,1.3,1.1,1.6,0.7,1.7,0.6,1.3,0.8,1.8,0.7,1.9,0.7,1.2,0.6,1.7,0.7,1.8,0.6,1,0,3.4,1.2,3.4,1.2,3.1,1.2,2.1,0.8,2.3,0.6,1.8,0.4
Herbicide,0.1,0.2,0.1,0.3,0,0,0.1,0.2,0.1,0.3,0.1,0.2,0.2,0.4,0.3,0.4,0,0,0.2,0.4,0.2,0.4,0,0,1.4,0.6,1.6,0.6,1,0,0.7,0.7,0.7,0.7,1,0.7
Insecticide,1.4,0.6,1.2,0.4,2,0.7,1.6,0.6,1.4,0.5,1.8,0.6,1.1,0.9,1.2,0.9,0.5,0.5,1.3,1,1.2,1,2.1,0.8,2.6,1.5,2.6,1.6,2.5,1.1,2,1.3,2.2,1.2,1.4,1.5
Fungicide,1,0,1,0,1,0,0,0,0,0,0,0,0,0,0,0,0,0,0.1,0.3,0.1,0.3,0,0,1,0,1,0,0,0,0.1,0.3,0.1,0.3,0.2,0.4
Rodenticide,0,0,0,0,0,0,0,0,0,0,0,0,0,0,0,0,0,0,0.1,0.4,0.1,0.4,0,0,1.3,0.5,1.3,0.6,1.2,0.4,0.6,0.8,0.7,0.8,0.6,0.9
Molluscicide,1,0,1,0,0,0,0,0,0,0,0,0,0.2,0.4,0.2,0.4,0,0,0.4,0.5,0.4,0.6,0,0,1.5,0.7,1.5,0.7,1,0,0.7,0.9,0.8,0.9,0.2,0.4
Other pesticide,0,0,0,0,0,0,0,0,0,0,0,0,0,0,0,0,0,0,0,0,0,0,0,0,0,0,0,0,0,0,0,0,0,0,0,0
Camarines Sur,Jul-Dec 2006 harvest,,,,,,Jan-Jun 2007 harvest,,,,,,Jul-Dec 2011 harvest,,,,,,Jan-Jun 2012 harvest,,,,,,Jul-Dec 2016 harvest,,,,,,Jan-Jun 2017 harvest,,,,,
Items,ALL ECOSYSTEMS,,IRRIGATED,,NON-IRRIGATED,,ALL ECOSYSTEMS,,IRRIGATED,,NON-IRRIGATED,,ALL ECOSYSTEMS,,IRRIGATED,,NON-IRRIGATED,,ALL ECOSYSTEMS,,IRRIGATED,,NON-IRRIGATED,,ALL ECOSYSTEMS,,IRRIGATED,,NON-IRRIGATED,,ALL ECOSYSTEMS,,IRRIGATED,,NON-IRRIGATED,
,(n = 89),,(n = 70),,(n = 19),,(n = 90),,(n = 82),,(n = 8),,(n = 106),,(n = 79),,(n = 27),,(n = 114),,(n = 75),,(n = 39),,(n = 112),,(n = 72),,(n = 40),,(n = 112),,(n = 80),,(n = 32),
,(average),,,,,,,,,,,,,,,,,,,,,,,,,,,,,,,,,,,
,Mean,SDa,Mean,SDa,Mean,SDa,Mean,SDa,Mean,SDa,Mean,SDa,Mean,SDa,Mean,SDa,Mean,SDa,Mean,SDa,Mean,SDa,Mean,SDa,Mean,SDa,Mean,SDa,Mean,SDa,Mean,SDa,Mean,SDa,Mean,SDa
Fertilizer,2,0.7,2.2,0.7,1.5,0.6,1.7,0.9,1.7,1,1.1,0.6,2,0.8,2.1,0.8,1.7,0.8,1.9,0.8,2.1,0.7,1.6,0.8,3.7,1.5,3.8,1.5,3.6,1.7,2.2,0.8,2.3,0.7,2.2,0.8
Herbicide,1,0.7,1,0.7,1.1,0.5,0.9,0.8,1,0.9,0.8,0.7,1.3,0.8,1.3,0.9,1.3,0.7,1.3,0.8,1.3,0.7,1.2,0.9,1.9,0.8,1.8,0.7,2.1,1,1.5,0.8,1.5,0.8,1.6,0.8
Insecticide,1.7,0.8,1.8,0.7,1.7,1.2,1.9,0.9,2,0.9,1.5,0.5,1.9,1,2,1,1.4,0.9,1.9,1,2.1,1.1,1.5,0.6,3,2.2,3.2,2.5,2.5,1.7,2.3,1.3,2.6,1.3,1.8,1
Fungicide,1.4,0.8,1,0,3,0,1.2,0.4,1.2,0.4,0,0,0,0.2,0,0.2,0,0,0.1,0.3,0.1,0.2,0.1,0.3,1.2,0.4,1.2,0.4,1.3,0.6,0.1,0.4,0.1,0.4,0.2,0.4
Rodenticide,1,0,1,0,1,0,0,0,0,0,0,0,0.1,0.3,0.1,0.2,0.2,0.4,0.1,0.7,0.1,0.8,0.1,0.2,1.6,1.5,1.3,0.5,1.9,2.1,0.5,1.2,0.6,1.3,0.3,0.5
Molluscicide,1.1,0.3,1.1,0.3,1,0,1.1,0.3,1.1,0.3,1,0,0.6,0.9,0.6,0.9,0.5,0.8,0.5,0.7,0.3,0.7,0.7,0.8,1.6,0.7,1.6,0.8,1.5,0.5,1.3,0.8,1.4,0.8,1.2,0.8
Other pesticide,0,0,0,0,0,0,1,0,1,0,0,0,0,0,0,0,0,0,0,0,0,0,0,0,0,0,0,0,0,0,0,0,0,0,0,0
Antique,Jul-Dec 2006 harvest,,,,,,Jan-Jun 2007 harvest,,,,,,Jul-Dec 2011 harvest,,,,,,Jan-Jun 2012 harvest,,,,,,Jul-Dec 2016 harvest,,,,,,Jan-Jun 2017 harvest,,,,,
Items,ALL ECOSYSTEMS,,IRRIGATED,,NON-IRRIGATED,,ALL ECOSYSTEMS,,IRRIGATED,,NON-IRRIGATED,,ALL ECOSYSTEMS,,IRRIGATED,,NON-IRRIGATED,,ALL ECOSYSTEMS,,IRRIGATED,,NON-IRRIGATED,,ALL ECOSYSTEMS,,IRRIGATED,,NON-IRRIGATED,,ALL ECOSYSTEMS,,IRRIGATED,,NON-IRRIGATED,
,(n = 0),,(n = 0),,(n = 0),,(n = 0),,(n = 0),,(n = 0),,(n = 0),,(n = 0),,(n = 0),,(n = 0),,(n = 0),,(n = 0),,(n = 60),,(n = 29),,(n = 31),,(n = 42),,(n = 28),,(n = 14),
,(average),,,,,,,,,,,,,,,,,,,,,,,,,,,,,,,,,,,
,Mean,SDa,Mean,SDa,Mean,SDa,Mean,SDa,Mean,SDa,Mean,SDa,Mean,SDa,Mean,SDa,Mean,SDa,Mean,SDa,Mean,SDa,Mean,SDa,Mean,SDa,Mean,SDa,Mean,SDa,Mean,SDa,Mean,SDa,Mean,SDa
Fertilizer,0,0,0,0,0,0,0,0,0,0,0,0,0,0,0,0,0,0,0,0,0,0,0,0,4,1.1,4,1.1,4,1.1,1.6,1.1,2.2,0.5,2.1,0.4
Herbicide,0,0,0,0,0,0,0,0,0,0,0,0,0,0,0,0,0,0,0,0,0,0,0,0,1.8,0.8,1.8,0.8,1.9,0.7,1,0.9,1.5,0.9,1.4,0.5
Insecticide,0,0,0,0,0,0,0,0,0,0,0,0,0,0,0,0,0,0,0,0,0,0,0,0,2.6,0.9,2.6,1,2.5,0.9,1.4,1.1,1.9,0.8,1.9,0.7
Fungicide,0,0,0,0,0,0,0,0,0,0,0,0,0,0,0,0,0,0,0,0,0,0,0,0,1,0,1,0,1,0,0.1,0.3,0.1,0.4,0.1,0.4
Rodenticide,0,0,0,0,0,0,0,0,0,0,0,0,0,0,0,0,0,0,0,0,0,0,0,0,1,0,1,0,1,0,0.2,0.4,0.2,0.4,0.4,0.5
Molluscicide,0,0,0,0,0,0,0,0,0,0,0,0,0,0,0,0,0,0,0,0,0,0,0,0,1.3,0.4,1.3,0.5,1.1,0.4,0.5,0.6,0.8,0.6,0.4,0.6
Other pesticide,0,0,0,0,0,0,0,0,0,0,0,0,0,0,0,0,0,0,0,0,0,0,0,0,0,0,0,0,0,0,0,0,0,0,0,0
Capiz,Jul-Dec 2006 harvest,,,,,,Jan-Jun 2007 harvest,,,,,,Jul-Dec 2011 harvest,,,,,,Jan-Jun 2012 harvest,,,,,,Jul-Dec 2016 harvest,,,,,,Jan-Jun 2017 harvest,,,,,
Items,ALL ECOSYSTEMS,,IRRIGATED,,NON-IRRIGATED,,ALL ECOSYSTEMS,,IRRIGATED,,NON-IRRIGATED,,ALL ECOSYSTEMS,,IRRIGATED,,NON-IRRIGATED,,ALL ECOSYSTEMS,,IRRIGATED,,NON-IRRIGATED,,ALL ECOSYSTEMS,,IRRIGATED,,NON-IRRIGATED,,ALL ECOSYSTEMS,,IRRIGATED,,NON-IRRIGATED,
,(n = 0),,(n = 0),,(n = 0),,(n = 0),,(n = 0),,(n = 0),,(n = 0),,(n = 0),,(n = 0),,(n = 0),,(n = 0),,(n = 0),,(n = 59),,(n = 31),,(n = 28),,(n = 57),,(n = 40),,(n = 17),
,(average),,,,,,,,,,,,,,,,,,,,,,,,,,,,,,,,,,,
,Mean,SDa,Mean,SDa,Mean,SDa,Mean,SDa,Mean,SDa,Mean,SDa,Mean,SDa,Mean,SDa,Mean,SDa,Mean,SDa,Mean,SDa,Mean,SDa,Mean,SDa,Mean,SDa,Mean,SDa,Mean,SDa,Mean,SDa,Mean,SDa
Fertilizer,0,0,0,0,0,0,0,0,0,0,0,0,0,0,0,0,0,0,0,0,0,0,0,0,4.2,1.8,4.5,1.5,3.9,1.9,2,0.6,2.1,0.4,2.1,0.4
Herbicide,0,0,0,0,0,0,0,0,0,0,0,0,0,0,0,0,0,0,0,0,0,0,0,0,1.7,0.6,1.8,0.5,1.6,0.6,1.4,0.7,1.6,0.6,1.4,0.8
Insecticide,0,0,0,0,0,0,0,0,0,0,0,0,0,0,0,0,0,0,0,0,0,0,0,0,2.8,1,2.9,1,2.7,0.9,2.5,1.1,2.7,1,2.3,0.8
Fungicide,0,0,0,0,0,0,0,0,0,0,0,0,0,0,0,0,0,0,0,0,0,0,0,0,1.7,0.9,1.7,0.6,1.7,1.3,0.3,0.5,0.3,0.6,0.2,0.4
Rodenticide,0,0,0,0,0,0,0,0,0,0,0,0,0,0,0,0,0,0,0,0,0,0,0,0,1.2,0.4,1.2,0.4,1.1,0.4,0.5,0.7,0.5,0.7,0.7,0.8
Molluscicide,0,0,0,0,0,0,0,0,0,0,0,0,0,0,0,0,0,0,0,0,0,0,0,0,1.4,0.5,1.4,0.5,1.4,0.5,0.8,0.6,1,0.5,0.5,0.5
Other pesticide,0,0,0,0,0,0,0,0,0,0,0,0,0,0,0,0,0,0,0,0,0,0,0,0,2,0,2,0,0,0,0,0,0,0,0,0
Iloilo,Jul-Dec 2006 harvest,,,,,,Jan-Jun 2007 harvest,,,,,,Jul-Dec 2011 harvest,,,,,,Jan-Jun 2012 harvest,,,,,,Jul-Dec 2016 harvest,,,,,,Jan-Jun 2017 harvest,,,,,
Items,ALL ECOSYSTEMS,,IRRIGATED,,NON-IRRIGATED,,ALL ECOSYSTEMS,,IRRIGATED,,NON-IRRIGATED,,ALL ECOSYSTEMS,,IRRIGATED,,NON-IRRIGATED,,ALL ECOSYSTEMS,,IRRIGATED,,NON-IRRIGATED,,ALL ECOSYSTEMS,,IRRIGATED,,NON-IRRIGATED,,ALL ECOSYSTEMS,,IRRIGATED,,NON-IRRIGATED,
,(n = 88),,(n = 41),,(n = 47),,(n = 88),,(n = 70),,(n = 18),,(n = 116),,(n = 62),,(n = 54),,(n = 58),,(n = 29),,(n = 29),,(n = 116),,(n = 55),,(n = 61),,(n = 69),,(n = 50),,(n = 19),
,(average),,,,,,,,,,,,,,,,,,,,,,,,,,,,,,,,,,,
,Mean,SDa,Mean,SDa,Mean,SDa,Mean,SDa,Mean,SDa,Mean,SDa,Mean,SDa,Mean,SDa,Mean,SDa,Mean,SDa,Mean,SDa,Mean,SDa,Mean,SDa,Mean,SDa,Mean,SDa,Mean,SDa,Mean,SDa,Mean,SDa
Fertilizer,2.1,0.7,2.2,0.8,2,0.6,0.9,1.1,0.7,1.1,1.6,0.5,2.1,0.7,2.2,0.8,2,0.5,2,0.5,2,0.4,2,0.6,4,1.7,4.4,1.8,3.7,1.6,1.3,1.2,2.2,0.7,2,0.5
Herbicide,1.2,0.9,1,0.8,1.4,0.9,0.4,0.6,0.3,0.6,0.7,0.8,1.5,0.8,1.5,0.9,1.4,0.6,1.5,0.6,1.4,0.7,1.6,0.6,1.8,0.8,1.7,0.7,1.8,0.9,0.8,0.8,1.5,0.7,1.2,0.4
Insecticide,2.3,1.1,2.1,1,2.4,1.3,1.7,0.9,1.8,0.9,1.4,0.7,2.5,1.3,2.2,1.2,2.9,1.4,2.3,1.3,2,1.2,2.7,1.2,3.4,2.3,3.7,2.2,3,2.4,1.4,1.5,2.5,1,2.3,1.2
Fungicide,1.2,0.4,1,0,1.4,0.5,1,0,0,0,1,0,0.3,0.6,0.5,0.8,0.1,0.3,0.2,0.6,0.2,0.4,0.2,0.8,1.4,0.5,1.5,0.5,1.3,0.5,0.2,0.6,0.3,0.8,0.4,0.6
Rodenticide,0,0,0,0,0,0,1.7,0.5,1.8,0.4,1,0,0.3,0.7,0.1,0.3,0.5,0.8,0.6,1.4,0.9,1.9,0.2,0.6,2.1,2.7,2.3,3,1,0,0.2,0.5,0.4,0.6,0.4,0.5
Molluscicide,1.3,0.6,1.1,0.3,1.6,0.7,1.2,0.4,1.2,0.4,1,0,0.4,0.6,0.4,0.5,0.4,0.6,0.6,0.6,0.6,0.6,0.6,0.5,1.2,0.6,1.2,0.6,1.3,0.6,0.5,0.6,1,0.5,0.7,0.6
Other pesticide,1,0,1,0,0,0,0,0,0,0,0,0,0,0,0,0,0,0,0,0,0,0,0,0,0,0,0,0,0,0,0,0,0,0,0,0
Negros Occidental,Jul-Dec 2006 harvest,,,,,,Jan-Jun 2007 harvest,,,,,,Jul-Dec 2011 harvest,,,,,,Jan-Jun 2012 harvest,,,,,,Jul-Dec 2016 harvest,,,,,,Jan-Jun 2017 harvest,,,,,
Items,ALL ECOSYSTEMS,,IRRIGATED,,NON-IRRIGATED,,ALL ECOSYSTEMS,,IRRIGATED,,NON-IRRIGATED,,ALL ECOSYSTEMS,,IRRIGATED,,NON-IRRIGATED,,ALL ECOSYSTEMS,,IRRIGATED,,NON-IRRIGATED,,ALL ECOSYSTEMS,,IRRIGATED,,NON-IRRIGATED,,ALL ECOSYSTEMS,,IRRIGATED,,NON-IRRIGATED,
,(n = 0),,(n = 0),,(n = 0),,(n = 0),,(n = 0),,(n = 0),,(n = 0),,(n = 0),,(n = 0),,(n = 0),,(n = 0),,(n = 0),,(n = 90),,(n = 69),,(n = 21),,(n = 77),,(n = 64),,(n = 13),
,(average),,,,,,,,,,,,,,,,,,,,,,,,,,,,,,,,,,,
,Mean,SDa,Mean,SDa,Mean,SDa,Mean,SDa,Mean,SDa,Mean,SDa,Mean,SDa,Mean,SDa,Mean,SDa,Mean,SDa,Mean,SDa,Mean,SDa,Mean,SDa,Mean,SDa,Mean,SDa,Mean,SDa,Mean,SDa,Mean,SDa
Fertilizer,0,0,0,0,0,0,0,0,0,0,0,0,0,0,0,0,0,0,0,0,0,0,0,0,0,0,0,0,0,0,0,0,0,0,0,0
Herbicide,0,0,0,0,0,0,0,0,0,0,0,0,0,0,0,0,0,0,0,0,0,0,0,0,0,0,0,0,0,0,0,0,0,0,0,0
Insecticide,0,0,0,0,0,0,0,0,0,0,0,0,0,0,0,0,0,0,0,0,0,0,0,0,0,0,0,0,0,0,0,0,0,0,0,0
Fungicide,0,0,0,0,0,0,0,0,0,0,0,0,0,0,0,0,0,0,0,0,0,0,0,0,0,0,0,0,0,0,0,0,0,0,0,0
Rodenticide,0,0,0,0,0,0,0,0,0,0,0,0,0,0,0,0,0,0,0,0,0,0,0,0,0,0,0,0,0,0,0,0,0,0,0,0
Molluscicide,0,0,0,0,0,0,0,0,0,0,0,0,0,0,0,0,0,0,0,0,0,0,0,0,0,0,0,0,0,0,0,0,0,0,0,0
Other pesticide,0,0,0,0,0,0,0,0,0,0,0,0,0,0,0,0,0,0,0,0,0,0,0,0,0,0,0,0,0,0,0,0,0,0,0,0
Bohol,Jul-Dec 2006 harvest,,,,,,Jan-Jun 2007 harvest,,,,,,Jul-Dec 2011 harvest,,,,,,Jan-Jun 2012 harvest,,,,,,Jul-Dec 2016 harvest,,,,,,Jan-Jun 2017 harvest,,,,,
Items,ALL ECOSYSTEMS,,IRRIGATED,,NON-IRRIGATED,,ALL ECOSYSTEMS,,IRRIGATED,,NON-IRRIGATED,,ALL ECOSYSTEMS,,IRRIGATED,,NON-IRRIGATED,,ALL ECOSYSTEMS,,IRRIGATED,,NON-IRRIGATED,,ALL ECOSYSTEMS,,IRRIGATED,,NON-IRRIGATED,,ALL ECOSYSTEMS,,IRRIGATED,,NON-IRRIGATED,
,(n = 75),,(n = 22),,(n = 53),,(n = 76),,(n = 61),,(n = 15),,(n = 81),,(n = 33),,(n = 48),,(n = 86),,(n = 32),,(n = 54),,(n = 65),,(n = 26),,(n = 39),,(n = 78),,(n = 29),,(n = 49),
,(average),,,,,,,,,,,,,,,,,,,,,,,,,,,,,,,,,,,
,Mean,SDa,Mean,SDa,Mean,SDa,Mean,SDa,Mean,SDa,Mean,SDa,Mean,SDa,Mean,SDa,Mean,SDa,Mean,SDa,Mean,SDa,Mean,SDa,Mean,SDa,Mean,SDa,Mean,SDa,Mean,SDa,Mean,SDa,Mean,SDa
Fertilizer,1.8,1,2.2,0.9,1.7,1.1,1.1,1.2,1,1.2,1.4,1.1,1.7,0.9,2.1,0.8,1.5,0.8,1.8,0.9,2.3,0.9,1.5,0.8,2.8,1.2,2.7,0.8,3.1,1.3,1.4,0.7,1.5,0.6,1.6,0.6
Herbicide,0.1,0.3,0.1,0.3,0.1,0.3,0,0,0,0,0,0,0.1,0.4,0,0.2,0.2,0.4,0.1,0.3,0,0.2,0.2,0.4,1.1,0.4,1,0,1.2,0.4,0.2,0.4,0.1,0.3,0.3,0.5
Insecticide,1.5,0.5,1.7,0.5,1.4,0.6,1.3,0.5,1,0,1.6,0.5,0.8,0.9,0.8,1,0.9,0.9,0.8,0.8,0.5,0.7,1.1,0.8,1.9,1,1.9,0.9,2,1,1,0.8,0.9,0.9,1.1,0.6
Fungicide,0,0,0,0,0,0,0,0,0,0,0,0,0,0,0,0,0,0,0,0.3,0.1,0.5,0,0,1,0,1,0,1,0,0,0.2,0,0.2,0,0.1
Rodenticide,1,0,0,0,1,0,1.7,0.8,2,0.7,1,0,0,0.2,0,0.2,0,0.2,0.3,0.8,0.3,0.4,0.3,1,1.2,0.4,1.2,0.4,1.3,0.5,0.4,0.5,0.3,0.5,0.5,0.5
Molluscicide,1,0,1,0,0,0,0,0,0,0,0,0,0.1,0.3,0,0.2,0.1,0.3,0.1,0.4,0.2,0.7,0.1,0.2,1.2,0.4,1.1,0.4,1.2,0.4,0.5,0.6,0.6,0.8,0.5,0.5
Other pesticide,0,0,0,0,0,0,0,0,0,0,0,0,0,0,0,0,0,0,0,0,0,0,0,0,0,0,0,0,0,0,0,0,0,0,0,0
Leyte,Jul-Dec 2006 harvest,,,,,,Jan-Jun 2007 harvest,,,,,,Jul-Dec 2011 harvest,,,,,,Jan-Jun 2012 harvest,,,,,,Jul-Dec 2016 harvest,,,,,,Jan-Jun 2017 harvest,,,,,
Items,ALL ECOSYSTEMS,,IRRIGATED,,NON-IRRIGATED,,ALL ECOSYSTEMS,,IRRIGATED,,NON-IRRIGATED,,ALL ECOSYSTEMS,,IRRIGATED,,NON-IRRIGATED,,ALL ECOSYSTEMS,,IRRIGATED,,NON-IRRIGATED,,ALL ECOSYSTEMS,,IRRIGATED,,NON-IRRIGATED,,ALL ECOSYSTEMS,,IRRIGATED,,NON-IRRIGATED,
,(n = 79),,(n = 52),,(n = 27),,(n = 79),,(n = 55),,(n = 24),,(n = 84),,(n = 69),,(n = 15),,(n = 83),,(n = 69),,(n = 14),,(n = 78),,(n = 65),,(n = 13),,(n = 77),,(n = 67),,(n = 10),
,(average),,,,,,,,,,,,,,,,,,,,,,,,,,,,,,,,,,,
,Mean,SDa,Mean,SDa,Mean,SDa,Mean,SDa,Mean,SDa,Mean,SDa,Mean,SDa,Mean,SDa,Mean,SDa,Mean,SDa,Mean,SDa,Mean,SDa,Mean,SDa,Mean,SDa,Mean,SDa,Mean,SDa,Mean,SDa,Mean,SDa
Fertilizer,2,0.8,2.2,0.8,1.5,0.6,1.9,0.9,1.9,0.9,2,0.9,1.6,1,1.7,1,1.1,0.9,1.8,0.7,1.8,0.8,2,0.4,3,1.4,3,1.4,2.7,1.1,1.6,0.9,1.8,0.7,1.4,0.8
Herbicide,0.4,0.5,0.3,0.5,0.5,0.6,0.4,0.6,0.5,0.6,0.3,0.6,0.5,0.6,0.4,0.6,0.5,0.5,0.4,0.5,0.5,0.5,0.1,0.3,1.3,0.5,1.3,0.6,1,0,0.6,0.7,0.6,0.7,0.9,0.9
Insecticide,1.9,0.9,1.9,1,1.9,0.7,2.6,1.3,2.5,1.3,2.6,1.3,1.7,1.1,1.8,1.2,1.2,0.7,1.4,0.9,1.5,1,1.1,0.4,3.1,1.9,3.2,2,2.5,1.3,2.4,1.9,2.8,1.8,1.7,1.2
Fungicide,2,0,2,0,0,0,1,0,1,0,1,0,0.2,0.6,0.3,0.6,0,0,0.3,0.6,0.4,0.7,0,0,1.3,0.5,1.3,0.5,0,0,0.2,0.6,0.2,0.6,0.1,0.3
Rodenticide,1.2,0.4,1.2,0.4,1,0,1.3,0.5,1.3,0.5,0,0,0.2,0.6,0.2,0.6,0,0,0.3,0.5,0.3,0.6,0.1,0.3,1.3,0.8,1.4,0.8,1,0,0.6,1,0.6,1,0.5,1
Molluscicide,1.1,0.3,1.1,0.4,1,0,1.4,0.5,1.6,0.5,1.1,0.4,0.1,0.3,0.1,0.3,0,0,0.4,0.6,0.4,0.7,0.5,0.5,1.4,0.7,1.4,0.7,1.4,0.5,1.2,1,1.4,0.9,1.2,1.1
Other pesticide,0,0,0,0,0,0,1,0,0,0,1,0,0,0,0,0,0,0,0,0,0,0,0,0,0,0,0,0,0,0,0,0,0,0,0,0
Northern Samar,Jul-Dec 2006 harvest,,,,,,Jan-Jun 2007 harvest,,,,,,Jul-Dec 2011 harvest,,,,,,Jan-Jun 2012 harvest,,,,,,Jul-Dec 2016 harvest,,,,,,Jan-Jun 2017 harvest,,,,,
Items,ALL ECOSYSTEMS,,IRRIGATED,,NON-IRRIGATED,,ALL ECOSYSTEMS,,IRRIGATED,,NON-IRRIGATED,,ALL ECOSYSTEMS,,IRRIGATED,,NON-IRRIGATED,,ALL ECOSYSTEMS,,IRRIGATED,,NON-IRRIGATED,,ALL ECOSYSTEMS,,IRRIGATED,,NON-IRRIGATED,,ALL ECOSYSTEMS,,IRRIGATED,,NON-IRRIGATED,
,(n = 50),,(n = 26),,(n = 24),,(n = 50),,(n = 17),,(n = 33),,(n = 45),,(n = 27),,(n = 18),,(n = 59),,(n = 27),,(n = 32),,(n = 30),,(n = 19),,(n = 11),,(n = 59),,(n = 25),,(n = 34),
,(average),,,,,,,,,,,,,,,,,,,,,,,,,,,,,,,,,,,
,Mean,SDa,Mean,SDa,Mean,SDa,Mean,SDa,Mean,SDa,Mean,SDa,Mean,SDa,Mean,SDa,Mean,SDa,Mean,SDa,Mean,SDa,Mean,SDa,Mean,SDa,Mean,SDa,Mean,SDa,Mean,SDa,Mean,SDa,Mean,SDa
Fertilizer,0.6,1.1,1.3,1.3,0,0,1.1,1.4,1.3,1.6,0.9,1.3,1.1,1.4,1.9,1.4,0,0,1.2,1.4,2.6,0.9,0,0,2.7,2,3.4,1.5,1.7,2.5,0.9,0.9,1.4,0.8,0.5,0.8
Herbicide,0.2,0.4,0.2,0.5,0.1,0.3,0.2,0.5,0.1,0.3,0.3,0.6,0.2,0.7,0.4,0.8,0,0,0.3,0.8,0.7,1.1,0,0,1.5,0.7,1.4,0.7,1.7,0.6,0.5,0.8,0.7,0.9,0.3,0.6
Insecticide,2.4,1.3,2.9,1.4,1.7,0.6,2.5,0.9,2.5,1,2.5,0.7,1.6,1.4,2.1,1.2,0.8,1.2,1.5,1.4,2.9,0.5,0.4,0.8,2.6,1.7,3.1,1.6,1.5,1.1,1.6,1.5,2,1.4,1.3,1.6
Fungicide,1,0,1,0,0,0,1.5,0.5,1.5,0.5,1.5,0.5,0,0,0,0,0,0,0,0,0,0,0,0,1.9,1.1,1.3,0.6,2.5,1.3,0.1,0.4,0,0,0.1,0.5
Rodenticide,1.5,0.5,1,0,2,0,1,0,1,0,1,0,0.1,0.4,0.1,0.5,0,0,0.2,0.7,0.5,0.9,0,0,1.5,0.5,1.3,0.5,2,0,0.8,1.8,0.4,0.7,1.1,2.2
Molluscicide,0,0,0,0,0,0,1,0,0,0,1,0,0,0,0,0,0,0,0.6,1.1,1.2,1.4,0,0,1.4,0.7,1.4,0.7,1.5,0.7,0.4,0.7,0.7,0.8,0.1,0.4
Other pesticide,0,0,0,0,0,0,0,0,0,0,0,0,0,0,0,0,0,0,0,0,0,0,0,0,0,0,0,0,0,0,0,0,0,0,0,0
Western Samar,Jul-Dec 2006 harvest,,,,,,Jan-Jun 2007 harvest,,,,,,Jul-Dec 2011 harvest,,,,,,Jan-Jun 2012 harvest,,,,,,Jul-Dec 2016 harvest,,,,,,Jan-Jun 2017 harvest,,,,,
Items,ALL ECOSYSTEMS,,IRRIGATED,,NON-IRRIGATED,,ALL ECOSYSTEMS,,IRRIGATED,,NON-IRRIGATED,,ALL ECOSYSTEMS,,IRRIGATED,,NON-IRRIGATED,,ALL ECOSYSTEMS,,IRRIGATED,,NON-IRRIGATED,,ALL ECOSYSTEMS,,IRRIGATED,,NON-IRRIGATED,,ALL ECOSYSTEMS,,IRRIGATED,,NON-IRRIGATED,
,(n = 0),,(n = 0),,(n = 0),,(n = 0),,(n = 0),,(n = 0),,(n = 0),,(n = 0),,(n = 0),,(n = 0),,(n = 0),,(n = 0),,(n = 59),,(n = 33),,(n = 26),,(n = 60),,(n = 36),,(n = 24),
,(average),,,,,,,,,,,,,,,,,,,,,,,,,,,,,,,,,,,
,Mean,SDa,Mean,SDa,Mean,SDa,Mean,SDa,Mean,SDa,Mean,SDa,Mean,SDa,Mean,SDa,Mean,SDa,Mean,SDa,Mean,SDa,Mean,SDa,Mean,SDa,Mean,SDa,Mean,SDa,Mean,SDa,Mean,SDa,Mean,SDa
Fertilizer,0,0,0,0,0,0,0,0,0,0,0,0,0,0,0,0,0,0,0,0,0,0,0,0,2.5,1.6,2.7,1.5,2.3,1.7,1.3,0.9,1.4,0.8,1,0.9
Herbicide,0,0,0,0,0,0,0,0,0,0,0,0,0,0,0,0,0,0,0,0,0,0,0,0,1.2,0.5,1.4,0.7,1.1,0.3,0.6,0.8,0.5,0.8,0.8,0.7
Insecticide,0,0,0,0,0,0,0,0,0,0,0,0,0,0,0,0,0,0,0,0,0,0,0,0,1.9,1.1,2,1.2,1.8,1.1,1.6,1.1,1.6,1.2,1.7,1.1
Fungicide,0,0,0,0,0,0,0,0,0,0,0,0,0,0,0,0,0,0,0,0,0,0,0,0,1.1,0.3,1,0,1.2,0.4,0,0.1,0,0.2,0,0
Rodenticide,0,0,0,0,0,0,0,0,0,0,0,0,0,0,0,0,0,0,0,0,0,0,0,0,1.4,0.7,1.1,0.4,2,1,0.5,0.6,0.5,0.6,0.4,0.6
Molluscicide,0,0,0,0,0,0,0,0,0,0,0,0,0,0,0,0,0,0,0,0,0,0,0,0,1.4,0.8,1.1,0.3,1.8,1,0.6,0.7,0.4,0.6,0.9,0.9
Other pesticide,0,0,0,0,0,0,0,0,0,0,0,0,0,0,0,0,0,0,0,0,0,0,0,0,1.3,0.6,2,0,1,0,0,0,0,0,0,0
Zamboanga del Norte,Jul-Dec 2006 harvest,,,,,,Jan-Jun 2007 harvest,,,,,,Jul-Dec 2011 harvest,,,,,,Jan-Jun 2012 harvest,,,,,,Jul-Dec 2016 harvest,,,,,,Jan-Jun 2017 harvest,,,,,
Items,ALL ECOSYSTEMS,,IRRIGATED,,NON-IRRIGATED,,ALL ECOSYSTEMS,,IRRIGATED,,NON-IRRIGATED,,ALL ECOSYSTEMS,,IRRIGATED,,NON-IRRIGATED,,ALL ECOSYSTEMS,,IRRIGATED,,NON-IRRIGATED,,ALL ECOSYSTEMS,,IRRIGATED,,NON-IRRIGATED,,ALL ECOSYSTEMS,,IRRIGATED,,NON-IRRIGATED,
,(n = 42),,(n = 19),,(n = 23),,(n = 42),,(n = 28),,(n = 14),,(n = 60),,(n = 32),,(n = 28),,(n = 43),,(n = 29),,(n = 14),,(n = 59),,(n = 32),,(n = 27),,(n = 44),,(n = 30),,(n = 14),
,(average),,,,,,,,,,,,,,,,,,,,,,,,,,,,,,,,,,,
,Mean,SDa,Mean,SDa,Mean,SDa,Mean,SDa,Mean,SDa,Mean,SDa,Mean,SDa,Mean,SDa,Mean,SDa,Mean,SDa,Mean,SDa,Mean,SDa,Mean,SDa,Mean,SDa,Mean,SDa,Mean,SDa,Mean,SDa,Mean,SDa
Fertilizer,2,1.5,2.4,1.3,1.7,1.6,1.5,1.5,1.6,1.6,1.2,1.2,1.9,1.2,1.8,1.5,2,0.7,2.1,1.1,2.2,1.3,1.9,0.6,3.9,2.1,4.4,2.3,3.3,1.8,1.4,1.1,2.2,0.7,1.4,0.9
Herbicide,0.9,0.9,0.6,0.8,1.1,1,0.5,0.8,0.4,0.8,0.6,0.7,1,0.7,0.8,0.7,1.2,0.7,1,0.6,0.8,0.5,1.4,0.5,1.6,0.7,1.5,0.6,1.6,0.7,0.6,0.7,0.7,0.7,1,0.8
Insecticide,2.3,1.1,2.8,1.4,1.9,0.6,2.8,1.5,3.2,1.7,2.1,0.7,2.4,1.6,2.2,1.8,2.7,1.2,2.1,2.1,2.1,2.5,1.9,0.8,3.6,2.3,4.3,2.5,2.8,1.6,1.6,1.7,2.3,1.7,1.7,1.4
Fungicide,1,0,1,0,1,0,1.9,0.8,2,0.7,1,0,0.2,0.6,0.3,0.7,0.1,0.3,0.2,0.6,0.3,0.7,0.1,0.3,2.1,2,2.3,2.2,1.5,0.7,0.3,0.6,0.5,0.7,0.4,0.6
Rodenticide,2.6,2.1,1.6,0.5,2.9,2.3,3.3,2.2,3.7,2.1,3.1,2.2,1.3,2.1,0.5,0.7,2.3,2.7,1.7,2.6,0.7,1,3.7,3.6,1.8,1.3,2,1.6,1.6,0.8,0.4,0.7,0.6,0.8,0.6,0.6
Molluscicide,1.3,0.4,1.3,0.5,1,0,1.6,0.7,1.6,0.7,0,0,0.5,0.6,0.6,0.7,0.3,0.5,0.3,0.5,0.3,0.5,0.1,0.5,1.6,0.7,1.7,0.8,1.3,0.5,0.6,0.7,0.9,0.6,0.7,0.7
Other pesticide,0,0,0,0,0,0,1,0,0,0,1,0,0,0,0,0,0,0,0,0,0,0,0,0,0,0,0,0,0,0,0,0,0,0,0,0
Zamboanga del Sur,Jul-Dec 2006 harvest,,,,,,Jan-Jun 2007 harvest,,,,,,Jul-Dec 2011 harvest,,,,,,Jan-Jun 2012 harvest,,,,,,Jul-Dec 2016 harvest,,,,,,Jan-Jun 2017 harvest,,,,,
Items,ALL ECOSYSTEMS,,IRRIGATED,,NON-IRRIGATED,,ALL ECOSYSTEMS,,IRRIGATED,,NON-IRRIGATED,,ALL ECOSYSTEMS,,IRRIGATED,,NON-IRRIGATED,,ALL ECOSYSTEMS,,IRRIGATED,,NON-IRRIGATED,,ALL ECOSYSTEMS,,IRRIGATED,,NON-IRRIGATED,,ALL ECOSYSTEMS,,IRRIGATED,,NON-IRRIGATED,
,(n = 51),,(n = 39),,(n = 12),,(n = 51),,(n = 42),,(n = 9),,(n = 60),,(n = 45),,(n = 15),,(n = 60),,(n = 49),,(n = 11),,(n = 60),,(n = 53),,(n = 7),,(n = 59),,(n = 52),,(n = 7),
,(average),,,,,,,,,,,,,,,,,,,,,,,,,,,,,,,,,,,
,Mean,SDa,Mean,SDa,Mean,SDa,Mean,SDa,Mean,SDa,Mean,SDa,Mean,SDa,Mean,SDa,Mean,SDa,Mean,SDa,Mean,SDa,Mean,SDa,Mean,SDa,Mean,SDa,Mean,SDa,Mean,SDa,Mean,SDa,Mean,SDa
Fertilizer,2.2,1.1,2.4,1,1.8,1.3,2.1,1.2,2.2,1.1,1.6,1.3,2.3,0.6,2.2,0.5,2.7,0.8,2.3,0.9,2.2,0.9,2.6,0.5,3.5,1.9,3.6,1.9,2.9,1.3,2.2,0.7,2.3,0.7,2,0.6
Herbicide,1,0.6,1,0.6,0.8,0.6,1.1,0.5,1,0.4,1.2,0.8,1.3,0.5,1.3,0.5,1.5,0.5,1.4,0.5,1.4,0.5,1.5,0.5,1.2,0.5,1.2,0.4,1.3,0.8,1,0.5,1.1,0.5,1,0
Insecticide,3.2,1.8,3.2,1.7,3.3,2.6,3.2,1.9,3.2,1.9,2.7,1.8,2,1.1,1.8,1,2.8,1.1,2.1,1.3,1.9,1.3,2.6,1,2.9,1.6,2.9,1.5,2.9,2.2,1.7,1.2,1.7,1.3,1.6,0.8
Fungicide,2.5,1.6,2.5,1.6,0,0,1.3,0.5,1.2,0.4,1.6,0.5,0.4,0.6,0.4,0.6,0.5,0.7,0.2,0.4,0.1,0.4,0.3,0.5,1.9,1.5,1.8,1.4,3,2.8,0.4,0.6,0.4,0.6,0.1,0.4
Rodenticide,1.8,1.3,1.9,1.4,1,0,1.7,1.1,1.7,1.1,2,0,0.9,0.5,0.8,0.5,0.9,0.5,0.9,0.5,0.9,0.5,0.7,0.5,1.7,1.2,1.8,1.3,1.2,0.4,0.6,0.7,0.6,0.7,0.4,0.5
Molluscicide,1.3,0.5,1,0,2,0,1,0,1,0,0,0,0.2,0.4,0.1,0.3,0.4,0.5,0.3,0.5,0.3,0.5,0.6,0.7,1.4,0.8,1.4,0.7,1.8,1.6,0.9,0.6,0.9,0.7,1,0
Other pesticide,0,0,0,0,0,0,1,0,1,0,1,0,0,0,0,0,0,0,0,0,0,0,0,0,0,0,0,0,0,0,0,0,0,0,0,0
Zamboanga Sibugay,Jul-Dec 2006 harvest,,,,,,Jan-Jun 2007 harvest,,,,,,Jul-Dec 2011 harvest,,,,,,Jan-Jun 2012 harvest,,,,,,Jul-Dec 2016 harvest,,,,,,Jan-Jun 2017 harvest,,,,,
Items,ALL ECOSYSTEMS,,IRRIGATED,,NON-IRRIGATED,,ALL ECOSYSTEMS,,IRRIGATED,,NON-IRRIGATED,,ALL ECOSYSTEMS,,IRRIGATED,,NON-IRRIGATED,,ALL ECOSYSTEMS,,IRRIGATED,,NON-IRRIGATED,,ALL ECOSYSTEMS,,IRRIGATED,,NON-IRRIGATED,,ALL ECOSYSTEMS,,IRRIGATED,,NON-IRRIGATED,
,(n = 22),,(n = 4),,(n = 18),,(n = 22),,(n = 10),,(n = 12),,(n = 24),,(n = 8),,(n = 16),,(n = 25),,(n = 6),,(n = 19),,(n = 60),,(n = 43),,(n = 17),,(n = 47),,(n = 18),,(n = 29),
,(average),,,,,,,,,,,,,,,,,,,,,,,,,,,,,,,,,,,
,Mean,SDa,Mean,SDa,Mean,SDa,Mean,SDa,Mean,SDa,Mean,SDa,Mean,SDa,Mean,SDa,Mean,SDa,Mean,SDa,Mean,SDa,Mean,SDa,Mean,SDa,Mean,SDa,Mean,SDa,Mean,SDa,Mean,SDa,Mean,SDa
Fertilizer,2.5,1.1,2.5,0.5,2.5,1.2,1.5,1.3,0.6,1,2.3,0.9,2.7,1.3,1.9,0.8,3.1,1.4,2.8,1,2.7,1.4,2.9,0.9,4.6,2.1,4.7,2,4.2,2.2,1.9,1.3,2.8,1.2,2.2,0.5
Herbicide,1.1,1,1.3,0.9,1.1,1,0.8,1,0.4,0.7,1.2,1.1,1.4,0.5,1.5,0.5,1.4,0.5,1.4,0.6,1.2,0.4,1.4,0.7,1.7,0.8,1.7,0.9,1.6,0.7,0.9,0.7,1.4,0.6,1,0.6
Insecticide,3,1.5,3.5,1.7,2.9,1.5,2.6,2.5,1.3,0.5,2.9,2.7,5.8,2.5,5.4,3,5.9,2.4,4.6,1.9,5.2,2.3,4.4,1.8,4.6,3.5,4.2,2.4,5.6,5.6,2.4,1.7,2.8,1.7,3.1,1.1
Fungicide,4,3.1,1,0,5.5,2.7,0,0,0,0,0,0,0.2,0.4,0.1,0.4,0.2,0.4,1.4,1.4,0.3,0.5,1.8,1.5,1.6,0.8,1.5,0.7,2,1.4,0.4,0.6,0.6,0.6,0.6,0.7
Rodenticide,2,1.1,1,0,2.3,1.1,1.9,1.1,3,0,1.7,1.1,4,2.4,3.4,1.4,4.3,2.7,4,2.9,3.5,3.2,4.2,2.9,2.2,1.5,2.4,1.7,1.8,0.8,0.4,0.6,0.3,0.6,0.6,0.6
Molluscicide,1.3,0.5,0,0,1.3,0.5,1.3,0.5,0,0,1.3,0.5,1.9,1.6,2.9,1.7,1.4,1.3,1.4,1.1,1.5,1.2,1.3,1.1,1.6,0.8,1.6,0.8,1.8,0.9,0.7,0.7,0.8,0.6,0.9,0.8
Other pesticide,0,0,0,0,0,0,0,0,0,0,0,0,0,0,0,0,0,0,0,0,0,0,0,0,0,0,0,0,0,0,0,0,0,0,0,0
Bukidnon,Jul-Dec 2006 harvest,,,,,,Jan-Jun 2007 harvest,,,,,,Jul-Dec 2011 harvest,,,,,,Jan-Jun 2012 harvest,,,,,,Jul-Dec 2016 harvest,,,,,,Jan-Jun 2017 harvest,,,,,
Items,ALL ECOSYSTEMS,,IRRIGATED,,NON-IRRIGATED,,ALL ECOSYSTEMS,,IRRIGATED,,NON-IRRIGATED,,ALL ECOSYSTEMS,,IRRIGATED,,NON-IRRIGATED,,ALL ECOSYSTEMS,,IRRIGATED,,NON-IRRIGATED,,ALL ECOSYSTEMS,,IRRIGATED,,NON-IRRIGATED,,ALL ECOSYSTEMS,,IRRIGATED,,NON-IRRIGATED,
,(n = 47),,(n = 29),,(n = 18),,(n = 48),,(n = 42),,(n = 6),,(n = 80),,(n = 67),,(n = 13),,(n = 77),,(n = 71),,(n = 6),,(n = 78),,(n = 60),,(n = 18),,(n = 84),,(n = 62),,(n = 22),
,(average),,,,,,,,,,,,,,,,,,,,,,,,,,,,,,,,,,,
,Mean,SDa,Mean,SDa,Mean,SDa,Mean,SDa,Mean,SDa,Mean,SDa,Mean,SDa,Mean,SDa,Mean,SDa,Mean,SDa,Mean,SDa,Mean,SDa,Mean,SDa,Mean,SDa,Mean,SDa,Mean,SDa,Mean,SDa,Mean,SDa
Fertilizer,2.5,1.2,2.5,1.4,2.4,0.9,1.6,1.3,1.5,1.3,2.5,1.2,2.7,0.9,2.7,0.9,2.5,0.9,3,1.2,3.1,1.2,2.7,0.5,3.7,1.8,4,1.8,2.8,1.3,2,0.8,2.2,0.7,1.6,0.5
Herbicide,1.2,0.6,1.1,0.6,1.2,0.6,0.8,0.8,0.8,0.8,1.3,0.8,1.2,0.8,1.1,0.8,1.2,0.7,1.1,0.8,1.1,0.8,1.2,0.8,1.2,0.5,1.2,0.4,1.3,0.6,1,0.6,1.1,0.5,1,0.7
Insecticide,3.8,2.3,4.3,2.1,2.8,2.4,4.7,2.1,5,2.1,3.2,1.5,3.9,2,4.2,2,2.5,1.3,4.5,2.3,4.6,2.3,3.3,1.8,3.2,2.6,3.3,2.9,2.7,1.4,2.5,1.5,2.7,1.6,2.1,0.9
Fungicide,1.3,0.5,1,0,1.5,0.5,1,0,1,0,0,0,0.3,0.6,0.3,0.6,0.2,0.4,0.4,0.8,0.4,0.8,0.2,0.4,1.5,0.7,1.6,0.7,1,0,0.3,0.6,0.3,0.6,0.3,0.6
Rodenticide,1,0,1,0,1,0,0,0,0,0,0,0,0.2,0.5,0.1,0.4,0.4,0.7,0.1,0.5,0.1,0.3,1,1.1,1.7,1.6,1.4,0.7,1,0,0.5,1.1,0.6,1.3,0.5,0.6
Molluscicide,1,0,1,0,0,0,1.1,0.4,1.1,0.4,0,0,0.4,0.7,0.4,0.6,0.5,1,0.3,0.6,0.3,0.5,0.8,1.3,1.1,0.3,1.1,0.3,1.1,0.3,0.7,0.6,0.8,0.5,0.7,0.7
Other pesticide,0,0,0,0,0,0,0,0,0,0,0,0,0,0.1,0,0.1,0,0,0,0,0,0,0,0,0,0,0,0,0,0,0,0,0,0,0,0
Davao de Oro,Jul-Dec 2006 harvest,,,,,,Jan-Jun 2007 harvest,,,,,,Jul-Dec 2011 harvest,,,,,,Jan-Jun 2012 harvest,,,,,,Jul-Dec 2016 harvest,,,,,,Jan-Jun 2017 harvest,,,,,
Items,ALL ECOSYSTEMS,,IRRIGATED,,NON-IRRIGATED,,ALL ECOSYSTEMS,,IRRIGATED,,NON-IRRIGATED,,ALL ECOSYSTEMS,,IRRIGATED,,NON-IRRIGATED,,ALL ECOSYSTEMS,,IRRIGATED,,NON-IRRIGATED,,ALL ECOSYSTEMS,,IRRIGATED,,NON-IRRIGATED,,ALL ECOSYSTEMS,,IRRIGATED,,NON-IRRIGATED,
,(n = 12),,(n = 12),,(n = 0),,(n = 12),,(n = 12),,(n = 0),,(n = 26),,(n = 22),,(n = 4),,(n = 25),,(n = 20),,(n = 5),,(n = 59),,(n = 29),,(n = 30),,(n = 60),,(n = 40),,(n = 20),
,(average),,,,,,,,,,,,,,,,,,,,,,,,,,,,,,,,,,,
,Mean,SDa,Mean,SDa,Mean,SDa,Mean,SDa,Mean,SDa,Mean,SDa,Mean,SDa,Mean,SDa,Mean,SDa,Mean,SDa,Mean,SDa,Mean,SDa,Mean,SDa,Mean,SDa,Mean,SDa,Mean,SDa,Mean,SDa,Mean,SDa
Fertilizer,3.1,0.4,3.1,0.4,0,0,3.8,0.9,3.8,0.9,0,0,3.4,1.1,3.6,1,2.3,1,3.4,0.9,3.4,0.8,3.4,1.1,3.4,1.6,4,1.7,2.9,1.3,2.4,0.8,2.5,0.8,2.2,0.9
Herbicide,1.2,1,1.2,1,0,0,1.3,0.9,1.3,0.9,0,0,1.5,0.6,1.4,0.6,2,0.8,1.3,0.7,1.2,0.7,1.8,0.4,1.4,0.5,1.4,0.5,1.4,0.6,1.2,0.5,1.2,0.5,1.3,0.6
Insecticide,5.7,1.1,5.7,1.1,0,0,6.5,1.9,6.5,1.9,0,0,5.3,1.8,5.6,1.8,3.5,1.3,5.3,1.8,5.4,2,5.2,0.8,3.2,1.6,3.1,1.6,3.2,1.6,2.7,1.4,2.8,1.3,2.4,1.6
Fungicide,3.7,1.5,3.7,1.5,0,0,3,0,3,0,0,0,0.5,0.9,0.5,0.9,0.5,1,0.4,0.8,0.4,0.7,0.4,0.9,1.3,0.5,1.3,0.5,1.3,0.5,0.7,1.1,0.7,1.1,0.5,1.1
Rodenticide,1.5,0.5,1.5,0.5,0,0,1.3,0.4,1.3,0.4,0,0,1.1,1.6,1,1.6,1.5,1.9,0.9,1.1,0.9,1,1.2,1.3,1.1,0.3,1.3,0.5,1,0,0.4,0.9,0.4,0.9,0.5,0.9
Molluscicide,1.3,0.5,1.3,0.5,0,0,1.5,0.6,1.5,0.6,0,0,1,0.7,1,0.7,1.3,0.5,1,0.6,0.9,0.6,1.2,0.4,1.3,0.5,1.3,0.5,1.2,0.4,1.1,0.4,1.2,0.4,0.9,0.4
Other pesticide,0,0,0,0,0,0,0,0,0,0,0,0,0,0,0,0,0,0,0,0,0,0,0,0,0,0,0,0,0,0,0,0,0,0,0,0
Davao del Norte,Jul-Dec 2006 harvest,,,,,,Jan-Jun 2007 harvest,,,,,,Jul-Dec 2011 harvest,,,,,,Jan-Jun 2012 harvest,,,,,,Jul-Dec 2016 harvest,,,,,,Jan-Jun 2017 harvest,,,,,
Items,ALL ECOSYSTEMS,,IRRIGATED,,NON-IRRIGATED,,ALL ECOSYSTEMS,,IRRIGATED,,NON-IRRIGATED,,ALL ECOSYSTEMS,,IRRIGATED,,NON-IRRIGATED,,ALL ECOSYSTEMS,,IRRIGATED,,NON-IRRIGATED,,ALL ECOSYSTEMS,,IRRIGATED,,NON-IRRIGATED,,ALL ECOSYSTEMS,,IRRIGATED,,NON-IRRIGATED,
,(n = 19),,(n = 19),,(n = 0),,(n = 19),,(n = 19),,(n = 0),,(n = 34),,(n = 34),,(n = 0),,(n = 34),,(n = 34),,(n = 0),,(n = 57),,(n = 32),,(n = 25),,(n = 57),,(n = 32),,(n = 25),
,(average),,,,,,,,,,,,,,,,,,,,,,,,,,,,,,,,,,,
,Mean,SDa,Mean,SDa,Mean,SDa,Mean,SDa,Mean,SDa,Mean,SDa,Mean,SDa,Mean,SDa,Mean,SDa,Mean,SDa,Mean,SDa,Mean,SDa,Mean,SDa,Mean,SDa,Mean,SDa,Mean,SDa,Mean,SDa,Mean,SDa
Fertilizer,3,0.7,3,0.7,0,0,2.6,1.2,2.6,1.2,0,0,4.4,2,4.4,2,0,0,3.9,1.6,3.9,1.6,0,0,4.1,2,4.6,1.9,3.5,2,2.2,1.1,2.6,1,1.8,0.8
Herbicide,1.3,0.6,1.3,0.6,0,0,1.1,0.5,1.1,0.5,0,0,1.2,0.7,1.2,0.7,0,0,1.1,0.6,1.1,0.6,0,0,1.5,0.6,1.6,0.7,1.3,0.5,1.1,0.6,1.3,0.6,1,0.6
Insecticide,3.8,2.7,3.8,2.7,0,0,3.7,2.1,3.7,2.1,0,0,3.7,2.3,3.7,2.3,0,0,3.1,1.5,3.1,1.5,0,0,3.2,2.3,2.7,1.6,3.9,2.9,2.2,1.3,2.4,1.2,2,1.3
Fungicide,1.5,0.5,1.5,0.5,0,0,1,0,1,0,0,0,0.6,1,0.6,1,0,0,0.5,0.9,0.5,0.9,0,0,1.2,0.5,1.3,0.6,1.1,0.3,0.5,1,0.8,1.2,0.1,0.3
Rodenticide,1,0,1,0,0,0,1.8,0.9,1.8,0.9,0,0,1,0.9,1,0.9,0,0,0.5,1.2,0.5,1.2,0,0,1.7,1.2,1.6,1,1.9,1.3,0.7,1,0.9,1.3,0.5,0.7
Molluscicide,1.4,0.5,1.4,0.5,0,0,1,0,1,0,0,0,1.1,0.5,1.1,0.5,0,0,1.2,0.7,1.2,0.7,0,0,1.4,0.7,1.4,0.6,1.4,0.7,1,0.5,1.1,0.6,0.9,0.3
Other pesticide,0,0,0,0,0,0,0,0,0,0,0,0,0,0,0,0,0,0,0,0.2,0,0.2,0,0,0,0,0,0,0,0,0,0,0,0,0,0
Davao del Sur,Jul-Dec 2006 harvest,,,,,,Jan-Jun 2007 harvest,,,,,,Jul-Dec 2011 harvest,,,,,,Jan-Jun 2012 harvest,,,,,,Jul-Dec 2016 harvest,,,,,,Jan-Jun 2017 harvest,,,,,
Items,ALL ECOSYSTEMS,,IRRIGATED,,NON-IRRIGATED,,ALL ECOSYSTEMS,,IRRIGATED,,NON-IRRIGATED,,ALL ECOSYSTEMS,,IRRIGATED,,NON-IRRIGATED,,ALL ECOSYSTEMS,,IRRIGATED,,NON-IRRIGATED,,ALL ECOSYSTEMS,,IRRIGATED,,NON-IRRIGATED,,ALL ECOSYSTEMS,,IRRIGATED,,NON-IRRIGATED,
,(n = 32),,(n = 31),,(n = 1),,(n = 32),,(n = 32),,(n = 0),,(n = 60),,(n = 60),,(n = 0),,(n = 60),,(n = 60),,(n = 0),,(n = 60),,(n = 60),,(n = 0),,(n = 49),,(n = 49),,(n = 0),
,(average),,,,,,,,,,,,,,,,,,,,,,,,,,,,,,,,,,,
,Mean,SDa,Mean,SDa,Mean,SDa,Mean,SDa,Mean,SDa,Mean,SDa,Mean,SDa,Mean,SDa,Mean,SDa,Mean,SDa,Mean,SDa,Mean,SDa,Mean,SDa,Mean,SDa,Mean,SDa,Mean,SDa,Mean,SDa,Mean,SDa
Fertilizer,2.7,0.8,2.8,0.8,2,0,2.6,0.9,2.6,0.9,0,0,3,1.3,3,1.3,0,0,2.8,1.1,2.8,1.1,0,0,5,2,5,2,0,0,1.6,1,2,0.7,0,0
Herbicide,1.3,1,1.3,1.1,2,0,0.9,0.6,0.9,0.6,0,0,1.1,0.8,1.1,0.8,0,0,1.1,0.8,1.1,0.8,0,0,1.4,0.7,1.4,0.7,0,0,0.7,0.7,0.9,0.7,0,0
Insecticide,2.7,1.4,2.7,1.4,2,0,2.7,1,2.7,1,0,0,2.3,1.9,2.3,1.9,0,0,2.4,2.2,2.4,2.2,0,0,3.7,2.9,3.7,2.9,0,0,1.4,1.2,1.7,1.1,0,0
Fungicide,1,0,1,0,0,0,1,0,1,0,0,0,0.2,0.6,0.2,0.6,0,0,0.2,0.5,0.2,0.5,0,0,1.2,0.6,1.2,0.6,0,0,0.1,0.3,0.1,0.3,0,0
Rodenticide,2,0.7,2,0.7,0,0,1,0,1,0,0,0,0.2,0.5,0.2,0.5,0,0,0.2,0.5,0.2,0.5,0,0,1.3,0.6,1.3,0.6,0,0,0.2,0.4,0.2,0.4,0,0
Molluscicide,1.6,1.5,1.6,1.5,0,0,1.2,0.4,1.2,0.4,0,0,0.6,0.6,0.6,0.6,0,0,0.4,0.5,0.4,0.5,0,0,1.4,0.5,1.4,0.5,0,0,0.6,0.6,0.7,0.5,0,0
Other pesticide,1,0,1,0,0,0,0,0,0,0,0,0,0,0.2,0,0.2,0,0,0,0,0,0,0,0,0,0,0,0,0,0,0,0,0,0,0,0
Davao Oriental,Jul-Dec 2006 harvest,,,,,,Jan-Jun 2007 harvest,,,,,,Jul-Dec 2011 harvest,,,,,,Jan-Jun 2012 harvest,,,,,,Jul-Dec 2016 harvest,,,,,,Jan-Jun 2017 harvest,,,,,
Items,ALL ECOSYSTEMS,,IRRIGATED,,NON-IRRIGATED,,ALL ECOSYSTEMS,,IRRIGATED,,NON-IRRIGATED,,ALL ECOSYSTEMS,,IRRIGATED,,NON-IRRIGATED,,ALL ECOSYSTEMS,,IRRIGATED,,NON-IRRIGATED,,ALL ECOSYSTEMS,,IRRIGATED,,NON-IRRIGATED,,ALL ECOSYSTEMS,,IRRIGATED,,NON-IRRIGATED,
,(n = 60),,(n = 58),,(n = 2),,(n = 60),,(n = 58),,(n = 2),,(n = 60),,(n = 60),,(n = 0),,(n = 60),,(n = 60),,(n = 0),,(n = 60),,(n = 60),,(n = 0),,(n = 60),,(n = 60),,(n = 0),
,(average),,,,,,,,,,,,,,,,,,,,,,,,,,,,,,,,,,,
,Mean,SDa,Mean,SDa,Mean,SDa,Mean,SDa,Mean,SDa,Mean,SDa,Mean,SDa,Mean,SDa,Mean,SDa,Mean,SDa,Mean,SDa,Mean,SDa,Mean,SDa,Mean,SDa,Mean,SDa,Mean,SDa,Mean,SDa,Mean,SDa
Fertilizer,4.1,1.5,4.1,1.5,4,1.1,3.1,1.6,3.1,1.6,5,0,3.4,0.8,3.4,0.8,0,0,3.5,1,3.5,1,0,0,5.4,1.7,5.4,1.7,0,0,2.1,0.7,2.1,0.7,0,0
Herbicide,1.2,0.8,1.2,0.8,1,0,1.1,0.4,1.1,0.4,1,0,1,0.5,1,0.5,0,0,1,0.3,1,0.3,0,0,1.4,0.7,1.4,0.7,0,0,1.2,1,1.2,1,0,0
Insecticide,5.2,1.4,5.2,1.3,4,1.1,6,1.5,5.9,1.5,7,1.1,4.2,2.1,4.2,2.1,0,0,5.3,1.7,5.3,1.7,0,0,4.4,3.2,4.4,3.2,0,0,2.7,1.4,2.7,1.4,0,0
Fungicide,1.6,0.9,1.6,0.9,1,0,1.6,0.8,1.6,0.8,0,0,1.2,1.4,1.2,1.4,0,0,1.3,1.5,1.3,1.5,0,0,1.6,0.8,1.6,0.8,0,0,0.5,0.6,0.5,0.6,0,0
Rodenticide,1.8,1.5,1.8,1.6,2,0,3,1.3,3,1.3,0,0,0.2,0.4,0.2,0.4,0,0,0.4,1.3,0.4,1.3,0,0,1.3,0.5,1.3,0.5,0,0,0.2,0.7,0.2,0.7,0,0
Molluscicide,1.1,0.3,1.1,0.3,0,0,1,0,1,0,1,0,0.9,0.7,0.9,0.7,0,0,0.6,0.5,0.6,0.5,0,0,1.2,0.4,1.2,0.4,0,0,0.8,0.5,0.8,0.5,0,0
Other pesticide,0,0,0,0,0,0,1,0,1,0,0,0,0,0.3,0,0.3,0,0,0,0,0,0,0,0,0,0,0,0,0,0,0,0,0,0,0,0
North Cotabato,Jul-Dec 2006 harvest,,,,,,Jan-Jun 2007 harvest,,,,,,Jul-Dec 2011 harvest,,,,,,Jan-Jun 2012 harvest,,,,,,Jul-Dec 2016 harvest,,,,,,Jan-Jun 2017 harvest,,,,,
Items,ALL ECOSYSTEMS,,IRRIGATED,,NON-IRRIGATED,,ALL ECOSYSTEMS,,IRRIGATED,,NON-IRRIGATED,,ALL ECOSYSTEMS,,IRRIGATED,,NON-IRRIGATED,,ALL ECOSYSTEMS,,IRRIGATED,,NON-IRRIGATED,,ALL ECOSYSTEMS,,IRRIGATED,,NON-IRRIGATED,,ALL ECOSYSTEMS,,IRRIGATED,,NON-IRRIGATED,
,(n = 41),,(n = 30),,(n = 11),,(n = 39),,(n = 36),,(n = 3),,(n = 84),,(n = 59),,(n = 25),,(n = 68),,(n = 49),,(n = 19),,(n = 77),,(n = 56),,(n = 21),,(n = 79),,(n = 51),,(n = 28),
,(average),,,,,,,,,,,,,,,,,,,,,,,,,,,,,,,,,,,
,Mean,SDa,Mean,SDa,Mean,SDa,Mean,SDa,Mean,SDa,Mean,SDa,Mean,SDa,Mean,SDa,Mean,SDa,Mean,SDa,Mean,SDa,Mean,SDa,Mean,SDa,Mean,SDa,Mean,SDa,Mean,SDa,Mean,SDa,Mean,SDa
Fertilizer,2.1,0.9,2.5,0.8,1.4,0.7,1.7,1.5,1.7,1.5,1.7,0.5,2.2,0.7,2.2,0.7,2.1,0.6,2.3,0.8,2.4,0.8,1.9,0.9,2.8,1.4,3,1.4,2.9,1.1,1.9,0.9,2.1,0.9,1.9,0.8
Herbicide,1.6,1.2,1.4,0.9,2,1.7,1.1,1,1,1,2,0.9,1.4,0.7,1.5,0.8,1.2,0.5,1.6,0.9,1.5,0.8,1.9,1.1,1.5,0.6,1.6,0.6,1.5,0.5,1.4,0.7,1.5,0.8,1.4,0.7
Insecticide,4.5,2.4,4.6,2.5,3.9,2.1,5.5,2.6,5.8,2.6,4,0.8,3.6,1.9,3.4,2.1,3.9,1.2,4.1,1.9,4.2,1.9,3.7,1.7,2.6,2,2.6,2.3,2.6,1.5,2.2,1.1,2.3,1.2,2.3,1.1
Fungicide,2,0,2,0,0,0,0,0,0,0,0,0,0.4,0.6,0.4,0.6,0.3,0.5,0.4,0.8,0.4,0.9,0.2,0.4,1.3,0.6,1.5,0.7,1,0,0.2,0.5,0.3,0.5,0.2,0.5
Rodenticide,1,0,1,0,0,0,1,0,1,0,0,0,0.6,1.2,0.6,1,0.6,1.6,0.1,0.4,0.1,0.3,0.2,0.5,1.3,0.7,1.3,0.6,1,0,0.5,0.6,0.4,0.6,0.6,0.7
Molluscicide,1.4,0.5,1.1,0.3,2,0,1,0,1,0,0,0,0.1,0.4,0.2,0.4,0,0.2,0.3,0.4,0.3,0.5,0.1,0.3,1.1,0.4,1.1,0.3,1.3,0.8,0.7,0.6,0.7,0.5,0.8,0.6
Other pesticide,0,0,0,0,0,0,0,0,0,0,0,0,0,0.1,0,0.1,0,0,0,0,0,0,0,0,0,0,0,0,0,0,0,0,0,0,0,0
South Cotabato,Jul-Dec 2006 harvest,,,,,,Jan-Jun 2007 harvest,,,,,,Jul-Dec 2011 harvest,,,,,,Jan-Jun 2012 harvest,,,,,,Jul-Dec 2016 harvest,,,,,,Jan-Jun 2017 harvest,,,,,
Items,ALL ECOSYSTEMS,,IRRIGATED,,NON-IRRIGATED,,ALL ECOSYSTEMS,,IRRIGATED,,NON-IRRIGATED,,ALL ECOSYSTEMS,,IRRIGATED,,NON-IRRIGATED,,ALL ECOSYSTEMS,,IRRIGATED,,NON-IRRIGATED,,ALL ECOSYSTEMS,,IRRIGATED,,NON-IRRIGATED,,ALL ECOSYSTEMS,,IRRIGATED,,NON-IRRIGATED,
,(n = 49),,(n = 40),,(n = 9),,(n = 48),,(n = 47),,(n = 1),,(n = 59),,(n = 50),,(n = 9),,(n = 56),,(n = 47),,(n = 9),,(n = 58),,(n = 52),,(n = 6),,(n = 58),,(n = 46),,(n = 12),
,(average),,,,,,,,,,,,,,,,,,,,,,,,,,,,,,,,,,,
,Mean,SDa,Mean,SDa,Mean,SDa,Mean,SDa,Mean,SDa,Mean,SDa,Mean,SDa,Mean,SDa,Mean,SDa,Mean,SDa,Mean,SDa,Mean,SDa,Mean,SDa,Mean,SDa,Mean,SDa,Mean,SDa,Mean,SDa,Mean,SDa
Fertilizer,2.3,0.7,2.2,0.6,3,0.8,1.4,1.3,1.4,1.3,3,0,2.4,0.9,2.4,1,2,0.5,2.2,0.8,2.3,0.8,1.7,0.5,3.3,1.2,3.4,1.2,2.8,1.2,2.2,0.6,2.2,0.5,2.2,0.7
Herbicide,1.2,0.5,1.2,0.5,1,0.5,0.6,0.6,0.6,0.6,1,0,1.5,0.6,1.5,0.6,1.7,0.7,1.2,0.5,1.2,0.5,1.2,0.4,1.9,0.7,1.9,0.7,1.5,0.8,1.6,0.5,1.7,0.5,1.5,0.5
Insecticide,3.2,1.2,3,1,4,1.3,3,0.7,2.9,0.7,4,0,3.3,1.7,3.4,1.7,2.8,1.9,3.3,1.2,3.5,1.1,2.6,1.5,2.9,1.7,2.9,1.4,3.3,3.3,2.2,1.2,2.2,1.2,2.2,1.1
Fungicide,1.1,0.3,1,0,1.5,0.5,2.3,1,2.3,1,0,0,0.2,0.4,0.2,0.5,0.1,0.3,0.1,0.3,0.1,0.4,0,0,1.3,0.5,1.3,0.5,0,0,0.2,0.4,0.1,0.3,0.2,0.4
Rodenticide,2,0,0,0,2,0,0,0,0,0,0,0,0.1,0.3,0.1,0.3,0.1,0.3,0,0,0,0,0,0,1.4,0.6,1.4,0.7,1.4,0.5,0.2,0.4,0.1,0.3,0.4,0.5
Molluscicide,0,0,0,0,0,0,0,0,0,0,0,0,0.3,0.5,0.3,0.6,0,0,0,0,0,0,0,0,1.2,0.4,1.2,0.4,1.5,0.7,0.7,0.7,0.6,0.7,0.8,0.6
Other pesticide,0,0,0,0,0,0,0,0,0,0,0,0,0,0,0,0,0,0,0,0,0,0,0,0,0,0,0,0,0,0,0,0,0,0,0,0
Sultan Kudarat,Jul-Dec 2006 harvest,,,,,,Jan-Jun 2007 harvest,,,,,,Jul-Dec 2011 harvest,,,,,,Jan-Jun 2012 harvest,,,,,,Jul-Dec 2016 harvest,,,,,,Jan-Jun 2017 harvest,,,,,
Items,ALL ECOSYSTEMS,,IRRIGATED,,NON-IRRIGATED,,ALL ECOSYSTEMS,,IRRIGATED,,NON-IRRIGATED,,ALL ECOSYSTEMS,,IRRIGATED,,NON-IRRIGATED,,ALL ECOSYSTEMS,,IRRIGATED,,NON-IRRIGATED,,ALL ECOSYSTEMS,,IRRIGATED,,NON-IRRIGATED,,ALL ECOSYSTEMS,,IRRIGATED,,NON-IRRIGATED,
,(n = 53),,(n = 40),,(n = 13),,(n = 46),,(n = 39),,(n = 7),,(n = 58),,(n = 43),,(n = 15),,(n = 40),,(n = 40),,(n = 0),,(n = 60),,(n = 43),,(n = 17),,(n = 55),,(n = 35),,(n = 20),
,(average),,,,,,,,,,,,,,,,,,,,,,,,,,,,,,,,,,,
,Mean,SDa,Mean,SDa,Mean,SDa,Mean,SDa,Mean,SDa,Mean,SDa,Mean,SDa,Mean,SDa,Mean,SDa,Mean,SDa,Mean,SDa,Mean,SDa,Mean,SDa,Mean,SDa,Mean,SDa,Mean,SDa,Mean,SDa,Mean,SDa
Fertilizer,2.5,0.7,2.6,0.7,2.4,0.7,1.3,1.2,1.2,1.3,1.8,0.4,2.4,0.6,2.5,0.7,2.1,0.4,2.6,0.7,2.6,0.7,0,0,3,1.2,3,1.3,3.1,1,1.9,0.8,2,0.8,2.1,0.5
Herbicide,1.3,0.9,1.3,1,1.3,0.5,0.6,0.6,0.6,0.6,1,0,1.4,0.9,1.2,0.8,2,1,1.5,0.7,1.5,0.7,0,0,2,0.7,2,0.8,1.9,0.6,1.7,0.9,1.8,0.8,2,0.8
Insecticide,3.1,1.5,3.3,1.6,2.8,1.3,2.8,1.1,3,1.1,1.8,0.4,2.9,1.9,3.1,2,2.4,1.5,2.8,1.2,2.8,1.2,0,0,2.5,1.4,2.5,1.4,2.5,1.3,2.3,1.2,2.4,1.1,2.5,1.1
Fungicide,1.7,0.8,1.7,0.8,0,0,1,0,1,0,0,0,0.2,0.4,0.2,0.4,0.1,0.3,0.3,0.6,0.3,0.6,0,0,1,0,1,0,0,0,0.2,0.5,0.2,0.5,0.2,0.5
Rodenticide,2.5,0.5,0,0,2.5,0.5,0,0,0,0,0,0,0.2,0.5,0.2,0.6,0.1,0.4,0.2,0.7,0.2,0.7,0,0,1.3,0.5,1.3,0.5,1.3,0.7,0.7,0.8,0.5,0.7,1.1,0.8
Molluscicide,1,0,1,0,0,0,0,0,0,0,0,0,0.1,0.3,0.2,0.4,0,0,0.2,0.4,0.2,0.4,0,0,1.1,0.3,1.1,0.3,1.1,0.3,0.6,0.7,0.7,0.8,0.6,0.6
Other pesticide,0,0,0,0,0,0,0,0,0,0,0,0,0,0,0,0,0,0,0,0,0,0,0,0,0,0,0,0,0,0,0,0,0,0,0,0
Agusan del Norte,Jul-Dec 2006 harvest,,,,,,Jan-Jun 2007 harvest,,,,,,Jul-Dec 2011 harvest,,,,,,Jan-Jun 2012 harvest,,,,,,Jul-Dec 2016 harvest,,,,,,Jan-Jun 2017 harvest,,,,,
Items,ALL ECOSYSTEMS,,IRRIGATED,,NON-IRRIGATED,,ALL ECOSYSTEMS,,IRRIGATED,,NON-IRRIGATED,,ALL ECOSYSTEMS,,IRRIGATED,,NON-IRRIGATED,,ALL ECOSYSTEMS,,IRRIGATED,,NON-IRRIGATED,,ALL ECOSYSTEMS,,IRRIGATED,,NON-IRRIGATED,,ALL ECOSYSTEMS,,IRRIGATED,,NON-IRRIGATED,
,(n = 25),,(n = 15),,(n = 10),,(n = 25),,(n = 17),,(n = 8),,(n = 57),,(n = 32),,(n = 25),,(n = 51),,(n = 34),,(n = 17),,(n = 43),,(n = 33),,(n = 10),,(n = 52),,(n = 36),,(n = 16),
,(average),,,,,,,,,,,,,,,,,,,,,,,,,,,,,,,,,,,
,Mean,SDa,Mean,SDa,Mean,SDa,Mean,SDa,Mean,SDa,Mean,SDa,Mean,SDa,Mean,SDa,Mean,SDa,Mean,SDa,Mean,SDa,Mean,SDa,Mean,SDa,Mean,SDa,Mean,SDa,Mean,SDa,Mean,SDa,Mean,SDa
Fertilizer,2.8,1,2.7,0.9,3,1.1,2,2,2.2,2.3,1.7,1,2.9,1.2,3.3,1.2,2.4,0.8,2.8,1.1,3,1.1,2.4,1,3.9,1.7,4.4,1.6,3.2,1.8,1.6,1,1.9,0.8,1.8,0.7
Herbicide,1.2,0.9,1.1,0.6,1.2,1.2,0.8,0.8,0.8,0.8,0.9,0.6,1.3,0.7,1.2,0.7,1.5,0.8,1.1,0.7,1,0.8,1.2,0.5,1.4,0.6,1.4,0.7,1.3,0.5,0.9,0.5,1.1,0.3,1,0.6
Insecticide,1.9,0.7,1.7,0.8,2.3,0.5,1.9,0.6,2.1,0.5,1.7,0.6,1.9,1.5,1.3,1.1,2.7,1.5,2.3,2,2.4,2.3,1.9,1.1,3.4,2,3.5,2.3,3.2,1.2,1.5,1.2,1.8,1,1.7,1.3
Fungicide,1,0,0,0,1,0,1.3,0.5,2,0,1,0,0.3,0.6,0.2,0.5,0.4,0.7,0.5,0.9,0.2,0.6,1.1,1.2,1.1,0.4,1.3,0.5,1,0,0.2,0.6,0.3,0.7,0.1,0.3
Rodenticide,0,0,0,0,0,0,1,0,0,0,1,0,0.3,0.6,0.3,0.5,0.2,0.6,0.1,0.2,0,0.2,0.1,0.3,1.9,1.1,1.9,1.2,2,0,0.6,1.4,0.6,1.6,0.9,1.2
Molluscicide,0,0,0,0,0,0,0,0,0,0,0,0,0.2,0.4,0.2,0.4,0.2,0.5,0.1,0.4,0,0.2,0.3,0.6,1.1,0.3,1,0.2,1.3,0.5,0.7,0.6,0.8,0.6,0.7,0.5
Other pesticide,0,0,0,0,0,0,0,0,0,0,0,0,0,0,0,0,0,0,0,0,0,0,0,0,0,0,0,0,0,0,0,0,0,0,0,0
Agusan del Sur,Jul-Dec 2006 harvest,,,,,,Jan-Jun 2007 harvest,,,,,,Jul-Dec 2011 harvest,,,,,,Jan-Jun 2012 harvest,,,,,,Jul-Dec 2016 harvest,,,,,,Jan-Jun 2017 harvest,,,,,
Items,ALL ECOSYSTEMS,,IRRIGATED,,NON-IRRIGATED,,ALL ECOSYSTEMS,,IRRIGATED,,NON-IRRIGATED,,ALL ECOSYSTEMS,,IRRIGATED,,NON-IRRIGATED,,ALL ECOSYSTEMS,,IRRIGATED,,NON-IRRIGATED,,ALL ECOSYSTEMS,,IRRIGATED,,NON-IRRIGATED,,ALL ECOSYSTEMS,,IRRIGATED,,NON-IRRIGATED,
,(n = 41),,(n = 26),,(n = 15),,(n = 41),,(n = 24),,(n = 17),,(n = 54),,(n = 34),,(n = 20),,(n = 60),,(n = 32),,(n = 28),,(n = 37),,(n = 24),,(n = 13),,(n = 58),,(n = 43),,(n = 15),
,(average),,,,,,,,,,,,,,,,,,,,,,,,,,,,,,,,,,,
,Mean,SDa,Mean,SDa,Mean,SDa,Mean,SDa,Mean,SDa,Mean,SDa,Mean,SDa,Mean,SDa,Mean,SDa,Mean,SDa,Mean,SDa,Mean,SDa,Mean,SDa,Mean,SDa,Mean,SDa,Mean,SDa,Mean,SDa,Mean,SDa
Fertilizer,2.9,1.6,3.2,1.8,2.4,1,2.2,1.8,2.5,2.2,1.9,1.1,2,1,2.2,1,1.7,1.1,2.2,1.2,2.4,1.2,2,1.3,2.8,1.4,3.2,1.3,2.9,1.7,1.9,0.8,1.9,0.6,1.9,1
Herbicide,1.5,1.1,1.6,1.3,1.2,0.4,1.4,0.7,1.2,0.6,1.6,0.8,1.5,0.6,1.6,0.6,1.4,0.5,1.7,0.7,1.6,0.8,1.8,0.7,1.9,0.9,1.8,0.8,2.1,1.2,1.6,0.6,1.6,0.5,1.7,0.7
Insecticide,3.2,1.4,3,1.5,3.3,1.2,3.6,1.8,3.2,1.6,4.2,2,2.2,1.3,2,1.4,2.5,1.1,2.4,1.8,2.1,1.8,2.8,1.7,2.7,1.2,2.7,1.2,2.8,1.3,2.3,1.3,2.3,1.2,2.7,1.4
Fungicide,1.6,0.8,1.3,0.5,2,1.1,1.3,0.5,1.5,0.5,1.2,0.4,0.3,0.6,0.3,0.6,0.3,0.6,0.4,0.7,0.4,0.7,0.5,0.7,2,1.1,2.4,1.1,1,0,0.4,0.7,0.5,0.8,0.3,0.5
Rodenticide,1.6,0.9,1.8,1,1,0,2,1.2,2,1.3,2,1.1,0.8,1,0.6,0.8,1.1,1.2,2.2,2.6,2.2,2.8,2.1,2.4,1.6,0.8,1.2,0.4,1.7,1,0.9,1,0.9,1.1,0.9,1
Molluscicide,1.4,0.5,1.3,0.5,1.5,0.5,1.2,0.4,1.2,0.4,1.3,0.5,0.6,0.6,0.7,0.6,0.6,0.6,0.9,0.7,1,0.6,0.7,0.7,1.5,0.7,1.6,0.8,1.3,0.5,1,0.6,1.1,0.5,0.9,0.6
Other pesticide,0,0,0,0,0,0,1.3,0.5,0,0,1.3,0.5,0,0,0,0,0,0,0,0,0,0,0,0,0,0,0,0,0,0,0,0,0,0,0,0
Lanao Del Sur,Jul-Dec 2006 harvest,,,,,,Jan-Jun 2007 harvest,,,,,,Jul-Dec 2011 harvest,,,,,,Jan-Jun 2012 harvest,,,,,,Jul-Dec 2016 harvest,,,,,,Jan-Jun 2017 harvest,,,,,
Items,ALL ECOSYSTEMS,,IRRIGATED,,NON-IRRIGATED,,ALL ECOSYSTEMS,,IRRIGATED,,NON-IRRIGATED,,ALL ECOSYSTEMS,,IRRIGATED,,NON-IRRIGATED,,ALL ECOSYSTEMS,,IRRIGATED,,NON-IRRIGATED,,ALL ECOSYSTEMS,,IRRIGATED,,NON-IRRIGATED,,ALL ECOSYSTEMS,,IRRIGATED,,NON-IRRIGATED,
,(n = 0),,(n = 0),,(n = 0),,(n = 0),,(n = 0),,(n = 0),,(n = 0),,(n = 0),,(n = 0),,(n = 0),,(n = 0),,(n = 0),,(n = 39),,(n = 16),,(n = 23),,(n = 0),,(n = 0),,(n = 0),
,(average),,,,,,,,,,,,,,,,,,,,,,,,,,,,,,,,,,,
,Mean,SDa,Mean,SDa,Mean,SDa,Mean,SDa,Mean,SDa,Mean,SDa,Mean,SDa,Mean,SDa,Mean,SDa,Mean,SDa,Mean,SDa,Mean,SDa,Mean,SDa,Mean,SDa,Mean,SDa,Mean,SDa,Mean,SDa,Mean,SDa
Fertilizer,0,0,0,0,0,0,0,0,0,0,0,0,0,0,0,0,0,0,0,0,0,0,0,0,1.7,0.9,2.3,0.9,1.7,0.7,0,0,0,0,0,0
Herbicide,0,0,0,0,0,0,0,0,0,0,0,0,0,0,0,0,0,0,0,0,0,0,0,0,1.4,0.5,1.5,0.8,1.3,0.5,0,0,0,0,0,0
Insecticide,0,0,0,0,0,0,0,0,0,0,0,0,0,0,0,0,0,0,0,0,0,0,0,0,1.2,0.5,1.1,0.3,1.3,0.6,0,0,0,0,0,0
Fungicide,0,0,0,0,0,0,0,0,0,0,0,0,0,0,0,0,0,0,0,0,0,0,0,0,0,0,0,0,0,0,0,0,0,0,0,0
Rodenticide,0,0,0,0,0,0,0,0,0,0,0,0,0,0,0,0,0,0,0,0,0,0,0,0,1.4,0.7,2,1,1,0,0,0,0,0,0,0
Molluscicide,0,0,0,0,0,0,0,0,0,0,0,0,0,0,0,0,0,0,0,0,0,0,0,0,1,0,1,0,1,0,0,0,0,0,0,0
Other pesticide,0,0,0,0,0,0,0,0,0,0,0,0,0,0,0,0,0,0,0,0,0,0,0,0,0,0,0,0,0,0,0,0,0,0,0,0
Maguindanao,Jul-Dec 2006 harvest,,,,,,Jan-Jun 2007 harvest,,,,,,Jul-Dec 2011 harvest,,,,,,Jan-Jun 2012 harvest,,,,,,Jul-Dec 2016 harvest,,,,,,Jan-Jun 2017 harvest,,,,,
Items,ALL ECOSYSTEMS,,IRRIGATED,,NON-IRRIGATED,,ALL ECOSYSTEMS,,IRRIGATED,,NON-IRRIGATED,,ALL ECOSYSTEMS,,IRRIGATED,,NON-IRRIGATED,,ALL ECOSYSTEMS,,IRRIGATED,,NON-IRRIGATED,,ALL ECOSYSTEMS,,IRRIGATED,,NON-IRRIGATED,,ALL ECOSYSTEMS,,IRRIGATED,,NON-IRRIGATED,
,(n = 37),,(n = 23),,(n = 14),,(n = 28),,(n = 28),,(n = 0),,(n = 65),,(n = 58),,(n = 7),,(n = 34),,(n = 31),,(n = 3),,(n = 82),,(n = 56),,(n = 26),,(n = 77),,(n = 43),,(n = 34),
,(average),,,,,,,,,,,,,,,,,,,,,,,,,,,,,,,,,,,
,Mean,SDa,Mean,SDa,Mean,SDa,Mean,SDa,Mean,SDa,Mean,SDa,Mean,SDa,Mean,SDa,Mean,SDa,Mean,SDa,Mean,SDa,Mean,SDa,Mean,SDa,Mean,SDa,Mean,SDa,Mean,SDa,Mean,SDa,Mean,SDa
Fertilizer,1.9,0.5,1.9,0.6,1.9,0.3,0.9,1.4,1.1,1.5,0,0,2.1,0.6,2.1,0.6,1.9,0.4,2.3,1.3,2.4,1.2,1,1,2.3,1,2.4,1,2,1.1,2.1,0.8,2.3,0.7,1.9,0.5
Herbicide,1,0.9,1.3,0.9,0.6,0.5,0.1,0.2,0.1,0.3,0,0,1.5,0.6,1.6,0.5,1.1,0.9,1.4,0.7,1.5,0.6,0.7,1.2,1.8,0.8,1.8,0.6,1.9,1,1.5,0.8,1.6,0.6,1.5,0.9
Insecticide,2.1,1.7,2.6,1.9,1,0,3,0.5,3,0.5,0,0,3.2,1,3.1,1,3.6,0.5,2,1.1,2,1.1,1.3,1.2,2.6,2.4,2.8,2.4,2.3,2.7,1.9,1.1,2.1,1,1.9,1.1
Fungicide,1.6,1.2,1.6,1.2,0,0,0,0,0,0,0,0,0,0.3,0.1,0.3,0,0,0.8,0.7,0.8,0.7,0.3,0.6,1.2,0.7,1,0,1.4,0.9,0.1,0.2,0.1,0.3,0,0
Rodenticide,1.6,0.7,1.6,0.7,0,0,1,0,1,0,0,0,0,0,0,0,0,0,0,0,0,0,0,0,1.3,0.9,1.3,0.8,1,0,0.2,0.4,0.2,0.5,0.2,0.4
Molluscicide,1,0,1,0,0,0,0,0,0,0,0,0,0,0,0,0,0,0,0,0,0,0,0,0,1.1,0.3,1,0.2,1.2,0.4,0.5,0.6,0.7,0.7,0.3,0.5
Other pesticide,1,0,1,0,0,0,0,0,0,0,0,0,0,0,0,0,0,0,0,0,0,0,0,0,0,0,0,0,0,0,0,0,0,0,0,0
